"operation","iteration","step1_ms","step2_ms","step3_ms","step4_ms","step5_ms","step6_ms","run_id","field","seed","engine_invocation_seed","payload_bits","payload_bytes","payload_ok","input_roundtrip_checked","c1_roundtrip_correct","c1_roundtrip_verified_slots","c2_roundtrip_correct","c2_roundtrip_verified_slots","correctness","result_verified_active_slots","step1_total_ms","step2_total_ms","step3_total_ms","step4_total_ms","step5_total_ms","step6_total_ms","eval_chain_ms","step_total_sum_ms","avg_step_ms","input_values","plaintext_result","decrypted_result","ciphertext_meta","c1_roundtrip_decrypted","c2_roundtrip_decrypted","ciphertext_artifacts_checked","c1_artifact_file","c1_artifact_saved_bytes","c1_artifact_saved_sha256","c1_artifact_loaded_bytes","c1_artifact_loaded_sha256","c1_artifact_match","c1_artifact_load_success","c2_artifact_file","c2_artifact_saved_bytes","c2_artifact_saved_sha256","c2_artifact_loaded_bytes","c2_artifact_loaded_sha256","c2_artifact_match","c2_artifact_load_success","chain_uses_loaded_inputs","encrypt_m1_ms","encrypt_m2_ms","encrypt_total_ms","step1_operand_align_ms","step1_operation_ms","step1_relinearize_ms","step1_result_mod_switch_ms","step2_operand_align_ms","step2_operation_ms","step2_relinearize_ms","step2_result_mod_switch_ms","step3_operand_align_ms","step3_operation_ms","step3_relinearize_ms","step3_result_mod_switch_ms","step4_operand_align_ms","step4_operation_ms","step4_relinearize_ms","step4_result_mod_switch_ms","step5_operand_align_ms","step5_operation_ms","step5_relinearize_ms","step5_result_mod_switch_ms","step6_operand_align_ms","step6_operation_ms","step6_relinearize_ms","step6_result_mod_switch_ms","step1_start_tick_ns","step1_end_tick_ns","step1_operand_align_end_tick_ns","step1_operation_end_tick_ns","step1_relinearize_end_tick_ns","step2_start_tick_ns","step2_end_tick_ns","step2_operand_align_end_tick_ns","step2_operation_end_tick_ns","step2_relinearize_end_tick_ns","step3_start_tick_ns","step3_end_tick_ns","step3_operand_align_end_tick_ns","step3_operation_end_tick_ns","step3_relinearize_end_tick_ns","step4_start_tick_ns","step4_end_tick_ns","step4_operand_align_end_tick_ns","step4_operation_end_tick_ns","step4_relinearize_end_tick_ns","step5_start_tick_ns","step5_end_tick_ns","step5_operand_align_end_tick_ns","step5_operation_end_tick_ns","step5_relinearize_end_tick_ns","step6_start_tick_ns","step6_end_tick_ns","step6_operand_align_end_tick_ns","step6_operation_end_tick_ns","step6_relinearize_end_tick_ns","decrypt_ms","total_ms","final_chain_index","noise_budget_bits","note"
"ADD","1","0.108800","0.098800","0.091400","0.099000","0.091300","0.098700","PACKAGE22_add_100_20260825_134055_850","Addition depth6","42","42","1024","128","true","true","true","32","true","32","true","32","0.108800","0.098800","0.091400","0.099000","0.091300","0.098700","0.588100","0.588000","0.098000","{""m1"":[29485,8188,49115,17056,45114,42527,50619,20778,33900,26501,25555,1166,25297,51885,49491,28640,20270,14607,32640,3372,43759,43593,16810,45099,4462,21358,56615,25363,6287,59636,10519,48436],""m2"":[53926,34465,222,18329,57540,52179,41091,31465,37959,39311,35102,25995,11633,45577,52871,43302,17005,53118,60931,61676,23095,62531,33230,6488,23615,21577,57749,8419,19597,17473,1807,5761]}","[17570,5073,515,57674,25391,64497,63601,46433,52866,27326,10915,17112,5013,16586,28892,47855,1021,21171,51205,1905,47710,34280,35856,3249,23156,19089,6485,61172,18402,28815,47497,14416]","[17570,5073,515,57674,25391,64497,63601,46433,52866,27326,10915,17112,5013,16586,28892,47855,1021,21171,51205,1905,47710,34280,35856,3249,23156,19089,6485,61172,18402,28815,47497,14416]","[{""label"":""c1=Enc(m1)"",""active_slots"":32,""logical_bits_per_active_slot"":16,""payload_bits_per_block"":512,""ciphertext_size"":2,""chain_index"":6,""fingerprint64"":""dd9342631ad8ee5a""},{""label"":""c2=Enc(m2)"",""active_slots"":32,""logical_bits_per_active_slot"":16,""payload_bits_per_block"":512,""ciphertext_size"":2,""chain_index"":6,""fingerprint64"":""b0beca37e55cb132""}]","[29485,8188,49115,17056,45114,42527,50619,20778,33900,26501,25555,1166,25297,51885,49491,28640,20270,14607,32640,3372,43759,43593,16810,45099,4462,21358,56615,25363,6287,59636,10519,48436]","[53926,34465,222,18329,57540,52179,41091,31465,37959,39311,35102,25995,11633,45577,52871,43302,17005,53118,60931,61676,23095,62531,33230,6488,23615,21577,57749,8419,19597,17473,1807,5761]","true","ciphertext_artifacts/add_iter001_c1.seal","1835121","f437a0c84031f3e0939a977223f295fe5c3a76ca9d0491f5dfa96373be161f10","1835121","f437a0c84031f3e0939a977223f295fe5c3a76ca9d0491f5dfa96373be161f10","true","true","ciphertext_artifacts/add_iter001_c2.seal","1835121","5d54455eb169b18bef40e4bd15587b1d70979c841b6dfc5703eb481aac97b2e0","1835121","5d54455eb169b18bef40e4bd15587b1d70979c841b6dfc5703eb481aac97b2e0","true","true","true","11.892800","11.293200","23.186000","0.000000","0.108800","0.000000","0.000000","0.000000","0.098800","0.000000","0.000000","0.000000","0.091400","0.000000","0.000000","0.000000","0.099000","0.000000","0.000000","0.000000","0.091300","0.000000","0.000000","0.000000","0.098700","0.000000","0.000000","27240592968000","27240593076800","","27240593076800","","27240593076800","27240593175600","","27240593175600","","27240593175600","27240593267000","","27240593267000","","27240593267000","27240593366000","","27240593366000","","27240593366000","27240593457300","","27240593457300","","27240593457400","27240593556100","","27240593556100","","2.027100","61.698700","6","263","total plaintext payload 1024bit; m1/m2 encrypted as c1/c2; six dependent additions measured individually; each step 100-run average is the comparison unit; eval_chain_ms is a continuous reference"
"ADD","2","0.112500","0.091500","0.091200","0.091500","0.091200","0.091500","PACKAGE22_add_100_20260825_134055_850","Addition depth6","42","-6748209959976139755","1024","128","true","true","true","32","true","32","true","32","0.112500","0.091500","0.091200","0.091500","0.091200","0.091500","0.569500","0.569400","0.094900","{""m1"":[26797,23121,56552,62335,26990,58139,33045,36378,52279,34872,12405,63133,59515,21338,56316,8023,51621,10868,11947,8852,54284,34812,48712,6283,14830,38650,57082,9051,37536,56273,53835,38811],""m2"":[26390,9817,46153,58314,15872,44106,2544,52445,10751,35414,22391,15826,58849,33483,8725,36295,14842,63042,2308,34537,7225,38072,7963,31762,24024,64674,12640,22049,12261,48321,44551,8988]}","[55284,56398,36982,31060,24502,37189,8738,40699,44758,49119,51256,37862,21385,54727,54828,9903,54399,35987,54712,7945,42200,56853,22126,54881,318,20937,4100,36814,55853,42370,21308,51134]","[55284,56398,36982,31060,24502,37189,8738,40699,44758,49119,51256,37862,21385,54727,54828,9903,54399,35987,54712,7945,42200,56853,22126,54881,318,20937,4100,36814,55853,42370,21308,51134]","[{""label"":""c1=Enc(m1)"",""active_slots"":32,""logical_bits_per_active_slot"":16,""payload_bits_per_block"":512,""ciphertext_size"":2,""chain_index"":6,""fingerprint64"":""23a0cce316f6a572""},{""label"":""c2=Enc(m2)"",""active_slots"":32,""logical_bits_per_active_slot"":16,""payload_bits_per_block"":512,""ciphertext_size"":2,""chain_index"":6,""fingerprint64"":""c3946d4b9dd1f346""}]","[26797,23121,56552,62335,26990,58139,33045,36378,52279,34872,12405,63133,59515,21338,56316,8023,51621,10868,11947,8852,54284,34812,48712,6283,14830,38650,57082,9051,37536,56273,53835,38811]","[26390,9817,46153,58314,15872,44106,2544,52445,10751,35414,22391,15826,58849,33483,8725,36295,14842,63042,2308,34537,7225,38072,7963,31762,24024,64674,12640,22049,12261,48321,44551,8988]","true","ciphertext_artifacts/add_iter002_c1.seal","1835121","e9b08a767bf84750c58ad5f0251bce65e7de1f284a77519a730f845a0d45e082","1835121","e9b08a767bf84750c58ad5f0251bce65e7de1f284a77519a730f845a0d45e082","true","true","ciphertext_artifacts/add_iter002_c2.seal","1835121","3399c4916053c0bba5eeaff45eb3508306616db170cb4125b8bc3b7e4d8fa80e","1835121","3399c4916053c0bba5eeaff45eb3508306616db170cb4125b8bc3b7e4d8fa80e","true","true","true","13.361700","11.364000","24.725700","0.000000","0.112500","0.000000","0.000000","0.000000","0.091500","0.000000","0.000000","0.000000","0.091200","0.000000","0.000000","0.000000","0.091500","0.000000","0.000000","0.000000","0.091200","0.000000","0.000000","0.000000","0.091500","0.000000","0.000000","27241368643400","27241368755900","","27241368755900","","27241368755900","27241368847400","","27241368847400","","27241368847400","27241368938600","","27241368938600","","27241368938600","27241369030100","","27241369030100","","27241369030100","27241369121300","","27241369121300","","27241369121300","27241369212800","","27241369212800","","2.019500","63.203300","6","262","total plaintext payload 1024bit; m1/m2 encrypted as c1/c2; six dependent additions measured individually; each step 100-run average is the comparison unit; eval_chain_ms is a continuous reference"
"ADD","3","0.110400","0.094400","0.090700","0.094000","0.090700","0.094100","PACKAGE22_add_100_20260825_134055_850","Addition depth6","42","4940752896428148736","1024","128","true","true","true","32","true","32","true","32","0.110400","0.094400","0.090700","0.094000","0.090700","0.094100","0.574400","0.574300","0.095717","{""m1"":[14948,57269,33573,38216,48147,3081,36148,24693,62392,47924,8435,49014,29668,24206,55814,20620,36523,45143,12025,22335,12731,44778,35617,30009,21388,40880,37282,11573,20920,51919,44137,8905],""m2"":[45532,65172,26993,33645,964,29593,32981,38617,57157,27114,26408,23425,23165,57989,27741,50357,10938,35545,55511,52801,57337,13191,17248,48660,25947,2053,34678,44485,8969,4815,59906,8011]}","[65314,31370,18660,57188,64406,35566,46924,18012,27817,10890,47427,4183,57093,8643,44331,36940,47832,25059,18022,51132,26324,22074,63138,3868,32319,38605,56551,48673,45050,25510,28581,59653]","[65314,31370,18660,57188,64406,35566,46924,18012,27817,10890,47427,4183,57093,8643,44331,36940,47832,25059,18022,51132,26324,22074,63138,3868,32319,38605,56551,48673,45050,25510,28581,59653]","[{""label"":""c1=Enc(m1)"",""active_slots"":32,""logical_bits_per_active_slot"":16,""payload_bits_per_block"":512,""ciphertext_size"":2,""chain_index"":6,""fingerprint64"":""5347a27b483ddb89""},{""label"":""c2=Enc(m2)"",""active_slots"":32,""logical_bits_per_active_slot"":16,""payload_bits_per_block"":512,""ciphertext_size"":2,""chain_index"":6,""fingerprint64"":""3e521abf7bb77b9e""}]","[14948,57269,33573,38216,48147,3081,36148,24693,62392,47924,8435,49014,29668,24206,55814,20620,36523,45143,12025,22335,12731,44778,35617,30009,21388,40880,37282,11573,20920,51919,44137,8905]","[45532,65172,26993,33645,964,29593,32981,38617,57157,27114,26408,23425,23165,57989,27741,50357,10938,35545,55511,52801,57337,13191,17248,48660,25947,2053,34678,44485,8969,4815,59906,8011]","true","ciphertext_artifacts/add_iter003_c1.seal","1835121","b070f83e504dbf49f509778bff45e7ac06840e76b41adb5946dad9f6013f0a37","1835121","b070f83e504dbf49f509778bff45e7ac06840e76b41adb5946dad9f6013f0a37","true","true","ciphertext_artifacts/add_iter003_c2.seal","1835121","7f8f057ee6567e989e554306924fb7d9683a98f1fe58fbff479217ff2d43fb9c","1835121","7f8f057ee6567e989e554306924fb7d9683a98f1fe58fbff479217ff2d43fb9c","true","true","true","11.390200","11.024400","22.414600","0.000000","0.110400","0.000000","0.000000","0.000000","0.094400","0.000000","0.000000","0.000000","0.090700","0.000000","0.000000","0.000000","0.094000","0.000000","0.000000","0.000000","0.090700","0.000000","0.000000","0.000000","0.094100","0.000000","0.000000","27242119228600","27242119339000","","27242119339000","","27242119339000","27242119433400","","27242119433400","","27242119433400","27242119524100","","27242119524100","","27242119524100","27242119618100","","27242119618100","","27242119618100","27242119708800","","27242119708800","","27242119708800","27242119802900","","27242119802900","","2.052600","60.356500","6","263","total plaintext payload 1024bit; m1/m2 encrypted as c1/c2; six dependent additions measured individually; each step 100-run average is the comparison unit; eval_chain_ms is a continuous reference"
"ADD","4","0.106300","0.101400","0.093000","0.095900","0.096700","0.094900","PACKAGE22_add_100_20260825_134055_850","Addition depth6","42","-1807457080762463125","1024","128","true","true","true","32","true","32","true","32","0.106300","0.101400","0.093000","0.095900","0.096700","0.094900","0.588400","0.588200","0.098033","{""m1"":[56032,43775,41382,3523,8155,42073,47809,44748,751,7612,48284,16951,10009,30946,16957,34545,27296,54054,16574,15751,56698,17350,38561,47615,48650,15110,34313,49614,956,23625,16007,60914],""m2"":[37471,56021,45321,11543,55996,14529,59090,50090,51489,59576,37803,15562,20423,52381,38308,14850,61914,49018,29484,18592,44322,21727,19541,5255,49635,11432,20196,38524,58374,9503,49913,26553]}","[8856,15478,39343,48721,3997,15268,40821,1577,26397,12565,44397,48953,35768,18779,51678,51656,32778,35585,23674,53243,32073,3507,16256,9614,15820,29199,1229,51880,47872,57472,17156,61167]","[8856,15478,39343,48721,3997,15268,40821,1577,26397,12565,44397,48953,35768,18779,51678,51656,32778,35585,23674,53243,32073,3507,16256,9614,15820,29199,1229,51880,47872,57472,17156,61167]","[{""label"":""c1=Enc(m1)"",""active_slots"":32,""logical_bits_per_active_slot"":16,""payload_bits_per_block"":512,""ciphertext_size"":2,""chain_index"":6,""fingerprint64"":""257d052396bd169f""},{""label"":""c2=Enc(m2)"",""active_slots"":32,""logical_bits_per_active_slot"":16,""payload_bits_per_block"":512,""ciphertext_size"":2,""chain_index"":6,""fingerprint64"":""4f997f9bf4d77aa3""}]","[56032,43775,41382,3523,8155,42073,47809,44748,751,7612,48284,16951,10009,30946,16957,34545,27296,54054,16574,15751,56698,17350,38561,47615,48650,15110,34313,49614,956,23625,16007,60914]","[37471,56021,45321,11543,55996,14529,59090,50090,51489,59576,37803,15562,20423,52381,38308,14850,61914,49018,29484,18592,44322,21727,19541,5255,49635,11432,20196,38524,58374,9503,49913,26553]","true","ciphertext_artifacts/add_iter004_c1.seal","1835121","565dd8b1f292a8e789c57ef33a4c72e17a07f7e66d8c98160ae6cc5721936ee4","1835121","565dd8b1f292a8e789c57ef33a4c72e17a07f7e66d8c98160ae6cc5721936ee4","true","true","ciphertext_artifacts/add_iter004_c2.seal","1835121","1a48715043c6388a497936735a88daca644be3d71e746ee3808f764faa9bdf45","1835121","1a48715043c6388a497936735a88daca644be3d71e746ee3808f764faa9bdf45","true","true","true","12.822900","11.474900","24.297800","0.000000","0.106300","0.000000","0.000000","0.000000","0.101400","0.000000","0.000000","0.000000","0.093000","0.000000","0.000000","0.000000","0.095900","0.000000","0.000000","0.000000","0.096700","0.000000","0.000000","0.000000","0.094900","0.000000","0.000000","27242870751800","27242870858100","","27242870858100","","27242870858100","27242870959500","","27242870959500","","27242870959500","27242871052500","","27242871052500","","27242871052600","27242871148500","","27242871148500","","27242871148600","27242871245300","","27242871245300","","27242871245300","27242871340200","","27242871340200","","2.055300","66.146500","6","263","total plaintext payload 1024bit; m1/m2 encrypted as c1/c2; six dependent additions measured individually; each step 100-run average is the comparison unit; eval_chain_ms is a continuous reference"
"ADD","5","0.106300","0.093200","0.091100","0.092800","0.091100","0.092800","PACKAGE22_add_100_20260825_134055_850","Addition depth6","42","-8565255890251411370","1024","128","true","true","true","32","true","32","true","32","0.106300","0.093200","0.091100","0.092800","0.091100","0.092800","0.567300","0.567300","0.094550","{""m1"":[59550,12408,61602,64731,15713,42391,14984,8160,36551,30033,10910,28900,754,16284,65125,61272,54351,37044,38830,58475,42910,21787,36650,41542,3334,50430,64199,28834,32807,26292,32265,45808],""m2"":[45586,55132,43,7562,56495,6693,13380,53336,4167,16594,58036,23416,58522,13635,2625,57590,49671,33609,8167,44539,21027,23681,19536,52595,49743,5482,8907,57323,44404,44039,10115,32585]}","[47273,18417,49926,19462,35726,58569,34539,61574,27631,38840,21137,54774,47508,40504,6227,24636,38732,52392,48747,39832,38110,27117,8597,61805,31491,21555,21369,25157,2292,40674,28331,18839]","[47273,18417,49926,19462,35726,58569,34539,61574,27631,38840,21137,54774,47508,40504,6227,24636,38732,52392,48747,39832,38110,27117,8597,61805,31491,21555,21369,25157,2292,40674,28331,18839]","[{""label"":""c1=Enc(m1)"",""active_slots"":32,""logical_bits_per_active_slot"":16,""payload_bits_per_block"":512,""ciphertext_size"":2,""chain_index"":6,""fingerprint64"":""57dd8b3aea537fa7""},{""label"":""c2=Enc(m2)"",""active_slots"":32,""logical_bits_per_active_slot"":16,""payload_bits_per_block"":512,""ciphertext_size"":2,""chain_index"":6,""fingerprint64"":""d51c61ca78f9d93d""}]","[59550,12408,61602,64731,15713,42391,14984,8160,36551,30033,10910,28900,754,16284,65125,61272,54351,37044,38830,58475,42910,21787,36650,41542,3334,50430,64199,28834,32807,26292,32265,45808]","[45586,55132,43,7562,56495,6693,13380,53336,4167,16594,58036,23416,58522,13635,2625,57590,49671,33609,8167,44539,21027,23681,19536,52595,49743,5482,8907,57323,44404,44039,10115,32585]","true","ciphertext_artifacts/add_iter005_c1.seal","1835121","ffa4e6e7c24eb06bf7ddb1bd6b7fa3feb63663dfaa2a8d3d9d6b2e06add92280","1835121","ffa4e6e7c24eb06bf7ddb1bd6b7fa3feb63663dfaa2a8d3d9d6b2e06add92280","true","true","ciphertext_artifacts/add_iter005_c2.seal","1835121","392035dbe6687fd81709bd07e4580c88cfcf988e1576a91f479175e233b79c7b","1835121","392035dbe6687fd81709bd07e4580c88cfcf988e1576a91f479175e233b79c7b","true","true","true","11.501700","11.058700","22.560400","0.000000","0.106300","0.000000","0.000000","0.000000","0.093200","0.000000","0.000000","0.000000","0.091100","0.000000","0.000000","0.000000","0.092800","0.000000","0.000000","0.000000","0.091100","0.000000","0.000000","0.000000","0.092800","0.000000","0.000000","27243627478600","27243627584900","","27243627584900","","27243627584900","27243627678100","","27243627678100","","27243627678100","27243627769200","","27243627769200","","27243627769200","27243627862000","","27243627862000","","27243627862000","27243627953100","","27243627953100","","27243627953100","27243628045900","","27243628045900","","2.037400","60.993200","6","263","total plaintext payload 1024bit; m1/m2 encrypted as c1/c2; six dependent additions measured individually; each step 100-run average is the comparison unit; eval_chain_ms is a continuous reference"
"ADD","6","0.110400","0.091400","0.090800","0.091300","0.090700","0.091300","PACKAGE22_add_100_20260825_134055_850","Addition depth6","42","3133278154759902273","1024","128","true","true","true","32","true","32","true","32","0.110400","0.091400","0.090800","0.091300","0.090700","0.091300","0.566100","0.565900","0.094317","{""m1"":[24800,62763,64414,28207,1314,11801,61506,49964,16171,36131,32730,27122,58974,35041,53452,3276,5527,34239,32866,29832,28976,20824,36415,8082,7975,25794,53197,9622,42449,12197,37549,38193],""m2"":[25666,21312,9845,48730,56015,22041,37198,25707,9401,49921,48461,28855,37433,63184,45910,44979,23509,19398,23244,30836,49875,20572,14183,59941,4789,36624,46089,1390,21276,15864,7046,2493]}","[45124,52840,25043,62407,42227,47790,29933,14829,27350,32139,14155,63979,20510,2031,23853,16967,27098,64076,4585,15225,3381,13938,57135,15540,46267,16437,23370,42658,37013,30843,40260,29177]","[45124,52840,25043,62407,42227,47790,29933,14829,27350,32139,14155,63979,20510,2031,23853,16967,27098,64076,4585,15225,3381,13938,57135,15540,46267,16437,23370,42658,37013,30843,40260,29177]","[{""label"":""c1=Enc(m1)"",""active_slots"":32,""logical_bits_per_active_slot"":16,""payload_bits_per_block"":512,""ciphertext_size"":2,""chain_index"":6,""fingerprint64"":""041567e39809ab3a""},{""label"":""c2=Enc(m2)"",""active_slots"":32,""logical_bits_per_active_slot"":16,""payload_bits_per_block"":512,""ciphertext_size"":2,""chain_index"":6,""fingerprint64"":""8e2aff87b5a02948""}]","[24800,62763,64414,28207,1314,11801,61506,49964,16171,36131,32730,27122,58974,35041,53452,3276,5527,34239,32866,29832,28976,20824,36415,8082,7975,25794,53197,9622,42449,12197,37549,38193]","[25666,21312,9845,48730,56015,22041,37198,25707,9401,49921,48461,28855,37433,63184,45910,44979,23509,19398,23244,30836,49875,20572,14183,59941,4789,36624,46089,1390,21276,15864,7046,2493]","true","ciphertext_artifacts/add_iter006_c1.seal","1835121","a6016be90db790bc657cdfa31cb995df97d9a6e5cbb2624eced7b6aac19343b7","1835121","a6016be90db790bc657cdfa31cb995df97d9a6e5cbb2624eced7b6aac19343b7","true","true","ciphertext_artifacts/add_iter006_c2.seal","1835121","e9b757b826c2be31a03236d25823dc6af8982191c8607abb4a4bdf21403973b3","1835121","e9b757b826c2be31a03236d25823dc6af8982191c8607abb4a4bdf21403973b3","true","true","true","11.697300","11.011200","22.708500","0.000000","0.110400","0.000000","0.000000","0.000000","0.091400","0.000000","0.000000","0.000000","0.090800","0.000000","0.000000","0.000000","0.091300","0.000000","0.000000","0.000000","0.090700","0.000000","0.000000","0.000000","0.091300","0.000000","0.000000","27244381163100","27244381273500","","27244381273500","","27244381273600","27244381365000","","27244381365000","","27244381365000","27244381455800","","27244381455800","","27244381455800","27244381547100","","27244381547100","","27244381547100","27244381637800","","27244381637800","","27244381637900","27244381729200","","27244381729200","","2.041500","59.929900","6","262","total plaintext payload 1024bit; m1/m2 encrypted as c1/c2; six dependent additions measured individually; each step 100-run average is the comparison unit; eval_chain_ms is a continuous reference"
"ADD","7","0.116000","0.094100","0.092100","0.092100","0.095400","0.090900","PACKAGE22_add_100_20260825_134055_850","Addition depth6","42","-3624503062568953684","1024","128","true","true","true","32","true","32","true","32","0.116000","0.094100","0.092100","0.092100","0.095400","0.090900","0.580600","0.580600","0.096767","{""m1"":[23903,35556,17009,53471,749,41482,52110,62047,26859,63363,48222,42284,48574,58632,447,26821,12396,28546,61500,9359,27713,28361,62414,1231,12993,64665,56030,1561,53853,23686,44804,41980],""m2"":[51419,53007,16890,58713,61973,56627,39343,5780,59945,53728,49798,7984,32185,13773,46618,52079,54034,38871,4988,23366,17954,26717,54196,16225,50897,21768,1383,6582,23721,28590,47943,17627]}","[53258,39097,53169,62338,57841,8124,64321,3380,25123,21414,14597,62014,28703,13699,10568,1373,15075,34186,64353,41997,33640,62521,19022,53599,8052,61816,31658,25990,24427,49440,60897,24190]","[53258,39097,53169,62338,57841,8124,64321,3380,25123,21414,14597,62014,28703,13699,10568,1373,15075,34186,64353,41997,33640,62521,19022,53599,8052,61816,31658,25990,24427,49440,60897,24190]","[{""label"":""c1=Enc(m1)"",""active_slots"":32,""logical_bits_per_active_slot"":16,""payload_bits_per_block"":512,""ciphertext_size"":2,""chain_index"":6,""fingerprint64"":""8c3c9823b342038d""},{""label"":""c2=Enc(m2)"",""active_slots"":32,""logical_bits_per_active_slot"":16,""payload_bits_per_block"":512,""ciphertext_size"":2,""chain_index"":6,""fingerprint64"":""f9eb8311c23b93f1""}]","[23903,35556,17009,53471,749,41482,52110,62047,26859,63363,48222,42284,48574,58632,447,26821,12396,28546,61500,9359,27713,28361,62414,1231,12993,64665,56030,1561,53853,23686,44804,41980]","[51419,53007,16890,58713,61973,56627,39343,5780,59945,53728,49798,7984,32185,13773,46618,52079,54034,38871,4988,23366,17954,26717,54196,16225,50897,21768,1383,6582,23721,28590,47943,17627]","true","ciphertext_artifacts/add_iter007_c1.seal","1835121","e7ebde7cd6f05182bcc683c1a240c207d48a313856f5ca3959ecf4b493a1fc6b","1835121","e7ebde7cd6f05182bcc683c1a240c207d48a313856f5ca3959ecf4b493a1fc6b","true","true","ciphertext_artifacts/add_iter007_c2.seal","1835121","0935b19986bedd0fa79b9f11dd72dd4d91aff733b09ebcefd7fb7544664d11d5","1835121","0935b19986bedd0fa79b9f11dd72dd4d91aff733b09ebcefd7fb7544664d11d5","true","true","true","11.460900","11.162700","22.623600","0.000000","0.116000","0.000000","0.000000","0.000000","0.094100","0.000000","0.000000","0.000000","0.092100","0.000000","0.000000","0.000000","0.092100","0.000000","0.000000","0.000000","0.095400","0.000000","0.000000","0.000000","0.090900","0.000000","0.000000","27245150764600","27245150880600","","27245150880600","","27245150880600","27245150974700","","27245150974700","","27245150974700","27245151066800","","27245151066800","","27245151066800","27245151158900","","27245151158900","","27245151158900","27245151254300","","27245151254300","","27245151254300","27245151345200","","27245151345200","","2.025400","60.809900","6","262","total plaintext payload 1024bit; m1/m2 encrypted as c1/c2; six dependent additions measured individually; each step 100-run average is the comparison unit; eval_chain_ms is a continuous reference"
"ADD","8","0.108200","0.091700","0.091200","0.094900","0.090700","0.090700","PACKAGE22_add_100_20260825_134055_850","Addition depth6","42","8037997838901812375","1024","128","true","true","true","32","true","32","true","32","0.108200","0.091700","0.091200","0.094900","0.090700","0.090700","0.567500","0.567400","0.094567","{""m1"":[35885,5320,40376,7163,44766,45306,23790,51067,39041,26384,49408,23351,16193,43506,28696,4668,20839,64180,19002,3011,3024,3531,62995,38259,32825,47666,14599,6900,3381,56624,48421,58413],""m2"":[36440,61095,58366,33929,45316,2985,43238,21183,56490,185,11086,31405,5811,2681,62225,33323,24607,29828,909,29538,45364,5750,22031,54803,50677,31361,38163,5101,16573,62011,48880,31920]}","[56249,7954,8917,64902,52864,59105,28263,5669,63486,40554,34279,56545,16668,50993,39311,53104,26103,18519,13198,35121,17114,31374,55925,55297,21183,22599,41811,42903,63243,19307,12639,1727]","[56249,7954,8917,64902,52864,59105,28263,5669,63486,40554,34279,56545,16668,50993,39311,53104,26103,18519,13198,35121,17114,31374,55925,55297,21183,22599,41811,42903,63243,19307,12639,1727]","[{""label"":""c1=Enc(m1)"",""active_slots"":32,""logical_bits_per_active_slot"":16,""payload_bits_per_block"":512,""ciphertext_size"":2,""chain_index"":6,""fingerprint64"":""6c5f73e2743e7d4b""},{""label"":""c2=Enc(m2)"",""active_slots"":32,""logical_bits_per_active_slot"":16,""payload_bits_per_block"":512,""ciphertext_size"":2,""chain_index"":6,""fingerprint64"":""9661e82e43c219e5""}]","[35885,5320,40376,7163,44766,45306,23790,51067,39041,26384,49408,23351,16193,43506,28696,4668,20839,64180,19002,3011,3024,3531,62995,38259,32825,47666,14599,6900,3381,56624,48421,58413]","[36440,61095,58366,33929,45316,2985,43238,21183,56490,185,11086,31405,5811,2681,62225,33323,24607,29828,909,29538,45364,5750,22031,54803,50677,31361,38163,5101,16573,62011,48880,31920]","true","ciphertext_artifacts/add_iter008_c1.seal","1835121","c490038d210e56900305f010f40bd90cdb5f64de49664875ce9a1ef8f1f03e3f","1835121","c490038d210e56900305f010f40bd90cdb5f64de49664875ce9a1ef8f1f03e3f","true","true","ciphertext_artifacts/add_iter008_c2.seal","1835121","e81d40198129f1c9b3a8e4673c61c23a0f2354da469e0845bf7c19e5052586ec","1835121","e81d40198129f1c9b3a8e4673c61c23a0f2354da469e0845bf7c19e5052586ec","true","true","true","11.366400","10.973700","22.340100","0.000000","0.108200","0.000000","0.000000","0.000000","0.091700","0.000000","0.000000","0.000000","0.091200","0.000000","0.000000","0.000000","0.094900","0.000000","0.000000","0.000000","0.090700","0.000000","0.000000","0.000000","0.090700","0.000000","0.000000","27245893666800","27245893775000","","27245893775000","","27245893775000","27245893866700","","27245893866700","","27245893866700","27245893957900","","27245893957900","","27245893957900","27245894052800","","27245894052800","","27245894052900","27245894143600","","27245894143600","","27245894143600","27245894234300","","27245894234300","","2.026600","59.817900","6","263","total plaintext payload 1024bit; m1/m2 encrypted as c1/c2; six dependent additions measured individually; each step 100-run average is the comparison unit; eval_chain_ms is a continuous reference"
"ADD","9","0.113300","0.093000","0.092000","0.093000","0.092000","0.093200","PACKAGE22_add_100_20260825_134055_850","Addition depth6","42","1280216621613588610","1024","128","true","true","true","32","true","32","true","32","0.113300","0.093000","0.092000","0.093000","0.092000","0.093200","0.576600","0.576500","0.096083","{""m1"":[46945,14826,37394,58655,22558,22396,25470,52621,45570,21532,44231,32990,28986,59618,61319,42985,61815,63245,27871,61738,41417,8241,30851,48499,13626,13070,64053,4848,20701,60083,40378,58789],""m2"":[56388,1965,47505,4559,51644,33697,13768,53630,15316,46262,42546,23700,46045,10626,38132,43355,2662,40376,51158,9268,1418,48615,57132,56917,21376,16576,34722,34537,49585,49608,18457,39490]}","[29259,65199,29943,51686,48553,59601,12110,43689,31617,28303,42414,6449,57468,8202,31987,39857,58635,46423,2810,12608,38848,47735,32652,37062,53095,36471,32693,57466,34948,61471,20272,25941]","[29259,65199,29943,51686,48553,59601,12110,43689,31617,28303,42414,6449,57468,8202,31987,39857,58635,46423,2810,12608,38848,47735,32652,37062,53095,36471,32693,57466,34948,61471,20272,25941]","[{""label"":""c1=Enc(m1)"",""active_slots"":32,""logical_bits_per_active_slot"":16,""payload_bits_per_block"":512,""ciphertext_size"":2,""chain_index"":6,""fingerprint64"":""cced5565bf3fd6f0""},{""label"":""c2=Enc(m2)"",""active_slots"":32,""logical_bits_per_active_slot"":16,""payload_bits_per_block"":512,""ciphertext_size"":2,""chain_index"":6,""fingerprint64"":""aa3412c3fb5c2530""}]","[46945,14826,37394,58655,22558,22396,25470,52621,45570,21532,44231,32990,28986,59618,61319,42985,61815,63245,27871,61738,41417,8241,30851,48499,13626,13070,64053,4848,20701,60083,40378,58789]","[56388,1965,47505,4559,51644,33697,13768,53630,15316,46262,42546,23700,46045,10626,38132,43355,2662,40376,51158,9268,1418,48615,57132,56917,21376,16576,34722,34537,49585,49608,18457,39490]","true","ciphertext_artifacts/add_iter009_c1.seal","1835121","ca5cd5dad9f523d037fddcc4f520d168a53ec674830e3ee8c146a6beeb790037","1835121","ca5cd5dad9f523d037fddcc4f520d168a53ec674830e3ee8c146a6beeb790037","true","true","ciphertext_artifacts/add_iter009_c2.seal","1835121","65f2e4d577d4de3bae77867c4dfd2fd6901f6bf59fd9a0c15b12d8c551169f7f","1835121","65f2e4d577d4de3bae77867c4dfd2fd6901f6bf59fd9a0c15b12d8c551169f7f","true","true","true","13.671500","11.564800","25.236300","0.000000","0.113300","0.000000","0.000000","0.000000","0.093000","0.000000","0.000000","0.000000","0.092000","0.000000","0.000000","0.000000","0.093000","0.000000","0.000000","0.000000","0.092000","0.000000","0.000000","0.000000","0.093200","0.000000","0.000000","27246643120700","27246643234000","","27246643234000","","27246643234000","27246643327000","","27246643327000","","27246643327000","27246643419000","","27246643419000","","27246643419100","27246643512100","","27246643512100","","27246643512100","27246643604100","","27246643604100","","27246643604100","27246643697300","","27246643697300","","2.137700","62.245900","6","263","total plaintext payload 1024bit; m1/m2 encrypted as c1/c2; six dependent additions measured individually; each step 100-run average is the comparison unit; eval_chain_ms is a continuous reference"
"ADD","10","0.105900","0.091000","0.090600","0.090600","0.090600","0.090600","PACKAGE22_add_100_20260825_134055_850","Addition depth6","42","-5756241856473946899","1024","128","true","true","true","32","true","32","true","32","0.105900","0.091000","0.090600","0.090600","0.090600","0.090600","0.559300","0.559300","0.093217","{""m1"":[59406,59519,41536,25062,565,9206,43034,32382,1356,402,43946,64424,3471,38278,30664,51836,23120,23999,35739,55382,62359,1771,36880,64206,9970,54206,42730,57068,44353,24482,50648,34655],""m2"":[33224,33563,29223,8810,44420,138,15223,62622,15666,6551,22642,17788,9713,49759,56059,36069,62314,34058,25540,24475,4538,62649,59064,62847,23606,47425,5251,28664,7429,18632,25864,35136]}","[9611,11080,57202,61141,4446,37238,21194,55246,52422,21261,47099,48912,43023,40241,28685,53403,17274,1559,22965,32805,902,63957,62564,52143,45161,31414,55599,52116,3088,22750,18036,47417]","[9611,11080,57202,61141,4446,37238,21194,55246,52422,21261,47099,48912,43023,40241,28685,53403,17274,1559,22965,32805,902,63957,62564,52143,45161,31414,55599,52116,3088,22750,18036,47417]","[{""label"":""c1=Enc(m1)"",""active_slots"":32,""logical_bits_per_active_slot"":16,""payload_bits_per_block"":512,""ciphertext_size"":2,""chain_index"":6,""fingerprint64"":""d9b2dbbe6c44312f""},{""label"":""c2=Enc(m2)"",""active_slots"":32,""logical_bits_per_active_slot"":16,""payload_bits_per_block"":512,""ciphertext_size"":2,""chain_index"":6,""fingerprint64"":""edd80d7efee8a853""}]","[59406,59519,41536,25062,565,9206,43034,32382,1356,402,43946,64424,3471,38278,30664,51836,23120,23999,35739,55382,62359,1771,36880,64206,9970,54206,42730,57068,44353,24482,50648,34655]","[33224,33563,29223,8810,44420,138,15223,62622,15666,6551,22642,17788,9713,49759,56059,36069,62314,34058,25540,24475,4538,62649,59064,62847,23606,47425,5251,28664,7429,18632,25864,35136]","true","ciphertext_artifacts/add_iter010_c1.seal","1835121","4076b747e997a9f3f08a75ce2a21baec8f38d8e5f1a4388a30d565ebc778a28b","1835121","4076b747e997a9f3f08a75ce2a21baec8f38d8e5f1a4388a30d565ebc778a28b","true","true","ciphertext_artifacts/add_iter010_c2.seal","1835121","6ee66cb8329e70f57ecd8c7a3c3d837dde171b8ec9bb36ecb00dfa9c9ca76beb","1835121","6ee66cb8329e70f57ecd8c7a3c3d837dde171b8ec9bb36ecb00dfa9c9ca76beb","true","true","true","11.399000","10.973700","22.372700","0.000000","0.105900","0.000000","0.000000","0.000000","0.091000","0.000000","0.000000","0.000000","0.090600","0.000000","0.000000","0.000000","0.090600","0.000000","0.000000","0.000000","0.090600","0.000000","0.000000","0.000000","0.090600","0.000000","0.000000","27247388124200","27247388230100","","27247388230100","","27247388230100","27247388321100","","27247388321100","","27247388321100","27247388411700","","27247388411700","","27247388411700","27247388502300","","27247388502300","","27247388502300","27247388592900","","27247388592900","","27247388592900","27247388683500","","27247388683500","","2.079500","59.589100","6","263","total plaintext payload 1024bit; m1/m2 encrypted as c1/c2; six dependent additions measured individually; each step 100-run average is the comparison unit; eval_chain_ms is a continuous reference"
"ADD","11","0.106800","0.090700","0.095500","0.091700","0.091300","0.090700","PACKAGE22_add_100_20260825_134055_850","Addition depth6","42","5932722030707812568","1024","128","true","true","true","32","true","32","true","32","0.106800","0.090700","0.095500","0.091700","0.091300","0.090700","0.566700","0.566700","0.094450","{""m1"":[13571,52202,35938,63272,686,29866,65504,9078,18374,35912,16775,7867,42749,37951,19511,63913,11699,43808,50417,45088,41143,29583,33991,37617,59631,24604,53049,5909,19284,183,60232,49178],""m2"":[64016,18728,41719,22285,26859,21681,17159,3926,40001,12120,41891,28718,8743,65176,45702,22693,32881,15933,24485,11916,53982,9049,7656,56881,20132,52936,64754,43183,122,57906,15357,1712]}","[49721,2844,6761,57795,17784,53433,51345,48090,62425,48934,61699,52085,614,19647,18539,61583,14365,26420,12975,19489,64370,14405,27858,58963,36772,60613,13236,22111,11965,43376,24851,5237]","[49721,2844,6761,57795,17784,53433,51345,48090,62425,48934,61699,52085,614,19647,18539,61583,14365,26420,12975,19489,64370,14405,27858,58963,36772,60613,13236,22111,11965,43376,24851,5237]","[{""label"":""c1=Enc(m1)"",""active_slots"":32,""logical_bits_per_active_slot"":16,""payload_bits_per_block"":512,""ciphertext_size"":2,""chain_index"":6,""fingerprint64"":""a1ca4fd046e66852""},{""label"":""c2=Enc(m2)"",""active_slots"":32,""logical_bits_per_active_slot"":16,""payload_bits_per_block"":512,""ciphertext_size"":2,""chain_index"":6,""fingerprint64"":""b3843daf0b54c653""}]","[13571,52202,35938,63272,686,29866,65504,9078,18374,35912,16775,7867,42749,37951,19511,63913,11699,43808,50417,45088,41143,29583,33991,37617,59631,24604,53049,5909,19284,183,60232,49178]","[64016,18728,41719,22285,26859,21681,17159,3926,40001,12120,41891,28718,8743,65176,45702,22693,32881,15933,24485,11916,53982,9049,7656,56881,20132,52936,64754,43183,122,57906,15357,1712]","true","ciphertext_artifacts/add_iter011_c1.seal","1835121","01d16e22e7a8a35316b9bd37221e1350eaec6bed02dfc1a1f18f6472f5c4f1a6","1835121","01d16e22e7a8a35316b9bd37221e1350eaec6bed02dfc1a1f18f6472f5c4f1a6","true","true","ciphertext_artifacts/add_iter011_c2.seal","1835121","88c5e4a1a642450421ab90af50e9515ec8dabe23b17903435d2667b6d984a5b2","1835121","88c5e4a1a642450421ab90af50e9515ec8dabe23b17903435d2667b6d984a5b2","true","true","true","11.594800","11.060400","22.655200","0.000000","0.106800","0.000000","0.000000","0.000000","0.090700","0.000000","0.000000","0.000000","0.095500","0.000000","0.000000","0.000000","0.091700","0.000000","0.000000","0.000000","0.091300","0.000000","0.000000","0.000000","0.090700","0.000000","0.000000","27248134164600","27248134271400","","27248134271400","","27248134271400","27248134362100","","27248134362100","","27248134362100","27248134457600","","27248134457600","","27248134457600","27248134549300","","27248134549300","","27248134549300","27248134640600","","27248134640600","","27248134640600","27248134731300","","27248134731300","","2.065300","58.958000","6","262","total plaintext payload 1024bit; m1/m2 encrypted as c1/c2; six dependent additions measured individually; each step 100-run average is the comparison unit; eval_chain_ms is a continuous reference"
"ADD","12","0.109300","0.092800","0.090900","0.092400","0.090800","0.096800","PACKAGE22_add_100_20260825_134055_850","Addition depth6","42","-815489045978698557","1024","128","true","true","true","32","true","32","true","32","0.109300","0.092800","0.090900","0.092400","0.090800","0.096800","0.573100","0.573000","0.095500","{""m1"":[37928,39379,45092,21853,22739,4965,32789,23488,32431,16172,21529,48099,55954,58622,57062,21959,49872,38601,7230,61767,6721,46921,8166,56995,19557,9925,33075,64366,24762,24248,6415,14682],""m2"":[31068,45576,9807,54478,31005,56361,38286,56910,14159,62580,56174,49467,23214,1388,45435,9938,52023,59370,21475,44879,22162,42303,15580,32724,30069,7373,21870,64724,54231,3948,55577,15765]}","[48305,32096,13178,54235,52897,57869,49403,2534,41127,55817,58027,13112,31310,42041,36868,52113,27872,4829,27808,54020,27833,52445,13867,64004,37361,61819,1299,58414,65130,43299,61317,40486]","[48305,32096,13178,54235,52897,57869,49403,2534,41127,55817,58027,13112,31310,42041,36868,52113,27872,4829,27808,54020,27833,52445,13867,64004,37361,61819,1299,58414,65130,43299,61317,40486]","[{""label"":""c1=Enc(m1)"",""active_slots"":32,""logical_bits_per_active_slot"":16,""payload_bits_per_block"":512,""ciphertext_size"":2,""chain_index"":6,""fingerprint64"":""a8e74f26bafb85cc""},{""label"":""c2=Enc(m2)"",""active_slots"":32,""logical_bits_per_active_slot"":16,""payload_bits_per_block"":512,""ciphertext_size"":2,""chain_index"":6,""fingerprint64"":""21045e98b41df295""}]","[37928,39379,45092,21853,22739,4965,32789,23488,32431,16172,21529,48099,55954,58622,57062,21959,49872,38601,7230,61767,6721,46921,8166,56995,19557,9925,33075,64366,24762,24248,6415,14682]","[31068,45576,9807,54478,31005,56361,38286,56910,14159,62580,56174,49467,23214,1388,45435,9938,52023,59370,21475,44879,22162,42303,15580,32724,30069,7373,21870,64724,54231,3948,55577,15765]","true","ciphertext_artifacts/add_iter012_c1.seal","1835121","9da2966de336526bc483cdd2dc2dba13b03d6a97db0338ecd4813aa2ee4e5af9","1835121","9da2966de336526bc483cdd2dc2dba13b03d6a97db0338ecd4813aa2ee4e5af9","true","true","ciphertext_artifacts/add_iter012_c2.seal","1835121","62b3b5b113886318a8aca6035825710d2c61ab33fa74331028e3b730cb5b96e0","1835121","62b3b5b113886318a8aca6035825710d2c61ab33fa74331028e3b730cb5b96e0","true","true","true","11.475200","11.163400","22.638600","0.000000","0.109300","0.000000","0.000000","0.000000","0.092800","0.000000","0.000000","0.000000","0.090900","0.000000","0.000000","0.000000","0.092400","0.000000","0.000000","0.000000","0.090800","0.000000","0.000000","0.000000","0.096800","0.000000","0.000000","27248877923500","27248878032800","","27248878032800","","27248878032800","27248878125600","","27248878125600","","27248878125600","27248878216500","","27248878216500","","27248878216500","27248878308900","","27248878308900","","27248878308900","27248878399700","","27248878399700","","27248878399700","27248878496500","","27248878496500","","2.036600","59.723000","6","262","total plaintext payload 1024bit; m1/m2 encrypted as c1/c2; six dependent additions measured individually; each step 100-run average is the comparison unit; eval_chain_ms is a continuous reference"
"ADD","13","0.103800","0.098600","0.090800","0.093500","0.090700","0.093200","PACKAGE22_add_100_20260825_134055_850","Addition depth6","42","-7573269163762634450","1024","128","true","true","true","32","true","32","true","32","0.103800","0.098600","0.090800","0.093500","0.090700","0.093200","0.570800","0.570600","0.095100","{""m1"":[29660,26196,42917,60130,34929,53080,49777,45355,62522,58895,28828,23512,63470,19191,26420,13205,27097,6230,836,18415,51615,31681,8505,49103,62691,4164,43661,40549,49510,54431,6514,44007],""m2"":[29947,16179,7935,56054,64127,5881,32035,64697,21144,7633,5108,33269,41303,44266,5983,39851,43837,4920,17430,13066,28250,44759,12607,44626,25793,54169,40054,34581,57876,3248,21284,13256]}","[11870,22247,64399,15460,4412,33352,33065,47826,51372,61868,65099,62781,50104,12951,58092,41299,43288,39680,55634,47321,29062,64390,6304,2605,458,48089,32658,3791,43983,30857,24371,19185]","[11870,22247,64399,15460,4412,33352,33065,47826,51372,61868,65099,62781,50104,12951,58092,41299,43288,39680,55634,47321,29062,64390,6304,2605,458,48089,32658,3791,43983,30857,24371,19185]","[{""label"":""c1=Enc(m1)"",""active_slots"":32,""logical_bits_per_active_slot"":16,""payload_bits_per_block"":512,""ciphertext_size"":2,""chain_index"":6,""fingerprint64"":""a5ee70655574a1e6""},{""label"":""c2=Enc(m2)"",""active_slots"":32,""logical_bits_per_active_slot"":16,""payload_bits_per_block"":512,""ciphertext_size"":2,""chain_index"":6,""fingerprint64"":""99a2f8dd8b6e6a29""}]","[29660,26196,42917,60130,34929,53080,49777,45355,62522,58895,28828,23512,63470,19191,26420,13205,27097,6230,836,18415,51615,31681,8505,49103,62691,4164,43661,40549,49510,54431,6514,44007]","[29947,16179,7935,56054,64127,5881,32035,64697,21144,7633,5108,33269,41303,44266,5983,39851,43837,4920,17430,13066,28250,44759,12607,44626,25793,54169,40054,34581,57876,3248,21284,13256]","true","ciphertext_artifacts/add_iter013_c1.seal","1835121","bd539d91469c9159e3ca21b0b7a177e80f6016e86acb3458a1a0eebea410401c","1835121","bd539d91469c9159e3ca21b0b7a177e80f6016e86acb3458a1a0eebea410401c","true","true","ciphertext_artifacts/add_iter013_c2.seal","1835121","c4e87b6d4127a01b9dafad10b688c54adc2184702eef4ed15693a0e597cc655a","1835121","c4e87b6d4127a01b9dafad10b688c54adc2184702eef4ed15693a0e597cc655a","true","true","true","11.558100","10.985100","22.543200","0.000000","0.103800","0.000000","0.000000","0.000000","0.098600","0.000000","0.000000","0.000000","0.090800","0.000000","0.000000","0.000000","0.093500","0.000000","0.000000","0.000000","0.090700","0.000000","0.000000","0.000000","0.093200","0.000000","0.000000","27249619307500","27249619411300","","27249619411300","","27249619411300","27249619509900","","27249619509900","","27249619509900","27249619600700","","27249619600700","","27249619600800","27249619694300","","27249619694300","","27249619694300","27249619785000","","27249619785000","","27249619785000","27249619878200","","27249619878200","","2.037600","58.958300","6","262","total plaintext payload 1024bit; m1/m2 encrypted as c1/c2; six dependent additions measured individually; each step 100-run average is the comparison unit; eval_chain_ms is a continuous reference"
"ADD","14","0.106000","0.092700","0.095200","0.091900","0.090700","0.091800","PACKAGE22_add_100_20260825_134055_850","Addition depth6","42","4125246258239026457","1024","128","true","true","true","32","true","32","true","32","0.106000","0.092700","0.095200","0.091900","0.090700","0.091800","0.568500","0.568300","0.094717","{""m1"":[35963,44597,19508,57613,38199,2780,48325,22719,30608,10600,8479,62501,9884,9622,63478,166,4562,58962,18647,10976,4900,35705,32293,63142,25447,34865,11797,18368,7222,54283,64527,25513],""m2"":[56,9578,7245,21826,12750,27956,5404,7292,53260,43886,26891,11860,62476,47783,39688,8162,13244,25634,35239,6058,41503,17477,19158,17873,8602,64759,33833,51606,56999,12700,17932,5284]}","[12946,10511,34230,33782,59972,29451,12901,47215,20064,42984,49052,23436,30353,50763,45291,25150,57980,50602,49231,62078,13035,64177,55572,44039,62057,6052,17613,31679,3274,58621,49756,52367]","[12946,10511,34230,33782,59972,29451,12901,47215,20064,42984,49052,23436,30353,50763,45291,25150,57980,50602,49231,62078,13035,64177,55572,44039,62057,6052,17613,31679,3274,58621,49756,52367]","[{""label"":""c1=Enc(m1)"",""active_slots"":32,""logical_bits_per_active_slot"":16,""payload_bits_per_block"":512,""ciphertext_size"":2,""chain_index"":6,""fingerprint64"":""b8e3f32e62c3dd6e""},{""label"":""c2=Enc(m2)"",""active_slots"":32,""logical_bits_per_active_slot"":16,""payload_bits_per_block"":512,""ciphertext_size"":2,""chain_index"":6,""fingerprint64"":""26401e8cbe3cb642""}]","[35963,44597,19508,57613,38199,2780,48325,22719,30608,10600,8479,62501,9884,9622,63478,166,4562,58962,18647,10976,4900,35705,32293,63142,25447,34865,11797,18368,7222,54283,64527,25513]","[56,9578,7245,21826,12750,27956,5404,7292,53260,43886,26891,11860,62476,47783,39688,8162,13244,25634,35239,6058,41503,17477,19158,17873,8602,64759,33833,51606,56999,12700,17932,5284]","true","ciphertext_artifacts/add_iter014_c1.seal","1835121","48e7816f76cdb042b01fb7a9c58566c08b9a5d11966267e95196ea121d995822","1835121","48e7816f76cdb042b01fb7a9c58566c08b9a5d11966267e95196ea121d995822","true","true","ciphertext_artifacts/add_iter014_c2.seal","1835121","44813e72a6bbd4013baae85a4a3ad6d942b321c672a710e235ba843484210430","1835121","44813e72a6bbd4013baae85a4a3ad6d942b321c672a710e235ba843484210430","true","true","true","11.443700","11.009100","22.452800","0.000000","0.106000","0.000000","0.000000","0.000000","0.092700","0.000000","0.000000","0.000000","0.095200","0.000000","0.000000","0.000000","0.091900","0.000000","0.000000","0.000000","0.090700","0.000000","0.000000","0.000000","0.091800","0.000000","0.000000","27250356618100","27250356724100","","27250356724100","","27250356724200","27250356816900","","27250356816900","","27250356816900","27250356912100","","27250356912100","","27250356912100","27250357004000","","27250357004000","","27250357004000","27250357094700","","27250357094700","","27250357094800","27250357186600","","27250357186600","","2.032300","61.127300","6","262","total plaintext payload 1024bit; m1/m2 encrypted as c1/c2; six dependent additions measured individually; each step 100-run average is the comparison unit; eval_chain_ms is a continuous reference"
"ADD","15","0.110600","0.091200","0.090700","0.090700","0.090800","0.090800","PACKAGE22_add_100_20260825_134055_850","Addition depth6","42","-2632538257600595708","1024","128","true","true","true","32","true","32","true","32","0.110600","0.091200","0.090700","0.090700","0.090800","0.090800","0.565000","0.564800","0.094133","{""m1"":[25357,24938,59426,13543,15496,6568,32633,55737,19245,56288,4227,38227,50433,14582,3837,642,50218,23115,64672,63689,11732,14378,56626,26899,32374,3572,33804,43829,30938,28256,24778,16068],""m2"":[60135,751,4028,1708,55210,12821,2573,28847,1683,33982,58795,49989,3308,62712,52864,35852,27754,4690,32785,15356,14981,52508,44558,17710,15387,23320,47491,60222,48084,28360,44866,24426]}","[19685,36468,53177,59296,31003,64735,7177,47341,16492,64950,62219,40727,15045,49853,42866,44587,21986,40993,29358,38676,26334,18425,32493,29652,44583,18711,15541,28297,5856,1493,37099,6476]","[19685,36468,53177,59296,31003,64735,7177,47341,16492,64950,62219,40727,15045,49853,42866,44587,21986,40993,29358,38676,26334,18425,32493,29652,44583,18711,15541,28297,5856,1493,37099,6476]","[{""label"":""c1=Enc(m1)"",""active_slots"":32,""logical_bits_per_active_slot"":16,""payload_bits_per_block"":512,""ciphertext_size"":2,""chain_index"":6,""fingerprint64"":""bd0f2b80ff18b446""},{""label"":""c2=Enc(m2)"",""active_slots"":32,""logical_bits_per_active_slot"":16,""payload_bits_per_block"":512,""ciphertext_size"":2,""chain_index"":6,""fingerprint64"":""441e135ed6bd26ee""}]","[25357,24938,59426,13543,15496,6568,32633,55737,19245,56288,4227,38227,50433,14582,3837,642,50218,23115,64672,63689,11732,14378,56626,26899,32374,3572,33804,43829,30938,28256,24778,16068]","[60135,751,4028,1708,55210,12821,2573,28847,1683,33982,58795,49989,3308,62712,52864,35852,27754,4690,32785,15356,14981,52508,44558,17710,15387,23320,47491,60222,48084,28360,44866,24426]","true","ciphertext_artifacts/add_iter015_c1.seal","1835121","0b6f647119159892e9410d23253487f1a6d95d2d8e109daefbbe5d9211c68cef","1835121","0b6f647119159892e9410d23253487f1a6d95d2d8e109daefbbe5d9211c68cef","true","true","ciphertext_artifacts/add_iter015_c2.seal","1835121","2c9eac2dfaab70c82c0e45af6f9c91311b14acafab37381448ff0752cfb2ceaa","1835121","2c9eac2dfaab70c82c0e45af6f9c91311b14acafab37381448ff0752cfb2ceaa","true","true","true","11.528000","11.101800","22.629800","0.000000","0.110600","0.000000","0.000000","0.000000","0.091200","0.000000","0.000000","0.000000","0.090700","0.000000","0.000000","0.000000","0.090700","0.000000","0.000000","0.000000","0.090800","0.000000","0.000000","0.000000","0.090800","0.000000","0.000000","27251110307400","27251110418000","","27251110418000","","27251110418200","27251110509400","","27251110509400","","27251110509400","27251110600100","","27251110600100","","27251110600100","27251110690800","","27251110690800","","27251110690800","27251110781600","","27251110781600","","27251110781600","27251110872400","","27251110872400","","2.033000","60.163800","6","262","total plaintext payload 1024bit; m1/m2 encrypted as c1/c2; six dependent additions measured individually; each step 100-run average is the comparison unit; eval_chain_ms is a continuous reference"
"ADD","16","0.111800","0.107900","0.091600","0.091100","0.091100","0.100300","PACKAGE22_add_100_20260825_134055_850","Addition depth6","42","9025462342794460527","1024","128","true","true","true","32","true","32","true","32","0.111800","0.107900","0.091600","0.091100","0.091100","0.100300","0.593800","0.593800","0.098967","{""m1"":[20644,60332,40013,13305,9485,23999,6569,34777,12288,3008,7504,22185,62874,56931,9812,53834,8120,44950,54927,59339,46824,56231,29221,19004,3245,34710,31917,49249,52371,44568,22249,41243],""m2"":[44779,20435,22325,9584,42815,54946,62609,44563,35630,42297,4371,49479,47436,53706,36633,17589,58856,16031,55633,10748,17475,53042,2205,52143,45081,18374,53894,37956,38865,35944,21762,3537]}","[20302,40485,30416,16435,35311,64223,17492,10649,24968,7849,43129,40566,582,61157,18073,5955,12437,31282,58922,7452,43110,56365,57962,35834,17149,62888,27202,48716,63931,23956,23208,44509]","[20302,40485,30416,16435,35311,64223,17492,10649,24968,7849,43129,40566,582,61157,18073,5955,12437,31282,58922,7452,43110,56365,57962,35834,17149,62888,27202,48716,63931,23956,23208,44509]","[{""label"":""c1=Enc(m1)"",""active_slots"":32,""logical_bits_per_active_slot"":16,""payload_bits_per_block"":512,""ciphertext_size"":2,""chain_index"":6,""fingerprint64"":""bbf29fd6eb03bd05""},{""label"":""c2=Enc(m2)"",""active_slots"":32,""logical_bits_per_active_slot"":16,""payload_bits_per_block"":512,""ciphertext_size"":2,""chain_index"":6,""fingerprint64"":""6df9c24c841a5d6b""}]","[20644,60332,40013,13305,9485,23999,6569,34777,12288,3008,7504,22185,62874,56931,9812,53834,8120,44950,54927,59339,46824,56231,29221,19004,3245,34710,31917,49249,52371,44568,22249,41243]","[44779,20435,22325,9584,42815,54946,62609,44563,35630,42297,4371,49479,47436,53706,36633,17589,58856,16031,55633,10748,17475,53042,2205,52143,45081,18374,53894,37956,38865,35944,21762,3537]","true","ciphertext_artifacts/add_iter016_c1.seal","1835121","fde9b82c8fa5bf0adcee96f199d64143df37c29c65573539e62747cb7b7038f0","1835121","fde9b82c8fa5bf0adcee96f199d64143df37c29c65573539e62747cb7b7038f0","true","true","ciphertext_artifacts/add_iter016_c2.seal","1835121","f6f4580fb3ce13a29777eec977188bb1c6643d5723b72dc6ce1bc31e181ef0fd","1835121","f6f4580fb3ce13a29777eec977188bb1c6643d5723b72dc6ce1bc31e181ef0fd","true","true","true","11.464300","11.145200","22.609500","0.000000","0.111800","0.000000","0.000000","0.000000","0.107900","0.000000","0.000000","0.000000","0.091600","0.000000","0.000000","0.000000","0.091100","0.000000","0.000000","0.000000","0.091100","0.000000","0.000000","0.000000","0.100300","0.000000","0.000000","27251851881900","27251851993700","","27251851993700","","27251851993700","27251852101600","","27251852101600","","27251852101600","27251852193200","","27251852193200","","27251852193200","27251852284300","","27251852284300","","27251852284300","27251852375400","","27251852375400","","27251852375400","27251852475700","","27251852475700","","2.033100","61.642300","6","262","total plaintext payload 1024bit; m1/m2 encrypted as c1/c2; six dependent additions measured individually; each step 100-run average is the comparison unit; eval_chain_ms is a continuous reference"
"ADD","17","0.117700","0.090800","0.091000","0.099400","0.090800","0.090800","PACKAGE22_add_100_20260825_134055_850","Addition depth6","42","2276689355537400154","1024","128","true","true","true","32","true","32","true","32","0.117700","0.090800","0.091000","0.099400","0.090800","0.090800","0.580600","0.580500","0.096750","{""m1"":[7092,23598,3075,14355,31389,34541,36009,27137,47559,18647,3097,49142,56483,24366,51428,29560,19174,63453,37931,59218,59696,34713,4870,33452,16102,6752,56639,63912,24659,9848,28417,54960],""m2"":[44744,61627,21129,58368,41679,63677,35225,25719,7502,53435,505,16318,46064,58242,22965,25183,12218,45312,4638,63918,9235,44231,63212,49541,10116,7853,48828,4186,170,40855,64536,55301]}","[31526,17125,10150,35913,53982,1510,53100,54631,16131,38282,13903,48911,36439,10042,12459,62715,47813,62063,34564,35404,4341,9397,12505,20283,29219,50567,45355,6058,33609,30883,45128,58058]","[31526,17125,10150,35913,53982,1510,53100,54631,16131,38282,13903,48911,36439,10042,12459,62715,47813,62063,34564,35404,4341,9397,12505,20283,29219,50567,45355,6058,33609,30883,45128,58058]","[{""label"":""c1=Enc(m1)"",""active_slots"":32,""logical_bits_per_active_slot"":16,""payload_bits_per_block"":512,""ciphertext_size"":2,""chain_index"":6,""fingerprint64"":""2e4379267b90dcd0""},{""label"":""c2=Enc(m2)"",""active_slots"":32,""logical_bits_per_active_slot"":16,""payload_bits_per_block"":512,""ciphertext_size"":2,""chain_index"":6,""fingerprint64"":""2d6f61df8a3a656d""}]","[7092,23598,3075,14355,31389,34541,36009,27137,47559,18647,3097,49142,56483,24366,51428,29560,19174,63453,37931,59218,59696,34713,4870,33452,16102,6752,56639,63912,24659,9848,28417,54960]","[44744,61627,21129,58368,41679,63677,35225,25719,7502,53435,505,16318,46064,58242,22965,25183,12218,45312,4638,63918,9235,44231,63212,49541,10116,7853,48828,4186,170,40855,64536,55301]","true","ciphertext_artifacts/add_iter017_c1.seal","1835121","40b22193ab069700595c7f0948358070144e32d629ed759e694c43f24f6f8f1d","1835121","40b22193ab069700595c7f0948358070144e32d629ed759e694c43f24f6f8f1d","true","true","ciphertext_artifacts/add_iter017_c2.seal","1835121","6dc714855312e544cc9c71824c66f1df7ecafbb5870f11f2dd1d7c0b2bf045fa","1835121","6dc714855312e544cc9c71824c66f1df7ecafbb5870f11f2dd1d7c0b2bf045fa","true","true","true","11.734200","11.509500","23.243700","0.000000","0.117700","0.000000","0.000000","0.000000","0.090800","0.000000","0.000000","0.000000","0.091000","0.000000","0.000000","0.000000","0.099400","0.000000","0.000000","0.000000","0.090800","0.000000","0.000000","0.000000","0.090800","0.000000","0.000000","27252620328300","27252620446000","","27252620446000","","27252620446000","27252620536800","","27252620536800","","27252620536900","27252620627900","","27252620627900","","27252620627900","27252620727300","","27252620727300","","27252620727300","27252620818100","","27252620818100","","27252620818100","27252620908900","","27252620908900","","2.035600","67.625300","6","262","total plaintext payload 1024bit; m1/m2 encrypted as c1/c2; six dependent additions measured individually; each step 100-run average is the comparison unit; eval_chain_ms is a continuous reference"
"ADD","18","0.106600","0.135500","0.090900","0.094000","0.090900","0.100100","PACKAGE22_add_100_20260825_134055_850","Addition depth6","42","-9092214921668147899","1024","128","true","true","true","32","true","32","true","32","0.106600","0.135500","0.090900","0.094000","0.090900","0.100100","0.618200","0.618000","0.103000","{""m1"":[45683,29612,4035,33531,23393,46929,13938,7198,21050,9611,28830,20990,15557,52758,36215,11762,65531,597,13691,18352,29986,58017,19813,10179,20450,39345,26312,31069,43493,60465,20085,36663],""m2"":[43297,60569,7078,7751,44659,62649,57570,39457,31147,5418,51393,38004,47351,14046,36251,62961,32796,61422,62051,252,5748,50473,49247,24770,52866,42176,248,62683,10346,53375,13796,21278]}","[50475,38007,37374,26303,30938,47978,31851,16089,46567,54698,7351,1361,7670,56559,57002,39320,32827,55580,44306,8627,6114,55802,30382,49489,43787,21760,40455,50177,8399,8763,56191,13875]","[50475,38007,37374,26303,30938,47978,31851,16089,46567,54698,7351,1361,7670,56559,57002,39320,32827,55580,44306,8627,6114,55802,30382,49489,43787,21760,40455,50177,8399,8763,56191,13875]","[{""label"":""c1=Enc(m1)"",""active_slots"":32,""logical_bits_per_active_slot"":16,""payload_bits_per_block"":512,""ciphertext_size"":2,""chain_index"":6,""fingerprint64"":""0c8a103ddd7c8dbb""},{""label"":""c2=Enc(m2)"",""active_slots"":32,""logical_bits_per_active_slot"":16,""payload_bits_per_block"":512,""ciphertext_size"":2,""chain_index"":6,""fingerprint64"":""6334993283050649""}]","[45683,29612,4035,33531,23393,46929,13938,7198,21050,9611,28830,20990,15557,52758,36215,11762,65531,597,13691,18352,29986,58017,19813,10179,20450,39345,26312,31069,43493,60465,20085,36663]","[43297,60569,7078,7751,44659,62649,57570,39457,31147,5418,51393,38004,47351,14046,36251,62961,32796,61422,62051,252,5748,50473,49247,24770,52866,42176,248,62683,10346,53375,13796,21278]","true","ciphertext_artifacts/add_iter018_c1.seal","1835121","d91b5a34f8440d2920aa31ff70fef54d11ba84d9720b84cda2a611c8fc7d5e18","1835121","d91b5a34f8440d2920aa31ff70fef54d11ba84d9720b84cda2a611c8fc7d5e18","true","true","ciphertext_artifacts/add_iter018_c2.seal","1835121","6f1ac688c4914609d3677400073d8962e59a47d0d225ecf12ff308580cfafbae","1835121","6f1ac688c4914609d3677400073d8962e59a47d0d225ecf12ff308580cfafbae","true","true","true","11.459100","11.006900","22.466000","0.000000","0.106600","0.000000","0.000000","0.000000","0.135500","0.000000","0.000000","0.000000","0.090900","0.000000","0.000000","0.000000","0.094000","0.000000","0.000000","0.000000","0.090900","0.000000","0.000000","0.000000","0.100100","0.000000","0.000000","27253363045800","27253363152400","","27253363152400","","27253363152400","27253363287900","","27253363287900","","27253363288000","27253363378900","","27253363378900","","27253363378900","27253363472900","","27253363472900","","27253363472900","27253363563800","","27253363563800","","27253363563800","27253363663900","","27253363663900","","2.057200","61.119800","6","263","total plaintext payload 1024bit; m1/m2 encrypted as c1/c2; six dependent additions measured individually; each step 100-run average is the comparison unit; eval_chain_ms is a continuous reference"
"ADD","19","0.115900","0.092400","0.090700","0.091400","0.090800","0.091500","PACKAGE22_add_100_20260825_134055_850","Addition depth6","42","2317508265175239088","1024","128","true","true","true","32","true","32","true","32","0.115900","0.092400","0.090700","0.091400","0.090800","0.091500","0.572900","0.572700","0.095450","{""m1"":[26068,28598,46936,3681,50352,22684,36183,4318,63142,30604,10073,51342,21636,9102,19695,16551,13175,15324,26095,14912,14288,16819,62205,28988,13020,47461,29343,42598,19029,10906,55138,51348],""m2"":[22820,60729,292,10035,5495,11540,7028,16072,64126,37857,54762,37367,54663,52519,259,30368,25355,30891,56834,16483,17388,35361,47725,38035,8780,17147,39079,14230,16808,2155,23554,40404]}","[41658,34431,57546,44829,21282,59819,34742,65488,51724,39376,7967,55321,53922,62891,14020,26234,63228,22895,12734,43560,43779,42285,64310,33446,12883,44674,37998,16471,61003,50089,29066,64456]","[41658,34431,57546,44829,21282,59819,34742,65488,51724,39376,7967,55321,53922,62891,14020,26234,63228,22895,12734,43560,43779,42285,64310,33446,12883,44674,37998,16471,61003,50089,29066,64456]","[{""label"":""c1=Enc(m1)"",""active_slots"":32,""logical_bits_per_active_slot"":16,""payload_bits_per_block"":512,""ciphertext_size"":2,""chain_index"":6,""fingerprint64"":""3249eacba5347891""},{""label"":""c2=Enc(m2)"",""active_slots"":32,""logical_bits_per_active_slot"":16,""payload_bits_per_block"":512,""ciphertext_size"":2,""chain_index"":6,""fingerprint64"":""df6f9438ba715280""}]","[26068,28598,46936,3681,50352,22684,36183,4318,63142,30604,10073,51342,21636,9102,19695,16551,13175,15324,26095,14912,14288,16819,62205,28988,13020,47461,29343,42598,19029,10906,55138,51348]","[22820,60729,292,10035,5495,11540,7028,16072,64126,37857,54762,37367,54663,52519,259,30368,25355,30891,56834,16483,17388,35361,47725,38035,8780,17147,39079,14230,16808,2155,23554,40404]","true","ciphertext_artifacts/add_iter019_c1.seal","1835121","0be64834f90d9003631d33b9a5693463f7aa4bee29f03b402cdc016b21abd014","1835121","0be64834f90d9003631d33b9a5693463f7aa4bee29f03b402cdc016b21abd014","true","true","ciphertext_artifacts/add_iter019_c2.seal","1835121","e7656286dd8c8ca8d37caba338491bf34046b3b2d67914631c9c35fe867f51c8","1835121","e7656286dd8c8ca8d37caba338491bf34046b3b2d67914631c9c35fe867f51c8","true","true","true","11.452300","11.052600","22.504900","0.000000","0.115900","0.000000","0.000000","0.000000","0.092400","0.000000","0.000000","0.000000","0.090700","0.000000","0.000000","0.000000","0.091400","0.000000","0.000000","0.000000","0.090800","0.000000","0.000000","0.000000","0.091500","0.000000","0.000000","27254107406500","27254107522400","","27254107522400","","27254107522500","27254107614900","","27254107614900","","27254107615000","27254107705700","","27254107705700","","27254107705700","27254107797100","","27254107797100","","27254107797100","27254107887900","","27254107887900","","27254107887900","27254107979400","","27254107979400","","2.025900","59.737000","6","262","total plaintext payload 1024bit; m1/m2 encrypted as c1/c2; six dependent additions measured individually; each step 100-run average is the comparison unit; eval_chain_ms is a continuous reference"
"ADD","20","0.109400","0.092800","0.092000","0.092500","0.091700","0.092400","PACKAGE22_add_100_20260825_134055_850","Addition depth6","42","-4439709461009150565","1024","128","true","true","true","32","true","32","true","32","0.109400","0.092800","0.092000","0.092500","0.091700","0.092400","0.571100","0.570800","0.095133","{""m1"":[51471,39656,58200,39335,9095,1840,63867,61734,12587,47708,35862,31886,983,39141,33912,62618,50994,30743,3079,46166,57477,59680,46949,4259,57136,52292,62286,35072,46277,27307,25640,24446],""m2"":[35070,19466,33536,49562,5083,1016,23748,19268,45756,23883,25469,37355,32265,55922,45824,31360,32525,49360,16120,19817,34552,10923,15333,40276,15474,12086,6974,25022,44891,19478,60597,39086]}","[48946,20411,5723,43878,51629,10408,64564,42592,56542,333,23244,42998,35190,62182,10972,16867,39403,8904,60676,47504,5879,9341,37184,6790,12818,48815,7918,18743,57633,36588,22203,18431]","[48946,20411,5723,43878,51629,10408,64564,42592,56542,333,23244,42998,35190,62182,10972,16867,39403,8904,60676,47504,5879,9341,37184,6790,12818,48815,7918,18743,57633,36588,22203,18431]","[{""label"":""c1=Enc(m1)"",""active_slots"":32,""logical_bits_per_active_slot"":16,""payload_bits_per_block"":512,""ciphertext_size"":2,""chain_index"":6,""fingerprint64"":""52caffb8d3b99df6""},{""label"":""c2=Enc(m2)"",""active_slots"":32,""logical_bits_per_active_slot"":16,""payload_bits_per_block"":512,""ciphertext_size"":2,""chain_index"":6,""fingerprint64"":""968f1f083f8b5edb""}]","[51471,39656,58200,39335,9095,1840,63867,61734,12587,47708,35862,31886,983,39141,33912,62618,50994,30743,3079,46166,57477,59680,46949,4259,57136,52292,62286,35072,46277,27307,25640,24446]","[35070,19466,33536,49562,5083,1016,23748,19268,45756,23883,25469,37355,32265,55922,45824,31360,32525,49360,16120,19817,34552,10923,15333,40276,15474,12086,6974,25022,44891,19478,60597,39086]","true","ciphertext_artifacts/add_iter020_c1.seal","1835121","502e808449beaae861fe4194223cba05bb38a67f0800e1129df9c48dd90923cb","1835121","502e808449beaae861fe4194223cba05bb38a67f0800e1129df9c48dd90923cb","true","true","ciphertext_artifacts/add_iter020_c2.seal","1835121","436c97ae713cf4ff4c565b215b5729eeddd929b126605aebab9aed04d1003e67","1835121","436c97ae713cf4ff4c565b215b5729eeddd929b126605aebab9aed04d1003e67","true","true","true","11.688600","11.149500","22.838100","0.000000","0.109400","0.000000","0.000000","0.000000","0.092800","0.000000","0.000000","0.000000","0.092000","0.000000","0.000000","0.000000","0.092500","0.000000","0.000000","0.000000","0.091700","0.000000","0.000000","0.000000","0.092400","0.000000","0.000000","27254852428900","27254852538300","","27254852538300","","27254852538300","27254852631100","","27254852631100","","27254852631200","27254852723200","","27254852723200","","27254852723300","27254852815800","","27254852815800","","27254852815800","27254852907500","","27254852907500","","27254852907500","27254852999900","","27254852999900","","2.045000","61.015700","6","263","total plaintext payload 1024bit; m1/m2 encrypted as c1/c2; six dependent additions measured individually; each step 100-run average is the comparison unit; eval_chain_ms is a continuous reference"
"ADD","21","0.108700","0.092600","0.091700","0.092400","0.091700","0.092400","PACKAGE22_add_100_20260825_134055_850","Addition depth6","42","7258542069610074502","1024","128","true","true","true","32","true","32","true","32","0.108700","0.092600","0.091700","0.092400","0.091700","0.092400","0.569600","0.569500","0.094917","{""m1"":[64349,20472,1470,35754,40490,18138,283,15496,21838,30108,18138,49535,53315,6359,43591,38982,26474,12866,44893,19081,9837,6581,45103,50139,8097,28345,53958,19589,19264,33933,9126,11379],""m2"":[11527,14454,4877,47073,1416,12054,25993,61810,31360,54956,38524,21723,11072,59322,8562,41370,12480,14796,21098,42301,23899,18562,38503,40852,3316,49666,57994,43548,7395,12217,26237,6127]}","[29829,59713,20511,22087,35134,43177,13574,50803,50358,23152,57050,1161,49865,6791,3439,17890,12262,30315,46255,6616,45508,16473,33773,60964,42336,230,62129,12389,33704,41309,49678,63897]","[29829,59713,20511,22087,35134,43177,13574,50803,50358,23152,57050,1161,49865,6791,3439,17890,12262,30315,46255,6616,45508,16473,33773,60964,42336,230,62129,12389,33704,41309,49678,63897]","[{""label"":""c1=Enc(m1)"",""active_slots"":32,""logical_bits_per_active_slot"":16,""payload_bits_per_block"":512,""ciphertext_size"":2,""chain_index"":6,""fingerprint64"":""dd706314dcac9d55""},{""label"":""c2=Enc(m2)"",""active_slots"":32,""logical_bits_per_active_slot"":16,""payload_bits_per_block"":512,""ciphertext_size"":2,""chain_index"":6,""fingerprint64"":""0ec98867b3baafa1""}]","[64349,20472,1470,35754,40490,18138,283,15496,21838,30108,18138,49535,53315,6359,43591,38982,26474,12866,44893,19081,9837,6581,45103,50139,8097,28345,53958,19589,19264,33933,9126,11379]","[11527,14454,4877,47073,1416,12054,25993,61810,31360,54956,38524,21723,11072,59322,8562,41370,12480,14796,21098,42301,23899,18562,38503,40852,3316,49666,57994,43548,7395,12217,26237,6127]","true","ciphertext_artifacts/add_iter021_c1.seal","1835121","bc8a415fd860cfe266058dea527140eaffc775ee50297973d8c7a1771cd2a806","1835121","bc8a415fd860cfe266058dea527140eaffc775ee50297973d8c7a1771cd2a806","true","true","ciphertext_artifacts/add_iter021_c2.seal","1835121","12d98d03501983f9ec5ad6977a9796a3d7d09cb0975e43e714f9b9fdeeedcd29","1835121","12d98d03501983f9ec5ad6977a9796a3d7d09cb0975e43e714f9b9fdeeedcd29","true","true","true","11.652900","11.207700","22.860600","0.000000","0.108700","0.000000","0.000000","0.000000","0.092600","0.000000","0.000000","0.000000","0.091700","0.000000","0.000000","0.000000","0.092400","0.000000","0.000000","0.000000","0.091700","0.000000","0.000000","0.000000","0.092400","0.000000","0.000000","27255597867400","27255597976100","","27255597976100","","27255597976100","27255598068700","","27255598068700","","27255598068700","27255598160400","","27255598160400","","27255598160400","27255598252800","","27255598252800","","27255598252900","27255598344600","","27255598344600","","27255598344600","27255598437000","","27255598437000","","2.065300","61.361800","6","262","total plaintext payload 1024bit; m1/m2 encrypted as c1/c2; six dependent additions measured individually; each step 100-run average is the comparison unit; eval_chain_ms is a continuous reference"
"ADD","22","0.104800","0.100100","0.092000","0.093100","0.095900","0.093800","PACKAGE22_add_100_20260825_134055_850","Addition depth6","42","500757493642483185","1024","128","true","true","true","32","true","32","true","32","0.104800","0.100100","0.092000","0.093100","0.095900","0.093800","0.579900","0.579700","0.096617","{""m1"":[58835,32655,4637,1885,26121,60814,61971,38210,28990,58782,45232,23442,17853,45683,9260,56706,44026,63514,57305,60847,16235,38260,43021,55174,24029,19341,1617,21708,60889,37178,41229,5995],""m2"":[4452,33947,36002,55162,57436,57367,43072,5960,6218,32528,10877,25600,60798,59635,64936,16801,1970,2508,22475,26595,49810,65251,8374,18148,19135,50927,26321,21292,59007,9224,32883,1996]}","[52085,35850,61017,41952,14644,22135,49415,39646,3540,5027,16948,39494,57195,33952,35237,15079,50940,64969,34497,61025,17759,21108,595,12992,22447,33534,19894,19634,27355,45310,1417,29968]","[52085,35850,61017,41952,14644,22135,49415,39646,3540,5027,16948,39494,57195,33952,35237,15079,50940,64969,34497,61025,17759,21108,595,12992,22447,33534,19894,19634,27355,45310,1417,29968]","[{""label"":""c1=Enc(m1)"",""active_slots"":32,""logical_bits_per_active_slot"":16,""payload_bits_per_block"":512,""ciphertext_size"":2,""chain_index"":6,""fingerprint64"":""d35e25bbb7da99d9""},{""label"":""c2=Enc(m2)"",""active_slots"":32,""logical_bits_per_active_slot"":16,""payload_bits_per_block"":512,""ciphertext_size"":2,""chain_index"":6,""fingerprint64"":""1701091cd0658157""}]","[58835,32655,4637,1885,26121,60814,61971,38210,28990,58782,45232,23442,17853,45683,9260,56706,44026,63514,57305,60847,16235,38260,43021,55174,24029,19341,1617,21708,60889,37178,41229,5995]","[4452,33947,36002,55162,57436,57367,43072,5960,6218,32528,10877,25600,60798,59635,64936,16801,1970,2508,22475,26595,49810,65251,8374,18148,19135,50927,26321,21292,59007,9224,32883,1996]","true","ciphertext_artifacts/add_iter022_c1.seal","1835121","711323fe2370341965389d84955b1b27dea6399fe62b7388d10b4c828a9424ab","1835121","711323fe2370341965389d84955b1b27dea6399fe62b7388d10b4c828a9424ab","true","true","ciphertext_artifacts/add_iter022_c2.seal","1835121","26f955d91ffec01b8a2707a2c8d2131f689b4a43f745040814c9274793b485e1","1835121","26f955d91ffec01b8a2707a2c8d2131f689b4a43f745040814c9274793b485e1","true","true","true","12.855600","11.442000","24.297600","0.000000","0.104800","0.000000","0.000000","0.000000","0.100100","0.000000","0.000000","0.000000","0.092000","0.000000","0.000000","0.000000","0.093100","0.000000","0.000000","0.000000","0.095900","0.000000","0.000000","0.000000","0.093800","0.000000","0.000000","27256363770100","27256363874900","","27256363874900","","27256363874900","27256363975000","","27256363975000","","27256363975000","27256364067000","","27256364067000","","27256364067000","27256364160100","","27256364160100","","27256364160200","27256364256100","","27256364256100","","27256364256100","27256364349900","","27256364349900","","2.056700","62.239700","6","262","total plaintext payload 1024bit; m1/m2 encrypted as c1/c2; six dependent additions measured individually; each step 100-run average is the comparison unit; eval_chain_ms is a continuous reference"
"ADD","23","0.102100","0.097300","0.090600","0.091300","0.090800","0.098900","PACKAGE22_add_100_20260825_134055_850","Addition depth6","42","-6283482371455231524","1024","128","true","true","true","32","true","32","true","32","0.102100","0.097300","0.090600","0.091300","0.090800","0.098900","0.571200","0.571000","0.095167","{""m1"":[48850,12831,28837,64110,2567,57820,25025,9586,38096,51317,17523,35633,3882,27034,41123,25967,57986,53248,50982,59555,14755,32872,35227,59480,59669,23915,25015,59670,37922,159,22117,3701],""m2"":[338,14082,3896,45439,47055,63658,9840,11363,60737,15609,32100,58453,16530,3251,58759,18740,29460,3721,7145,7466,59605,27677,60720,36422,50872,44387,37667,9440,26812,33697,47083,36693]}","[65340,28033,61499,65072,20359,29032,64083,6896,6910,55484,35318,55743,65118,52352,13084,29014,58176,27544,28752,64007,41224,17908,60920,19501,63607,32210,16450,4852,35513,36190,33106,59346]","[65340,28033,61499,65072,20359,29032,64083,6896,6910,55484,35318,55743,65118,52352,13084,29014,58176,27544,28752,64007,41224,17908,60920,19501,63607,32210,16450,4852,35513,36190,33106,59346]","[{""label"":""c1=Enc(m1)"",""active_slots"":32,""logical_bits_per_active_slot"":16,""payload_bits_per_block"":512,""ciphertext_size"":2,""chain_index"":6,""fingerprint64"":""38a359a1cc92453b""},{""label"":""c2=Enc(m2)"",""active_slots"":32,""logical_bits_per_active_slot"":16,""payload_bits_per_block"":512,""ciphertext_size"":2,""chain_index"":6,""fingerprint64"":""5e4aa758796ab27b""}]","[48850,12831,28837,64110,2567,57820,25025,9586,38096,51317,17523,35633,3882,27034,41123,25967,57986,53248,50982,59555,14755,32872,35227,59480,59669,23915,25015,59670,37922,159,22117,3701]","[338,14082,3896,45439,47055,63658,9840,11363,60737,15609,32100,58453,16530,3251,58759,18740,29460,3721,7145,7466,59605,27677,60720,36422,50872,44387,37667,9440,26812,33697,47083,36693]","true","ciphertext_artifacts/add_iter023_c1.seal","1835121","49c468a6a7a14b0b23546c8b150883bd0ff288d4b78847121b43ca237fe1ca4d","1835121","49c468a6a7a14b0b23546c8b150883bd0ff288d4b78847121b43ca237fe1ca4d","true","true","ciphertext_artifacts/add_iter023_c2.seal","1835121","e64dadfe879d1ad0bb5f7377a94ffa5c0d7f685d626c5f3197a80a17d5137f15","1835121","e64dadfe879d1ad0bb5f7377a94ffa5c0d7f685d626c5f3197a80a17d5137f15","true","true","true","11.472400","11.005200","22.477600","0.000000","0.102100","0.000000","0.000000","0.000000","0.097300","0.000000","0.000000","0.000000","0.090600","0.000000","0.000000","0.000000","0.091300","0.000000","0.000000","0.000000","0.090800","0.000000","0.000000","0.000000","0.098900","0.000000","0.000000","27257110401500","27257110503600","","27257110503600","","27257110503600","27257110600900","","27257110600900","","27257110601000","27257110691600","","27257110691600","","27257110691600","27257110782900","","27257110782900","","27257110782900","27257110873700","","27257110873700","","27257110873700","27257110972600","","27257110972600","","2.044200","60.357900","6","263","total plaintext payload 1024bit; m1/m2 encrypted as c1/c2; six dependent additions measured individually; each step 100-run average is the comparison unit; eval_chain_ms is a continuous reference"
"ADD","24","0.104800","0.097600","0.093400","0.091900","0.090700","0.091900","PACKAGE22_add_100_20260825_134055_850","Addition depth6","42","5405463983684705735","1024","128","true","true","true","32","true","32","true","32","0.104800","0.097600","0.093400","0.091900","0.090700","0.091900","0.570500","0.570300","0.095050","{""m1"":[6272,34660,29016,2791,43187,32183,16818,35813,52582,8043,19428,38984,13639,31986,62307,7714,29556,23844,50411,25515,10163,22870,53949,45160,18060,7175,50203,27604,4201,42728,15081,4712],""m2"":[25356,63243,51960,51418,24527,58605,18736,35064,65521,43408,19736,11274,23411,56799,18105,31216,35812,34884,17147,4820,31431,53057,4761,2416,21112,64028,27640,62014,28214,48359,17436,50147]}","[35619,684,9796,34344,49718,42399,57943,51833,13669,31322,5846,58684,59252,36193,41395,58967,29049,3417,56474,50983,3871,54040,33468,56814,4502,24173,21584,34310,35909,53841,47095,38215]","[35619,684,9796,34344,49718,42399,57943,51833,13669,31322,5846,58684,59252,36193,41395,58967,29049,3417,56474,50983,3871,54040,33468,56814,4502,24173,21584,34310,35909,53841,47095,38215]","[{""label"":""c1=Enc(m1)"",""active_slots"":32,""logical_bits_per_active_slot"":16,""payload_bits_per_block"":512,""ciphertext_size"":2,""chain_index"":6,""fingerprint64"":""107473172d9f86d9""},{""label"":""c2=Enc(m2)"",""active_slots"":32,""logical_bits_per_active_slot"":16,""payload_bits_per_block"":512,""ciphertext_size"":2,""chain_index"":6,""fingerprint64"":""cca0b8d42b6c61a7""}]","[6272,34660,29016,2791,43187,32183,16818,35813,52582,8043,19428,38984,13639,31986,62307,7714,29556,23844,50411,25515,10163,22870,53949,45160,18060,7175,50203,27604,4201,42728,15081,4712]","[25356,63243,51960,51418,24527,58605,18736,35064,65521,43408,19736,11274,23411,56799,18105,31216,35812,34884,17147,4820,31431,53057,4761,2416,21112,64028,27640,62014,28214,48359,17436,50147]","true","ciphertext_artifacts/add_iter024_c1.seal","1835121","5fae00fda0250d81a60e70237d15ecd55dccb09dbbea9eb165dd483493dad045","1835121","5fae00fda0250d81a60e70237d15ecd55dccb09dbbea9eb165dd483493dad045","true","true","ciphertext_artifacts/add_iter024_c2.seal","1835121","1dc905fe58653dacee39370296aa239388358229c12f74782e4a436abae16c26","1835121","1dc905fe58653dacee39370296aa239388358229c12f74782e4a436abae16c26","true","true","true","11.856400","11.259900","23.116300","0.000000","0.104800","0.000000","0.000000","0.000000","0.097600","0.000000","0.000000","0.000000","0.093400","0.000000","0.000000","0.000000","0.091900","0.000000","0.000000","0.000000","0.090700","0.000000","0.000000","0.000000","0.091900","0.000000","0.000000","27257855371500","27257855476300","","27257855476300","","27257855476300","27257855573900","","27257855573900","","27257855573900","27257855667300","","27257855667300","","27257855667300","27257855759200","","27257855759200","","27257855759300","27257855850000","","27257855850000","","27257855850100","27257855942000","","27257855942000","","2.044400","58.956300","6","262","total plaintext payload 1024bit; m1/m2 encrypted as c1/c2; six dependent additions measured individually; each step 100-run average is the comparison unit; eval_chain_ms is a continuous reference"
"ADD","25","0.105900","0.108900","0.094600","0.104900","0.090700","0.104400","PACKAGE22_add_100_20260825_134055_850","Addition depth6","42","-1342747084435201486","1024","128","true","true","true","32","true","32","true","32","0.105900","0.108900","0.094600","0.104900","0.090700","0.104400","0.609500","0.609400","0.101567","{""m1"":[24908,24260,47555,60943,57103,47943,3168,54387,61828,57522,45731,52418,57426,49687,54306,9997,25304,46386,257,2730,5623,25084,50765,23442,58983,39241,14951,3898,34381,28997,44893,19414],""m2"":[11674,33990,39975,35206,48018,11264,35072,18408,10019,16653,46937,2400,58560,7157,63425,611,44284,30368,64872,47331,46836,34069,26847,61660,29437,4924,16891,24217,11847,37101,64702,34451]}","[3580,2399,47997,21705,44781,28953,52351,10624,15221,17899,61587,20261,12162,23608,14277,41821,37457,14500,64570,21839,31926,5932,21453,16600,62095,40662,44940,22706,41991,30680,45993,49935]","[3580,2399,47997,21705,44781,28953,52351,10624,15221,17899,61587,20261,12162,23608,14277,41821,37457,14500,64570,21839,31926,5932,21453,16600,62095,40662,44940,22706,41991,30680,45993,49935]","[{""label"":""c1=Enc(m1)"",""active_slots"":32,""logical_bits_per_active_slot"":16,""payload_bits_per_block"":512,""ciphertext_size"":2,""chain_index"":6,""fingerprint64"":""b235c43a9f50944f""},{""label"":""c2=Enc(m2)"",""active_slots"":32,""logical_bits_per_active_slot"":16,""payload_bits_per_block"":512,""ciphertext_size"":2,""chain_index"":6,""fingerprint64"":""a4ea873154471e65""}]","[24908,24260,47555,60943,57103,47943,3168,54387,61828,57522,45731,52418,57426,49687,54306,9997,25304,46386,257,2730,5623,25084,50765,23442,58983,39241,14951,3898,34381,28997,44893,19414]","[11674,33990,39975,35206,48018,11264,35072,18408,10019,16653,46937,2400,58560,7157,63425,611,44284,30368,64872,47331,46836,34069,26847,61660,29437,4924,16891,24217,11847,37101,64702,34451]","true","ciphertext_artifacts/add_iter025_c1.seal","1835121","754a8ea1d300197e59e339812f60bf58364dd2a298858662b896e1d90512853f","1835121","754a8ea1d300197e59e339812f60bf58364dd2a298858662b896e1d90512853f","true","true","ciphertext_artifacts/add_iter025_c2.seal","1835121","5f4ca609ebc606c45f5069dd23ed630ae5a04d8c86bb523fd7f75a13d7d2644c","1835121","5f4ca609ebc606c45f5069dd23ed630ae5a04d8c86bb523fd7f75a13d7d2644c","true","true","true","11.761200","11.270500","23.031700","0.000000","0.105900","0.000000","0.000000","0.000000","0.108900","0.000000","0.000000","0.000000","0.094600","0.000000","0.000000","0.000000","0.104900","0.000000","0.000000","0.000000","0.090700","0.000000","0.000000","0.000000","0.104400","0.000000","0.000000","27258606987900","27258607093800","","27258607093800","","27258607093800","27258607202700","","27258607202700","","27258607202700","27258607297300","","27258607297300","","27258607297300","27258607402200","","27258607402200","","27258607402200","27258607492900","","27258607492900","","27258607492900","27258607597300","","27258607597300","","2.050400","62.479500","6","262","total plaintext payload 1024bit; m1/m2 encrypted as c1/c2; six dependent additions measured individually; each step 100-run average is the comparison unit; eval_chain_ms is a continuous reference"
"ADD","26","0.102900","0.096000","0.090900","0.090800","0.090600","0.090900","PACKAGE22_add_100_20260825_134055_850","Addition depth6","42","-8100527193620552163","1024","128","true","true","true","32","true","32","true","32","0.102900","0.096000","0.090900","0.090800","0.090600","0.090900","0.562200","0.562100","0.093683","{""m1"":[64248,29479,2893,48956,33306,59485,48653,31179,62847,5656,18284,23623,49017,2868,61617,49004,22460,25895,27256,26395,55080,728,52832,34196,56817,15341,30551,31161,46628,60664,44700,43291],""m2"":[19821,41337,44967,19214,45832,37002,16231,12478,64454,45022,65090,26601,17312,29117,2479,21575,20758,23165,49507,12972,29664,19926,44657,27060,46050,12313,65460,59769,24781,26190,7713,40411]}","[54307,45316,15399,56855,8572,21261,46694,31076,51528,26616,6258,43221,51393,33286,57294,64130,21040,42001,60934,13422,47164,62690,17614,21353,37733,32766,56436,41803,64244,59078,5328,32249]","[54307,45316,15399,56855,8572,21261,46694,31076,51528,26616,6258,43221,51393,33286,57294,64130,21040,42001,60934,13422,47164,62690,17614,21353,37733,32766,56436,41803,64244,59078,5328,32249]","[{""label"":""c1=Enc(m1)"",""active_slots"":32,""logical_bits_per_active_slot"":16,""payload_bits_per_block"":512,""ciphertext_size"":2,""chain_index"":6,""fingerprint64"":""d00db58f1a7b327d""},{""label"":""c2=Enc(m2)"",""active_slots"":32,""logical_bits_per_active_slot"":16,""payload_bits_per_block"":512,""ciphertext_size"":2,""chain_index"":6,""fingerprint64"":""228e4e2f08001cb6""}]","[64248,29479,2893,48956,33306,59485,48653,31179,62847,5656,18284,23623,49017,2868,61617,49004,22460,25895,27256,26395,55080,728,52832,34196,56817,15341,30551,31161,46628,60664,44700,43291]","[19821,41337,44967,19214,45832,37002,16231,12478,64454,45022,65090,26601,17312,29117,2479,21575,20758,23165,49507,12972,29664,19926,44657,27060,46050,12313,65460,59769,24781,26190,7713,40411]","true","ciphertext_artifacts/add_iter026_c1.seal","1835121","2b983d88514512fe64c9c766be079c978f2d19898e9f69f535af5e0f30143f0a","1835121","2b983d88514512fe64c9c766be079c978f2d19898e9f69f535af5e0f30143f0a","true","true","ciphertext_artifacts/add_iter026_c2.seal","1835121","6906b0a4252245aac3016a0e1305ec9f3ac4dd09028b902e1cd13d4bb79809cb","1835121","6906b0a4252245aac3016a0e1305ec9f3ac4dd09028b902e1cd13d4bb79809cb","true","true","true","11.539500","10.975400","22.514900","0.000000","0.102900","0.000000","0.000000","0.000000","0.096000","0.000000","0.000000","0.000000","0.090900","0.000000","0.000000","0.000000","0.090800","0.000000","0.000000","0.000000","0.090600","0.000000","0.000000","0.000000","0.090900","0.000000","0.000000","27259349920600","27259350023500","","27259350023500","","27259350023500","27259350119500","","27259350119500","","27259350119500","27259350210400","","27259350210400","","27259350210400","27259350301200","","27259350301200","","27259350301200","27259350391800","","27259350391800","","27259350391800","27259350482700","","27259350482700","","2.032700","59.956700","6","262","total plaintext payload 1024bit; m1/m2 encrypted as c1/c2; six dependent additions measured individually; each step 100-run average is the comparison unit; eval_chain_ms is a continuous reference"
"ADD","27","0.111100","0.098800","0.092700","0.093200","0.092700","0.092900","PACKAGE22_add_100_20260825_134055_850","Addition depth6","42","3598005743272421896","1024","128","true","true","true","32","true","32","true","32","0.111100","0.098800","0.092700","0.093200","0.092700","0.092900","0.581400","0.581400","0.096900","{""m1"":[7111,50542,48912,61153,3202,56297,2004,37847,38172,60466,62856,42330,13432,7119,51672,25144,21071,17030,47504,39045,2482,16356,55286,31609,35322,6738,51989,7652,7459,7250,45254,28927],""m2"":[1084,35561,10856,33864,63186,53583,14222,6008,18455,25780,4071,18207,9007,40063,54102,34830,35480,36494,34122,44675,12627,14681,4891,55108,40799,42181,23018,46149,44452,19289,4365,792]}","[31696,46703,31605,18519,5755,58252,50682,38338,11442,57056,1489,27330,15212,17591,41309,8455,59650,46528,30234,28057,47809,43930,39206,29612,1537,22421,14862,37981,32118,21330,63037,52547]","[31696,46703,31605,18519,5755,58252,50682,38338,11442,57056,1489,27330,15212,17591,41309,8455,59650,46528,30234,28057,47809,43930,39206,29612,1537,22421,14862,37981,32118,21330,63037,52547]","[{""label"":""c1=Enc(m1)"",""active_slots"":32,""logical_bits_per_active_slot"":16,""payload_bits_per_block"":512,""ciphertext_size"":2,""chain_index"":6,""fingerprint64"":""bc381389eb0edcc4""},{""label"":""c2=Enc(m2)"",""active_slots"":32,""logical_bits_per_active_slot"":16,""payload_bits_per_block"":512,""ciphertext_size"":2,""chain_index"":6,""fingerprint64"":""016430ab67fa6a45""}]","[7111,50542,48912,61153,3202,56297,2004,37847,38172,60466,62856,42330,13432,7119,51672,25144,21071,17030,47504,39045,2482,16356,55286,31609,35322,6738,51989,7652,7459,7250,45254,28927]","[1084,35561,10856,33864,63186,53583,14222,6008,18455,25780,4071,18207,9007,40063,54102,34830,35480,36494,34122,44675,12627,14681,4891,55108,40799,42181,23018,46149,44452,19289,4365,792]","true","ciphertext_artifacts/add_iter027_c1.seal","1835121","075ddf5b4dbcb907d84cdd95d6aabcf8b5b545b44521289326c42d7f9ef60659","1835121","075ddf5b4dbcb907d84cdd95d6aabcf8b5b545b44521289326c42d7f9ef60659","true","true","ciphertext_artifacts/add_iter027_c2.seal","1835121","d2f0c22cb8dd107ba88e45bb2b22fe9601d04263d10aa3f3e509a37cfac9d5e6","1835121","d2f0c22cb8dd107ba88e45bb2b22fe9601d04263d10aa3f3e509a37cfac9d5e6","true","true","true","11.489800","11.490100","22.979900","0.000000","0.111100","0.000000","0.000000","0.000000","0.098800","0.000000","0.000000","0.000000","0.092700","0.000000","0.000000","0.000000","0.093200","0.000000","0.000000","0.000000","0.092700","0.000000","0.000000","0.000000","0.092900","0.000000","0.000000","27260107143900","27260107255000","","27260107255000","","27260107255000","27260107353800","","27260107353800","","27260107353800","27260107446500","","27260107446500","","27260107446500","27260107539700","","27260107539700","","27260107539700","27260107632400","","27260107632400","","27260107632400","27260107725300","","27260107725300","","2.107300","64.791000","6","262","total plaintext payload 1024bit; m1/m2 encrypted as c1/c2; six dependent additions measured individually; each step 100-run average is the comparison unit; eval_chain_ms is a continuous reference"
"ADD","28","0.107200","0.095900","0.090700","0.111200","0.116600","0.091100","PACKAGE22_add_100_20260825_134055_850","Addition depth6","42","-3448022351463059853","1024","128","true","true","true","32","true","32","true","32","0.107200","0.095900","0.090700","0.111200","0.116600","0.091100","0.613000","0.612700","0.102117","{""m1"":[2629,57787,8764,21913,26121,17639,64933,14672,1049,25819,53633,46688,11021,36701,44009,25456,56446,33016,57989,30591,5503,5691,30473,13758,58077,10645,38888,43894,20785,59132,10805,12470],""m2"":[61349,14140,61676,35972,11144,21898,63911,9327,40992,26928,23835,39479,52265,32371,25734,5777,44215,2994,25073,35284,37493,8955,8379,55959,64441,691,14448,22416,18217,45147,63489,39389]}","[63489,11420,23473,64494,6842,5176,58243,21132,61635,52986,23889,43041,4268,47306,56627,53618,30744,9972,45027,31605,3417,49629,15955,26298,32409,44653,2285,46213,6717,44284,37076,36973]","[63489,11420,23473,64494,6842,5176,58243,21132,61635,52986,23889,43041,4268,47306,56627,53618,30744,9972,45027,31605,3417,49629,15955,26298,32409,44653,2285,46213,6717,44284,37076,36973]","[{""label"":""c1=Enc(m1)"",""active_slots"":32,""logical_bits_per_active_slot"":16,""payload_bits_per_block"":512,""ciphertext_size"":2,""chain_index"":6,""fingerprint64"":""d5ad85359b6a3898""},{""label"":""c2=Enc(m2)"",""active_slots"":32,""logical_bits_per_active_slot"":16,""payload_bits_per_block"":512,""ciphertext_size"":2,""chain_index"":6,""fingerprint64"":""866d31f324870754""}]","[2629,57787,8764,21913,26121,17639,64933,14672,1049,25819,53633,46688,11021,36701,44009,25456,56446,33016,57989,30591,5503,5691,30473,13758,58077,10645,38888,43894,20785,59132,10805,12470]","[61349,14140,61676,35972,11144,21898,63911,9327,40992,26928,23835,39479,52265,32371,25734,5777,44215,2994,25073,35284,37493,8955,8379,55959,64441,691,14448,22416,18217,45147,63489,39389]","true","ciphertext_artifacts/add_iter028_c1.seal","1835121","731efed188564c0871e634f9efbf120f680891aba36849fde85bd3d257a6993c","1835121","731efed188564c0871e634f9efbf120f680891aba36849fde85bd3d257a6993c","true","true","ciphertext_artifacts/add_iter028_c2.seal","1835121","b064884c7679bad7701606161aa9c56a49ba8143e96c9fa1628101f6d68af610","1835121","b064884c7679bad7701606161aa9c56a49ba8143e96c9fa1628101f6d68af610","true","true","true","11.545600","11.040800","22.586400","0.000000","0.107200","0.000000","0.000000","0.000000","0.095900","0.000000","0.000000","0.000000","0.090700","0.000000","0.000000","0.000000","0.111200","0.000000","0.000000","0.000000","0.116600","0.000000","0.000000","0.000000","0.091100","0.000000","0.000000","27260861268900","27260861376100","","27260861376100","","27260861376200","27260861472100","","27260861472100","","27260861472100","27260861562800","","27260861562800","","27260861562800","27260861674000","","27260861674000","","27260861674100","27260861790700","","27260861790700","","27260861790700","27260861881800","","27260861881800","","2.100000","59.402700","6","262","total plaintext payload 1024bit; m1/m2 encrypted as c1/c2; six dependent additions measured individually; each step 100-run average is the comparison unit; eval_chain_ms is a continuous reference"
"ADD","29","0.113200","0.092500","0.091300","0.095600","0.090800","0.091700","PACKAGE22_add_100_20260825_134055_850","Addition depth6","42","8250510654150701662","1024","128","true","true","true","32","true","32","true","32","0.113200","0.092500","0.091300","0.095600","0.090800","0.091700","0.575200","0.575100","0.095850","{""m1"":[44666,10246,59853,10179,41299,6040,50668,6088,14378,14960,39806,40324,11272,59429,13062,52642,21841,61402,36298,61439,31928,30306,7959,38785,23139,40258,28169,44323,63661,31878,57125,63363],""m2"":[23243,27600,64691,26950,42453,40808,11738,61649,45243,15815,40770,15203,34252,16347,53841,13274,29063,20097,41969,21909,10417,51582,65474,51706,29397,56615,64719,62485,23314,32706,50068,1373]}","[51782,58247,40263,56029,30407,15510,41275,12688,62167,41748,19386,10294,16770,24609,17160,53779,43479,43751,8951,49335,27889,13822,31647,48110,49673,3192,44685,37062,62438,29019,51019,60960]","[51782,58247,40263,56029,30407,15510,41275,12688,62167,41748,19386,10294,16770,24609,17160,53779,43479,43751,8951,49335,27889,13822,31647,48110,49673,3192,44685,37062,62438,29019,51019,60960]","[{""label"":""c1=Enc(m1)"",""active_slots"":32,""logical_bits_per_active_slot"":16,""payload_bits_per_block"":512,""ciphertext_size"":2,""chain_index"":6,""fingerprint64"":""4f98f7bb239b3731""},{""label"":""c2=Enc(m2)"",""active_slots"":32,""logical_bits_per_active_slot"":16,""payload_bits_per_block"":512,""ciphertext_size"":2,""chain_index"":6,""fingerprint64"":""49442a5b6c7b9da5""}]","[44666,10246,59853,10179,41299,6040,50668,6088,14378,14960,39806,40324,11272,59429,13062,52642,21841,61402,36298,61439,31928,30306,7959,38785,23139,40258,28169,44323,63661,31878,57125,63363]","[23243,27600,64691,26950,42453,40808,11738,61649,45243,15815,40770,15203,34252,16347,53841,13274,29063,20097,41969,21909,10417,51582,65474,51706,29397,56615,64719,62485,23314,32706,50068,1373]","true","ciphertext_artifacts/add_iter029_c1.seal","1835121","f6313fb8b4934d4ee11192219cc0398888d5c028db880d93743aa8b1cdc131a7","1835121","f6313fb8b4934d4ee11192219cc0398888d5c028db880d93743aa8b1cdc131a7","true","true","ciphertext_artifacts/add_iter029_c2.seal","1835121","06d5d3a01defb062460ad1cf07610eac0d509c7a61113b42af236f7ba77c2f1c","1835121","06d5d3a01defb062460ad1cf07610eac0d509c7a61113b42af236f7ba77c2f1c","true","true","true","11.598700","11.070700","22.669400","0.000000","0.113200","0.000000","0.000000","0.000000","0.092500","0.000000","0.000000","0.000000","0.091300","0.000000","0.000000","0.000000","0.095600","0.000000","0.000000","0.000000","0.090800","0.000000","0.000000","0.000000","0.091700","0.000000","0.000000","27261627214800","27261627328000","","27261627328000","","27261627328100","27261627420600","","27261627420600","","27261627420600","27261627511900","","27261627511900","","27261627511900","27261627607500","","27261627607500","","27261627607500","27261627698300","","27261627698300","","27261627698300","27261627790000","","27261627790000","","2.042900","60.794700","6","262","total plaintext payload 1024bit; m1/m2 encrypted as c1/c2; six dependent additions measured individually; each step 100-run average is the comparison unit; eval_chain_ms is a continuous reference"
"ADD","30","0.110100","0.097800","0.091600","0.091600","0.091400","0.091400","PACKAGE22_add_100_20260825_134055_850","Addition depth6","42","1492725597161453129","1024","128","true","true","true","32","true","32","true","32","0.110100","0.097800","0.091600","0.091600","0.091400","0.091400","0.574000","0.573900","0.095650","{""m1"":[39674,7538,29200,55255,47707,11137,29749,64547,43792,55556,20475,52083,29398,4521,4662,56424,56945,55897,18604,15191,6952,18276,20063,4729,37765,33251,9826,41867,9284,6541,38737,48165],""m2"":[29209,48043,12424,19127,38055,38570,26575,59191,55388,16165,17157,8345,7062,10812,50025,31710,50575,60701,29635,58139,13968,57753,56286,2954,44837,18208,2311,48491,8564,39083,50887,26163]}","[49712,43207,22998,16253,42845,29184,2110,42539,13647,8571,2297,36756,7704,50520,37649,58678,51820,12469,32247,38570,4175,49752,52499,27778,23423,56554,46237,50793,62828,12339,45461,9001]","[49712,43207,22998,16253,42845,29184,2110,42539,13647,8571,2297,36756,7704,50520,37649,58678,51820,12469,32247,38570,4175,49752,52499,27778,23423,56554,46237,50793,62828,12339,45461,9001]","[{""label"":""c1=Enc(m1)"",""active_slots"":32,""logical_bits_per_active_slot"":16,""payload_bits_per_block"":512,""ciphertext_size"":2,""chain_index"":6,""fingerprint64"":""067f55d02371fc86""},{""label"":""c2=Enc(m2)"",""active_slots"":32,""logical_bits_per_active_slot"":16,""payload_bits_per_block"":512,""ciphertext_size"":2,""chain_index"":6,""fingerprint64"":""bf8264e7d0cfd975""}]","[39674,7538,29200,55255,47707,11137,29749,64547,43792,55556,20475,52083,29398,4521,4662,56424,56945,55897,18604,15191,6952,18276,20063,4729,37765,33251,9826,41867,9284,6541,38737,48165]","[29209,48043,12424,19127,38055,38570,26575,59191,55388,16165,17157,8345,7062,10812,50025,31710,50575,60701,29635,58139,13968,57753,56286,2954,44837,18208,2311,48491,8564,39083,50887,26163]","true","ciphertext_artifacts/add_iter030_c1.seal","1835121","e6048f2c3f7569e68d11b7e79c17fd551b108af00a15b39fd4afd14e080f61a4","1835121","e6048f2c3f7569e68d11b7e79c17fd551b108af00a15b39fd4afd14e080f61a4","true","true","ciphertext_artifacts/add_iter030_c2.seal","1835121","b3d74b01b8f8da018edd6d359343bb450dfc5f06559d9aaff1255c1bc6cc6fba","1835121","b3d74b01b8f8da018edd6d359343bb450dfc5f06559d9aaff1255c1bc6cc6fba","true","true","true","11.415100","10.992500","22.407600","0.000000","0.110100","0.000000","0.000000","0.000000","0.097800","0.000000","0.000000","0.000000","0.091600","0.000000","0.000000","0.000000","0.091600","0.000000","0.000000","0.000000","0.091400","0.000000","0.000000","0.000000","0.091400","0.000000","0.000000","27262397863300","27262397973400","","27262397973400","","27262397973400","27262398071200","","27262398071200","","27262398071200","27262398162800","","27262398162800","","27262398162800","27262398254400","","27262398254400","","27262398254400","27262398345800","","27262398345800","","27262398345900","27262398437300","","27262398437300","","2.058900","61.902100","6","262","total plaintext payload 1024bit; m1/m2 encrypted as c1/c2; six dependent additions measured individually; each step 100-run average is the comparison unit; eval_chain_ms is a continuous reference"
"ADD","31","0.103800","0.098500","0.091300","0.093000","0.090600","0.093100","PACKAGE22_add_100_20260825_134055_850","Addition depth6","42","-5296016768092898636","1024","128","true","true","true","32","true","32","true","32","0.103800","0.098500","0.091300","0.093000","0.090600","0.093100","0.570500","0.570300","0.095050","{""m1"":[50191,1900,30102,52141,42877,14010,40321,19135,24693,16985,28756,11377,39914,19755,53774,57708,16634,18642,45322,32780,60157,12141,63893,23107,55699,30893,11476,35841,31169,38510,29091,48587],""m2"":[58310,2567,63815,10662,18716,33956,27050,18963,24454,19972,19384,18789,57977,9458,34002,21906,29097,18424,48980,18952,32466,44748,333,62911,15799,48854,58243,48539,19491,33811,28869,62936]}","[48009,15301,49705,43939,31045,26834,45823,2355,41060,62319,42102,36338,5902,41857,54954,34402,22753,64303,543,56902,10341,51734,59960,19013,8045,7986,24022,26833,52075,58862,6360,55471]","[48009,15301,49705,43939,31045,26834,45823,2355,41060,62319,42102,36338,5902,41857,54954,34402,22753,64303,543,56902,10341,51734,59960,19013,8045,7986,24022,26833,52075,58862,6360,55471]","[{""label"":""c1=Enc(m1)"",""active_slots"":32,""logical_bits_per_active_slot"":16,""payload_bits_per_block"":512,""ciphertext_size"":2,""chain_index"":6,""fingerprint64"":""cd9c9fe703ccc7c9""},{""label"":""c2=Enc(m2)"",""active_slots"":32,""logical_bits_per_active_slot"":16,""payload_bits_per_block"":512,""ciphertext_size"":2,""chain_index"":6,""fingerprint64"":""7bc637999a9ef708""}]","[50191,1900,30102,52141,42877,14010,40321,19135,24693,16985,28756,11377,39914,19755,53774,57708,16634,18642,45322,32780,60157,12141,63893,23107,55699,30893,11476,35841,31169,38510,29091,48587]","[58310,2567,63815,10662,18716,33956,27050,18963,24454,19972,19384,18789,57977,9458,34002,21906,29097,18424,48980,18952,32466,44748,333,62911,15799,48854,58243,48539,19491,33811,28869,62936]","true","ciphertext_artifacts/add_iter031_c1.seal","1835121","0b5f21a3130875e208781e32e0469d2c166b374b55b9a7b0fb7c6f092780ea00","1835121","0b5f21a3130875e208781e32e0469d2c166b374b55b9a7b0fb7c6f092780ea00","true","true","ciphertext_artifacts/add_iter031_c2.seal","1835121","5e8c07226c9a227f56fe246dccc1e05aee562013a1c1809053392c99ec34ca95","1835121","5e8c07226c9a227f56fe246dccc1e05aee562013a1c1809053392c99ec34ca95","true","true","true","11.421400","10.997500","22.418900","0.000000","0.103800","0.000000","0.000000","0.000000","0.098500","0.000000","0.000000","0.000000","0.091300","0.000000","0.000000","0.000000","0.093000","0.000000","0.000000","0.000000","0.090600","0.000000","0.000000","0.000000","0.093100","0.000000","0.000000","27263167009300","27263167113100","","27263167113100","","27263167113100","27263167211600","","27263167211600","","27263167211600","27263167302900","","27263167302900","","27263167302900","27263167395900","","27263167395900","","27263167396000","27263167486600","","27263167486600","","27263167486600","27263167579700","","27263167579700","","2.070500","61.510800","6","262","total plaintext payload 1024bit; m1/m2 encrypted as c1/c2; six dependent additions measured individually; each step 100-run average is the comparison unit; eval_chain_ms is a continuous reference"
"ADD","32","0.107800","0.098100","0.093700","0.092400","0.093300","0.092400","PACKAGE22_add_100_20260825_134055_850","Addition depth6","42","6401953278976196255","1024","128","true","true","true","32","true","32","true","32","0.107800","0.098100","0.093700","0.092400","0.093300","0.092400","0.577800","0.577700","0.096283","{""m1"":[2935,12725,9701,6369,14598,45813,46996,2173,65155,60404,13733,24566,27510,55204,51317,44554,21568,45154,29242,30685,21571,10926,50036,11436,46635,45933,44223,64334,19107,25328,57693,41286],""m2"":[29895,23731,38801,50578,34536,47243,59489,31657,15142,28843,3462,21386,62585,22089,5325,55439,26455,22774,27146,54930,30067,15652,49232,39787,56755,38317,64707,52421,51329,22744,50359,25087]}","[35888,56556,24133,46136,30926,62833,38766,38126,43898,460,65318,31348,35647,24935,24632,16848,34563,52327,1795,25382,45411,25123,20155,34031,29120,36535,43328,21377,33804,38470,54164,43794]","[35888,56556,24133,46136,30926,62833,38766,38126,43898,460,65318,31348,35647,24935,24632,16848,34563,52327,1795,25382,45411,25123,20155,34031,29120,36535,43328,21377,33804,38470,54164,43794]","[{""label"":""c1=Enc(m1)"",""active_slots"":32,""logical_bits_per_active_slot"":16,""payload_bits_per_block"":512,""ciphertext_size"":2,""chain_index"":6,""fingerprint64"":""c08b208e26c608ea""},{""label"":""c2=Enc(m2)"",""active_slots"":32,""logical_bits_per_active_slot"":16,""payload_bits_per_block"":512,""ciphertext_size"":2,""chain_index"":6,""fingerprint64"":""60cc3f51d83bc3a0""}]","[2935,12725,9701,6369,14598,45813,46996,2173,65155,60404,13733,24566,27510,55204,51317,44554,21568,45154,29242,30685,21571,10926,50036,11436,46635,45933,44223,64334,19107,25328,57693,41286]","[29895,23731,38801,50578,34536,47243,59489,31657,15142,28843,3462,21386,62585,22089,5325,55439,26455,22774,27146,54930,30067,15652,49232,39787,56755,38317,64707,52421,51329,22744,50359,25087]","true","ciphertext_artifacts/add_iter032_c1.seal","1835121","c5c0bb2845c9bf5bf07e803de029d621d1502fe76f782e7880347746ff005c61","1835121","c5c0bb2845c9bf5bf07e803de029d621d1502fe76f782e7880347746ff005c61","true","true","ciphertext_artifacts/add_iter032_c2.seal","1835121","50aecdada9fd0be2d4f06b625c5cf7860d2c4829100a45c933613fa5d508758a","1835121","50aecdada9fd0be2d4f06b625c5cf7860d2c4829100a45c933613fa5d508758a","true","true","true","12.065900","11.523700","23.589600","0.000000","0.107800","0.000000","0.000000","0.000000","0.098100","0.000000","0.000000","0.000000","0.093700","0.000000","0.000000","0.000000","0.092400","0.000000","0.000000","0.000000","0.093300","0.000000","0.000000","0.000000","0.092400","0.000000","0.000000","27263926073900","27263926181700","","27263926181700","","27263926181700","27263926279800","","27263926279800","","27263926279800","27263926373500","","27263926373500","","27263926373500","27263926465900","","27263926465900","","27263926466000","27263926559300","","27263926559300","","27263926559300","27263926651700","","27263926651700","","2.085900","61.736600","6","263","total plaintext payload 1024bit; m1/m2 encrypted as c1/c2; six dependent additions measured individually; each step 100-run average is the comparison unit; eval_chain_ms is a continuous reference"
"ADD","33","0.115500","0.091900","0.090600","0.090800","0.090600","0.090600","PACKAGE22_add_100_20260825_134055_850","Addition depth6","42","-355281549751254390","1024","128","true","true","true","32","true","32","true","32","0.115500","0.091900","0.090600","0.090800","0.090600","0.090600","0.570000","0.570000","0.095000","{""m1"":[27704,24408,19421,37474,5740,16961,42379,1817,3655,60640,11924,33056,36118,13162,41515,17809,24280,41376,56238,7085,24201,3128,2203,21856,10170,56862,5909,57240,44186,22053,14080,29003],""m2"":[5783,29150,35834,58412,38311,61453,17183,31891,7161,55935,58409,18419,37421,17135,52677,3707,12145,12412,62304,57535,22306,5267,6136,53556,296,50879,45009,3083,59829,13609,16651,13714]}","[62628,54008,54112,62984,6819,55592,24454,37404,36103,17143,26312,56407,60124,38516,61943,16820,2481,6129,18642,4334,32648,28313,27220,51481,41568,52400,27589,41598,28546,63502,40736,26080]","[62628,54008,54112,62984,6819,55592,24454,37404,36103,17143,26312,56407,60124,38516,61943,16820,2481,6129,18642,4334,32648,28313,27220,51481,41568,52400,27589,41598,28546,63502,40736,26080]","[{""label"":""c1=Enc(m1)"",""active_slots"":32,""logical_bits_per_active_slot"":16,""payload_bits_per_block"":512,""ciphertext_size"":2,""chain_index"":6,""fingerprint64"":""b9e51885eb516d17""},{""label"":""c2=Enc(m2)"",""active_slots"":32,""logical_bits_per_active_slot"":16,""payload_bits_per_block"":512,""ciphertext_size"":2,""chain_index"":6,""fingerprint64"":""ef7dd5d16d37c52a""}]","[27704,24408,19421,37474,5740,16961,42379,1817,3655,60640,11924,33056,36118,13162,41515,17809,24280,41376,56238,7085,24201,3128,2203,21856,10170,56862,5909,57240,44186,22053,14080,29003]","[5783,29150,35834,58412,38311,61453,17183,31891,7161,55935,58409,18419,37421,17135,52677,3707,12145,12412,62304,57535,22306,5267,6136,53556,296,50879,45009,3083,59829,13609,16651,13714]","true","ciphertext_artifacts/add_iter033_c1.seal","1835121","beb5022d68dfd8bb75a73c8d31bc81cea4db537296748136d00bdc7c6e133fb3","1835121","beb5022d68dfd8bb75a73c8d31bc81cea4db537296748136d00bdc7c6e133fb3","true","true","ciphertext_artifacts/add_iter033_c2.seal","1835121","644de1c229a6f04ed053569748d1dbdb4db32d89fdd184fc3d9fec427fc41be0","1835121","644de1c229a6f04ed053569748d1dbdb4db32d89fdd184fc3d9fec427fc41be0","true","true","true","11.511700","11.040900","22.552600","0.000000","0.115500","0.000000","0.000000","0.000000","0.091900","0.000000","0.000000","0.000000","0.090600","0.000000","0.000000","0.000000","0.090800","0.000000","0.000000","0.000000","0.090600","0.000000","0.000000","0.000000","0.090600","0.000000","0.000000","27264684083400","27264684198900","","27264684198900","","27264684198900","27264684290800","","27264684290800","","27264684290800","27264684381400","","27264684381400","","27264684381400","27264684472200","","27264684472200","","27264684472200","27264684562800","","27264684562800","","27264684562800","27264684653400","","27264684653400","","2.026100","59.274800","6","262","total plaintext payload 1024bit; m1/m2 encrypted as c1/c2; six dependent additions measured individually; each step 100-run average is the comparison unit; eval_chain_ms is a continuous reference"
"ADD","34","0.108300","0.093700","0.092700","0.091400","0.092500","0.091100","PACKAGE22_add_100_20260825_134055_850","Addition depth6","42","-7104055559209482507","1024","128","true","true","true","32","true","32","true","32","0.108300","0.093700","0.092700","0.091400","0.092500","0.091100","0.569800","0.569700","0.094950","{""m1"":[21808,19192,53019,41065,21865,41676,44157,22208,25163,40115,56804,26235,12998,29712,60996,41694,6896,3327,37267,26376,40954,31821,25561,33205,20775,35616,56465,3646,41334,24858,43622,50958],""m2"":[49993,6570,28248,53345,12686,25300,48325,64125,46818,5421,56560,54400,55723,19612,41987,43013,53035,22838,48713,41165,26213,21322,11401,1281,37974,38621,30492,12765,55559,17605,52685,48879]}","[40600,30941,34672,62147,59981,45993,59455,19059,44495,45649,3674,5992,22550,46610,42260,33667,55615,16285,33059,32388,45844,60176,5373,5589,411,61716,55188,52879,4328,21173,4858,22784]","[40600,30941,34672,62147,59981,45993,59455,19059,44495,45649,3674,5992,22550,46610,42260,33667,55615,16285,33059,32388,45844,60176,5373,5589,411,61716,55188,52879,4328,21173,4858,22784]","[{""label"":""c1=Enc(m1)"",""active_slots"":32,""logical_bits_per_active_slot"":16,""payload_bits_per_block"":512,""ciphertext_size"":2,""chain_index"":6,""fingerprint64"":""68e3fd9e29cb979f""},{""label"":""c2=Enc(m2)"",""active_slots"":32,""logical_bits_per_active_slot"":16,""payload_bits_per_block"":512,""ciphertext_size"":2,""chain_index"":6,""fingerprint64"":""4c79b2d01c347a60""}]","[21808,19192,53019,41065,21865,41676,44157,22208,25163,40115,56804,26235,12998,29712,60996,41694,6896,3327,37267,26376,40954,31821,25561,33205,20775,35616,56465,3646,41334,24858,43622,50958]","[49993,6570,28248,53345,12686,25300,48325,64125,46818,5421,56560,54400,55723,19612,41987,43013,53035,22838,48713,41165,26213,21322,11401,1281,37974,38621,30492,12765,55559,17605,52685,48879]","true","ciphertext_artifacts/add_iter034_c1.seal","1835121","ff456f156522a63f6916bcee32e0d4ef8589837181f82457107ddd590dcfec6b","1835121","ff456f156522a63f6916bcee32e0d4ef8589837181f82457107ddd590dcfec6b","true","true","ciphertext_artifacts/add_iter034_c2.seal","1835121","71f7ad324945e3b860c92327f7d65ae5e970dc0d3b349223398121c1a96de8c7","1835121","71f7ad324945e3b860c92327f7d65ae5e970dc0d3b349223398121c1a96de8c7","true","true","true","11.404900","10.973300","22.378200","0.000000","0.108300","0.000000","0.000000","0.000000","0.093700","0.000000","0.000000","0.000000","0.092700","0.000000","0.000000","0.000000","0.091400","0.000000","0.000000","0.000000","0.092500","0.000000","0.000000","0.000000","0.091100","0.000000","0.000000","27265439050900","27265439159200","","27265439159200","","27265439159200","27265439252900","","27265439252900","","27265439252900","27265439345600","","27265439345600","","27265439345600","27265439437000","","27265439437000","","27265439437000","27265439529500","","27265439529500","","27265439529600","27265439620700","","27265439620700","","2.064400","60.046900","6","263","total plaintext payload 1024bit; m1/m2 encrypted as c1/c2; six dependent additions measured individually; each step 100-run average is the comparison unit; eval_chain_ms is a continuous reference"
"ADD","35","0.115000","0.093100","0.090800","0.092300","0.090700","0.092100","PACKAGE22_add_100_20260825_134055_850","Addition depth6","42","4585471346643077856","1024","128","true","true","true","32","true","32","true","32","0.115000","0.093100","0.090800","0.092300","0.090700","0.092100","0.574100","0.574000","0.095667","{""m1"":[45188,6354,63465,58190,32193,64921,64006,47777,19050,39438,38423,15349,42881,62469,63827,51864,52304,17070,51236,8267,58372,25531,708,25389,14539,51100,32766,35217,23882,30733,12339,26430],""m2"":[63505,8923,43387,54008,45385,15404,1410,62693,27831,31078,45395,27185,58173,53655,6815,37434,25008,17845,64452,52330,41062,64659,7878,3006,26990,7168,16607,40534,3666,8057,37735,39118]}","[43582,52185,56336,1562,2779,43748,63643,51502,28619,54375,27729,11877,18358,17619,13605,57610,22092,56278,5078,58984,28989,33953,26466,45037,8052,29293,49811,322,40989,16029,31487,26463]","[43582,52185,56336,1562,2779,43748,63643,51502,28619,54375,27729,11877,18358,17619,13605,57610,22092,56278,5078,58984,28989,33953,26466,45037,8052,29293,49811,322,40989,16029,31487,26463]","[{""label"":""c1=Enc(m1)"",""active_slots"":32,""logical_bits_per_active_slot"":16,""payload_bits_per_block"":512,""ciphertext_size"":2,""chain_index"":6,""fingerprint64"":""d3c0de6d15efaee0""},{""label"":""c2=Enc(m2)"",""active_slots"":32,""logical_bits_per_active_slot"":16,""payload_bits_per_block"":512,""ciphertext_size"":2,""chain_index"":6,""fingerprint64"":""09c789abcd90a59f""}]","[45188,6354,63465,58190,32193,64921,64006,47777,19050,39438,38423,15349,42881,62469,63827,51864,52304,17070,51236,8267,58372,25531,708,25389,14539,51100,32766,35217,23882,30733,12339,26430]","[63505,8923,43387,54008,45385,15404,1410,62693,27831,31078,45395,27185,58173,53655,6815,37434,25008,17845,64452,52330,41062,64659,7878,3006,26990,7168,16607,40534,3666,8057,37735,39118]","true","ciphertext_artifacts/add_iter035_c1.seal","1835121","86e8304912d6fcedc750a3d605a1a5c9f3790a7f8b9bfcf33dc61fad5f1b6845","1835121","86e8304912d6fcedc750a3d605a1a5c9f3790a7f8b9bfcf33dc61fad5f1b6845","true","true","ciphertext_artifacts/add_iter035_c2.seal","1835121","3cf4a5670ad55697a3e9fee4cedddc3431ff7b923248d0b6325a200c760c9f01","1835121","3cf4a5670ad55697a3e9fee4cedddc3431ff7b923248d0b6325a200c760c9f01","true","true","true","11.522200","11.024800","22.547000","0.000000","0.115000","0.000000","0.000000","0.000000","0.093100","0.000000","0.000000","0.000000","0.090800","0.000000","0.000000","0.000000","0.092300","0.000000","0.000000","0.000000","0.090700","0.000000","0.000000","0.000000","0.092100","0.000000","0.000000","27266216609500","27266216724500","","27266216724500","","27266216724500","27266216817600","","27266216817600","","27266216817600","27266216908400","","27266216908400","","27266216908400","27266217000700","","27266217000700","","27266217000800","27266217091500","","27266217091500","","27266217091500","27266217183600","","27266217183600","","2.064400","62.420000","6","262","total plaintext payload 1024bit; m1/m2 encrypted as c1/c2; six dependent additions measured individually; each step 100-run average is the comparison unit; eval_chain_ms is a continuous reference"
"ADD","36","0.106200","0.091200","0.091000","0.091200","0.090700","0.091100","PACKAGE22_add_100_20260825_134055_850","Addition depth6","42","-6774988698423193909","1024","128","true","true","true","32","true","32","true","32","0.106200","0.091200","0.091000","0.091200","0.090700","0.091100","0.561600","0.561400","0.093567","{""m1"":[42419,56186,45837,40608,57179,54885,10820,25318,59801,52313,60912,59086,57930,55536,31509,53218,3542,28389,27638,59608,15024,475,24548,28397,22186,15460,62013,6179,65529,3525,596,62570],""m2"":[52601,13581,10394,50329,30861,34403,302,64849,43879,57193,26541,5176,7820,45314,24598,14417,30438,12925,62398,10596,45110,57850,2383,35824,36307,48994,32806,54630,51404,45465,44031,21806]}","[65331,3339,17919,51271,59151,60601,44186,33671,43156,53146,61123,55261,58569,30401,3219,59512,39945,21257,35598,8072,64352,44376,39804,24449,1054,12211,18785,57532,23106,19421,3403,53550]","[65331,3339,17919,51271,59151,60601,44186,33671,43156,53146,61123,55261,58569,30401,3219,59512,39945,21257,35598,8072,64352,44376,39804,24449,1054,12211,18785,57532,23106,19421,3403,53550]","[{""label"":""c1=Enc(m1)"",""active_slots"":32,""logical_bits_per_active_slot"":16,""payload_bits_per_block"":512,""ciphertext_size"":2,""chain_index"":6,""fingerprint64"":""badb77db9f2adf5e""},{""label"":""c2=Enc(m2)"",""active_slots"":32,""logical_bits_per_active_slot"":16,""payload_bits_per_block"":512,""ciphertext_size"":2,""chain_index"":6,""fingerprint64"":""0f3bd03e017fa964""}]","[42419,56186,45837,40608,57179,54885,10820,25318,59801,52313,60912,59086,57930,55536,31509,53218,3542,28389,27638,59608,15024,475,24548,28397,22186,15460,62013,6179,65529,3525,596,62570]","[52601,13581,10394,50329,30861,34403,302,64849,43879,57193,26541,5176,7820,45314,24598,14417,30438,12925,62398,10596,45110,57850,2383,35824,36307,48994,32806,54630,51404,45465,44031,21806]","true","ciphertext_artifacts/add_iter036_c1.seal","1835121","65091f49a5317f500948f01dd17c5c0b0d91514f1414576613628799541f1f2f","1835121","65091f49a5317f500948f01dd17c5c0b0d91514f1414576613628799541f1f2f","true","true","ciphertext_artifacts/add_iter036_c2.seal","1835121","d90fbf90ffbcab37d30d30761c7135aadf9511fd88a4abe234c50b7d959087bb","1835121","d90fbf90ffbcab37d30d30761c7135aadf9511fd88a4abe234c50b7d959087bb","true","true","true","11.468800","11.016300","22.485100","0.000000","0.106200","0.000000","0.000000","0.000000","0.091200","0.000000","0.000000","0.000000","0.091000","0.000000","0.000000","0.000000","0.091200","0.000000","0.000000","0.000000","0.090700","0.000000","0.000000","0.000000","0.091100","0.000000","0.000000","27266986934700","27266987040900","","27266987040900","","27266987041000","27266987132200","","27266987132200","","27266987132200","27266987223200","","27266987223200","","27266987223200","27266987314400","","27266987314400","","27266987314500","27266987405200","","27266987405200","","27266987405200","27266987496300","","27266987496300","","2.032600","59.289900","6","262","total plaintext payload 1024bit; m1/m2 encrypted as c1/c2; six dependent additions measured individually; each step 100-run average is the comparison unit; eval_chain_ms is a continuous reference"
"ADD","37","0.128600","0.115100","0.106000","0.097600","0.095300","0.094800","PACKAGE22_add_100_20260825_134055_850","Addition depth6","42","4626303433258406710","1024","128","true","true","true","32","true","32","true","32","0.128600","0.115100","0.106000","0.097600","0.095300","0.094800","0.637600","0.637400","0.106233","{""m1"":[2920,19848,43584,18915,48362,861,65280,48439,47745,31998,3162,48324,51421,28339,62743,12331,31028,18540,22251,40930,27555,37086,22646,33106,48236,13222,303,25624,53062,31817,49466,43879],""m2"":[64416,55754,64138,46654,46109,57997,20500,54800,16193,42519,10057,18846,5135,46262,27603,6666,12449,23446,12247,10174,60640,31861,11927,62082,15785,32377,9207,46135,19367,53570,9607,25850]}","[8317,50043,39065,19011,4090,46361,60472,30471,42948,58938,42819,53223,24478,55531,6096,3785,30385,13424,60208,63168,29992,47316,60828,56522,43688,18945,28833,44290,8201,25830,30074,56455]","[8317,50043,39065,19011,4090,46361,60472,30471,42948,58938,42819,53223,24478,55531,6096,3785,30385,13424,60208,63168,29992,47316,60828,56522,43688,18945,28833,44290,8201,25830,30074,56455]","[{""label"":""c1=Enc(m1)"",""active_slots"":32,""logical_bits_per_active_slot"":16,""payload_bits_per_block"":512,""ciphertext_size"":2,""chain_index"":6,""fingerprint64"":""9784dacf82070bf1""},{""label"":""c2=Enc(m2)"",""active_slots"":32,""logical_bits_per_active_slot"":16,""payload_bits_per_block"":512,""ciphertext_size"":2,""chain_index"":6,""fingerprint64"":""37081a958843d326""}]","[2920,19848,43584,18915,48362,861,65280,48439,47745,31998,3162,48324,51421,28339,62743,12331,31028,18540,22251,40930,27555,37086,22646,33106,48236,13222,303,25624,53062,31817,49466,43879]","[64416,55754,64138,46654,46109,57997,20500,54800,16193,42519,10057,18846,5135,46262,27603,6666,12449,23446,12247,10174,60640,31861,11927,62082,15785,32377,9207,46135,19367,53570,9607,25850]","true","ciphertext_artifacts/add_iter037_c1.seal","1835121","8008e4ef955046e7548270939f5fb9eef30d0af9a3148f64ca34799381328b5d","1835121","8008e4ef955046e7548270939f5fb9eef30d0af9a3148f64ca34799381328b5d","true","true","ciphertext_artifacts/add_iter037_c2.seal","1835121","18fc68ef4a19edef90df6551cf25fb3ddabf29a22f8e8a555a5ec00a123c176a","1835121","18fc68ef4a19edef90df6551cf25fb3ddabf29a22f8e8a555a5ec00a123c176a","true","true","true","11.540000","11.112200","22.652200","0.000000","0.128600","0.000000","0.000000","0.000000","0.115100","0.000000","0.000000","0.000000","0.106000","0.000000","0.000000","0.000000","0.097600","0.000000","0.000000","0.000000","0.095300","0.000000","0.000000","0.000000","0.094800","0.000000","0.000000","27267768747500","27267768876100","","27267768876100","","27267768876200","27267768991300","","27267768991300","","27267768991300","27267769097300","","27267769097300","","27267769097300","27267769194900","","27267769194900","","27267769194900","27267769290200","","27267769290200","","27267769290200","27267769385000","","27267769385000","","2.102200","59.998600","6","263","total plaintext payload 1024bit; m1/m2 encrypted as c1/c2; six dependent additions measured individually; each step 100-run average is the comparison unit; eval_chain_ms is a continuous reference"
"ADD","38","0.106200","0.093600","0.091600","0.091800","0.090700","0.091800","PACKAGE22_add_100_20260825_134055_850","Addition depth6","42","-2158517034143181023","1024","128","true","true","true","32","true","32","true","32","0.106200","0.093600","0.091600","0.091800","0.090700","0.091800","0.565700","0.565700","0.094283","{""m1"":[63011,35923,57992,48089,34118,60766,37128,31991,55803,22914,46872,7570,63275,9821,25564,26601,14058,6014,1748,13649,11287,54325,44731,25883,42364,61554,26441,12384,46433,9655,41097,63871],""m2"":[47902,50629,43072,32613,35523,18091,61628,23726,18865,38256,64483,64588,16597,2589,62206,32703,64609,19977,64991,55304,18300,40750,8780,26006,10525,36298,18622,62931,16337,5708,11103,1402]}","[2528,33431,33499,28047,46430,35189,5711,2531,17659,9813,53252,27433,40743,47051,26726,7902,53448,18450,5354,23897,34511,11865,8653,50476,4420,27425,30556,41718,38132,55744,1086,63079]","[2528,33431,33499,28047,46430,35189,5711,2531,17659,9813,53252,27433,40743,47051,26726,7902,53448,18450,5354,23897,34511,11865,8653,50476,4420,27425,30556,41718,38132,55744,1086,63079]","[{""label"":""c1=Enc(m1)"",""active_slots"":32,""logical_bits_per_active_slot"":16,""payload_bits_per_block"":512,""ciphertext_size"":2,""chain_index"":6,""fingerprint64"":""a0cb8aae422d427a""},{""label"":""c2=Enc(m2)"",""active_slots"":32,""logical_bits_per_active_slot"":16,""payload_bits_per_block"":512,""ciphertext_size"":2,""chain_index"":6,""fingerprint64"":""10cfa25dc02a6132""}]","[63011,35923,57992,48089,34118,60766,37128,31991,55803,22914,46872,7570,63275,9821,25564,26601,14058,6014,1748,13649,11287,54325,44731,25883,42364,61554,26441,12384,46433,9655,41097,63871]","[47902,50629,43072,32613,35523,18091,61628,23726,18865,38256,64483,64588,16597,2589,62206,32703,64609,19977,64991,55304,18300,40750,8780,26006,10525,36298,18622,62931,16337,5708,11103,1402]","true","ciphertext_artifacts/add_iter038_c1.seal","1835121","d781e49fbec83db423f11e4688d2b8caeebcf8a1224dae6f5e333a9f058e7ab9","1835121","d781e49fbec83db423f11e4688d2b8caeebcf8a1224dae6f5e333a9f058e7ab9","true","true","ciphertext_artifacts/add_iter038_c2.seal","1835121","cc6f524f57fc0d131faaf071d67826bf082e36c87f5ac09b288b1e3f17c6c2f7","1835121","cc6f524f57fc0d131faaf071d67826bf082e36c87f5ac09b288b1e3f17c6c2f7","true","true","true","11.415200","10.963200","22.378400","0.000000","0.106200","0.000000","0.000000","0.000000","0.093600","0.000000","0.000000","0.000000","0.091600","0.000000","0.000000","0.000000","0.091800","0.000000","0.000000","0.000000","0.090700","0.000000","0.000000","0.000000","0.091800","0.000000","0.000000","27268541807900","27268541914100","","27268541914100","","27268541914100","27268542007700","","27268542007700","","27268542007700","27268542099300","","27268542099300","","27268542099300","27268542191100","","27268542191100","","27268542191100","27268542281800","","27268542281800","","27268542281800","27268542373600","","27268542373600","","2.038400","59.917100","6","262","total plaintext payload 1024bit; m1/m2 encrypted as c1/c2; six dependent additions measured individually; each step 100-run average is the comparison unit; eval_chain_ms is a continuous reference"
"ADD","39","0.117300","0.107300","0.091300","0.092300","0.091500","0.091800","PACKAGE22_add_100_20260825_134055_850","Addition depth6","42","-8915734201981822196","1024","128","true","true","true","32","true","32","true","32","0.117300","0.107300","0.091300","0.092300","0.091500","0.091800","0.591700","0.591500","0.098583","{""m1"":[64252,24997,42720,12167,64542,8570,34882,52750,39677,15811,50904,4144,11420,32786,8648,49673,37044,32990,56555,22327,37523,11012,4360,6135,29842,23479,48441,52328,3142,58104,37378,46061],""m2"":[45789,20472,41473,53523,34382,50375,33767,10840,43589,3947,4572,22647,950,11886,61647,47085,37581,48683,63901,44488,9124,64968,60802,3687,34923,48901,49705,51204,44255,22738,44041,17997]}","[1153,30330,33151,12626,33629,54331,44218,46909,27327,9548,20721,18980,48530,35728,22922,12262,64308,15861,24701,26161,46390,42341,3235,35601,27526,44008,15194,35239,14259,38482,19487,41624]","[1153,30330,33151,12626,33629,54331,44218,46909,27327,9548,20721,18980,48530,35728,22922,12262,64308,15861,24701,26161,46390,42341,3235,35601,27526,44008,15194,35239,14259,38482,19487,41624]","[{""label"":""c1=Enc(m1)"",""active_slots"":32,""logical_bits_per_active_slot"":16,""payload_bits_per_block"":512,""ciphertext_size"":2,""chain_index"":6,""fingerprint64"":""d068597a017a6375""},{""label"":""c2=Enc(m2)"",""active_slots"":32,""logical_bits_per_active_slot"":16,""payload_bits_per_block"":512,""ciphertext_size"":2,""chain_index"":6,""fingerprint64"":""795d6889b5e5e64e""}]","[64252,24997,42720,12167,64542,8570,34882,52750,39677,15811,50904,4144,11420,32786,8648,49673,37044,32990,56555,22327,37523,11012,4360,6135,29842,23479,48441,52328,3142,58104,37378,46061]","[45789,20472,41473,53523,34382,50375,33767,10840,43589,3947,4572,22647,950,11886,61647,47085,37581,48683,63901,44488,9124,64968,60802,3687,34923,48901,49705,51204,44255,22738,44041,17997]","true","ciphertext_artifacts/add_iter039_c1.seal","1835121","d267d48ce11fbf3797383897bdc2edc549d60b87767248d9ef016cab706db669","1835121","d267d48ce11fbf3797383897bdc2edc549d60b87767248d9ef016cab706db669","true","true","ciphertext_artifacts/add_iter039_c2.seal","1835121","29b94b59fb3f752b5290917cf7bf1b211c4e020acf76d3341414116d12e8c627","1835121","29b94b59fb3f752b5290917cf7bf1b211c4e020acf76d3341414116d12e8c627","true","true","true","12.335500","11.376100","23.711600","0.000000","0.117300","0.000000","0.000000","0.000000","0.107300","0.000000","0.000000","0.000000","0.091300","0.000000","0.000000","0.000000","0.092300","0.000000","0.000000","0.000000","0.091500","0.000000","0.000000","0.000000","0.091800","0.000000","0.000000","27269327698600","27269327815900","","27269327815900","","27269327816000","27269327923300","","27269327923300","","27269327923400","27269328014700","","27269328014700","","27269328014700","27269328107000","","27269328107000","","27269328107000","27269328198500","","27269328198500","","27269328198500","27269328290300","","27269328290300","","2.089200","61.928200","6","262","total plaintext payload 1024bit; m1/m2 encrypted as c1/c2; six dependent additions measured individually; each step 100-run average is the comparison unit; eval_chain_ms is a continuous reference"
"ADD","40","0.108500","0.105800","0.104000","0.100600","0.095600","0.097200","PACKAGE22_add_100_20260825_134055_850","Addition depth6","42","2782236394861961079","1024","128","true","true","true","32","true","32","true","32","0.108500","0.105800","0.104000","0.100600","0.095600","0.097200","0.611800","0.611700","0.101950","{""m1"":[65206,46211,60473,61580,6299,22983,40076,42203,61350,62387,45950,63258,24619,61354,8110,15570,47223,7842,34549,3679,27813,19667,5248,4452,31236,22943,61830,18453,42191,64670,27656,24768],""m2"":[56850,11691,59634,45920,12621,61171,57918,63162,21433,20858,35093,33591,12946,4864,29578,8829,25283,51979,53539,37888,59277,54009,10596,5064,17887,19622,34150,50446,5724,12920,25863,39415]}","[38152,23306,27572,56395,63059,13297,6373,30613,47551,49974,26931,26120,6240,63397,55637,23230,2593,56231,36665,62843,26935,44084,52780,33000,47531,19564,22085,28539,54862,35292,57139,20706]","[38152,23306,27572,56395,63059,13297,6373,30613,47551,49974,26931,26120,6240,63397,55637,23230,2593,56231,36665,62843,26935,44084,52780,33000,47531,19564,22085,28539,54862,35292,57139,20706]","[{""label"":""c1=Enc(m1)"",""active_slots"":32,""logical_bits_per_active_slot"":16,""payload_bits_per_block"":512,""ciphertext_size"":2,""chain_index"":6,""fingerprint64"":""a8ff0d184fc98441""},{""label"":""c2=Enc(m2)"",""active_slots"":32,""logical_bits_per_active_slot"":16,""payload_bits_per_block"":512,""ciphertext_size"":2,""chain_index"":6,""fingerprint64"":""cd28b1127ca8a7aa""}]","[65206,46211,60473,61580,6299,22983,40076,42203,61350,62387,45950,63258,24619,61354,8110,15570,47223,7842,34549,3679,27813,19667,5248,4452,31236,22943,61830,18453,42191,64670,27656,24768]","[56850,11691,59634,45920,12621,61171,57918,63162,21433,20858,35093,33591,12946,4864,29578,8829,25283,51979,53539,37888,59277,54009,10596,5064,17887,19622,34150,50446,5724,12920,25863,39415]","true","ciphertext_artifacts/add_iter040_c1.seal","1835121","2e53b9802fcb5460b7574ad01299b43c13ea359fc907f1278ec5fceb0eb34d81","1835121","2e53b9802fcb5460b7574ad01299b43c13ea359fc907f1278ec5fceb0eb34d81","true","true","ciphertext_artifacts/add_iter040_c2.seal","1835121","e76314ba570cd62c9f06359c1c73a4d8eb9fc690a6e5d5c619a57b87cf1de51c","1835121","e76314ba570cd62c9f06359c1c73a4d8eb9fc690a6e5d5c619a57b87cf1de51c","true","true","true","11.392700","11.041300","22.434000","0.000000","0.108500","0.000000","0.000000","0.000000","0.105800","0.000000","0.000000","0.000000","0.104000","0.000000","0.000000","0.000000","0.100600","0.000000","0.000000","0.000000","0.095600","0.000000","0.000000","0.000000","0.097200","0.000000","0.000000","27270111256200","27270111364700","","27270111364700","","27270111364700","27270111470500","","27270111470500","","27270111470500","27270111574500","","27270111574500","","27270111574500","27270111675100","","27270111675100","","27270111675100","27270111770700","","27270111770700","","27270111770700","27270111867900","","27270111867900","","2.041700","62.307000","6","262","total plaintext payload 1024bit; m1/m2 encrypted as c1/c2; six dependent additions measured individually; each step 100-run average is the comparison unit; eval_chain_ms is a continuous reference"
"ADD","41","0.267000","0.185800","0.100600","0.101100","0.097300","0.095300","PACKAGE22_add_100_20260825_134055_850","Addition depth6","42","-3975263347466067102","1024","128","true","true","true","32","true","32","true","32","0.267000","0.185800","0.100600","0.101100","0.097300","0.095300","0.847300","0.847100","0.141183","{""m1"":[48964,5233,62236,58237,36187,15764,46500,62795,4077,60519,5547,59323,54544,30743,15669,47797,15500,2872,27082,38856,32585,56619,1185,65331,54975,25499,14600,45356,32406,63714,30409,54925],""m2"":[55940,18657,16701,5304,20758,3755,7272,18181,18533,4781,20092,31437,25891,18703,57725,13580,58543,36287,47225,63173,34935,60986,45484,52043,60151,14713,4105,16811,13691,17941,4220,42579]}","[35991,11366,36899,52249,10411,8784,11205,43575,6370,59808,16927,3918,33701,48007,39240,35317,41018,54812,53392,17258,38534,16212,10118,24231,7131,15061,5178,35246,39623,46531,3222,19752]","[35991,11366,36899,52249,10411,8784,11205,43575,6370,59808,16927,3918,33701,48007,39240,35317,41018,54812,53392,17258,38534,16212,10118,24231,7131,15061,5178,35246,39623,46531,3222,19752]","[{""label"":""c1=Enc(m1)"",""active_slots"":32,""logical_bits_per_active_slot"":16,""payload_bits_per_block"":512,""ciphertext_size"":2,""chain_index"":6,""fingerprint64"":""003b35dc50834376""},{""label"":""c2=Enc(m2)"",""active_slots"":32,""logical_bits_per_active_slot"":16,""payload_bits_per_block"":512,""ciphertext_size"":2,""chain_index"":6,""fingerprint64"":""3d662a231a7d6f7d""}]","[48964,5233,62236,58237,36187,15764,46500,62795,4077,60519,5547,59323,54544,30743,15669,47797,15500,2872,27082,38856,32585,56619,1185,65331,54975,25499,14600,45356,32406,63714,30409,54925]","[55940,18657,16701,5304,20758,3755,7272,18181,18533,4781,20092,31437,25891,18703,57725,13580,58543,36287,47225,63173,34935,60986,45484,52043,60151,14713,4105,16811,13691,17941,4220,42579]","true","ciphertext_artifacts/add_iter041_c1.seal","1835121","1832ace8cad48fd8db384df580b07a483337d6f560a036b1c6b67e7df84db70d","1835121","1832ace8cad48fd8db384df580b07a483337d6f560a036b1c6b67e7df84db70d","true","true","ciphertext_artifacts/add_iter041_c2.seal","1835121","34a41a89981546c6d657dde4363ada05a06056e76f35907f62173fe317cd4cf6","1835121","34a41a89981546c6d657dde4363ada05a06056e76f35907f62173fe317cd4cf6","true","true","true","13.269700","12.259500","25.529200","0.000000","0.267000","0.000000","0.000000","0.000000","0.185800","0.000000","0.000000","0.000000","0.100600","0.000000","0.000000","0.000000","0.101100","0.000000","0.000000","0.000000","0.097300","0.000000","0.000000","0.000000","0.095300","0.000000","0.000000","27270928851000","27270929118000","","27270929118000","","27270929118000","27270929303800","","27270929303800","","27270929303800","27270929404400","","27270929404400","","27270929404500","27270929505600","","27270929505600","","27270929505600","27270929602900","","27270929602900","","27270929602900","27270929698200","","27270929698200","","2.763800","83.090900","6","262","total plaintext payload 1024bit; m1/m2 encrypted as c1/c2; six dependent additions measured individually; each step 100-run average is the comparison unit; eval_chain_ms is a continuous reference"
"ADD","42","0.109600","0.092500","0.095300","0.092000","0.091000","0.098000","PACKAGE22_add_100_20260825_134055_850","Addition depth6","42","7723253174046435149","1024","128","true","true","true","32","true","32","true","32","0.109600","0.092500","0.095300","0.092000","0.091000","0.098000","0.578600","0.578400","0.096400","{""m1"":[58350,52500,15813,16032,57689,60086,48164,14258,64243,36476,17126,33122,26219,10222,56296,29933,4623,50792,62816,35749,38803,42646,64251,10504,49293,63848,65277,56966,21079,8083,22375,49650],""m2"":[36494,55871,55411,5880,61996,11707,46986,58257,31780,6460,60720,6770,46033,24642,33922,19419,4333,33657,33714,680,44062,48464,61571,39002,47344,45906,54849,43854,13036,25529,55666,57546]}","[15197,49928,32874,16231,23522,13317,5929,35192,24627,34210,54053,21724,46364,49277,64802,46915,31491,41991,24721,13962,25250,53828,48495,27948,11519,65425,32433,31741,57887,43382,59887,43553]","[15197,49928,32874,16231,23522,13317,5929,35192,24627,34210,54053,21724,46364,49277,64802,46915,31491,41991,24721,13962,25250,53828,48495,27948,11519,65425,32433,31741,57887,43382,59887,43553]","[{""label"":""c1=Enc(m1)"",""active_slots"":32,""logical_bits_per_active_slot"":16,""payload_bits_per_block"":512,""ciphertext_size"":2,""chain_index"":6,""fingerprint64"":""09359c3a31fb985a""},{""label"":""c2=Enc(m2)"",""active_slots"":32,""logical_bits_per_active_slot"":16,""payload_bits_per_block"":512,""ciphertext_size"":2,""chain_index"":6,""fingerprint64"":""2bc189ff144d8af8""}]","[58350,52500,15813,16032,57689,60086,48164,14258,64243,36476,17126,33122,26219,10222,56296,29933,4623,50792,62816,35749,38803,42646,64251,10504,49293,63848,65277,56966,21079,8083,22375,49650]","[36494,55871,55411,5880,61996,11707,46986,58257,31780,6460,60720,6770,46033,24642,33922,19419,4333,33657,33714,680,44062,48464,61571,39002,47344,45906,54849,43854,13036,25529,55666,57546]","true","ciphertext_artifacts/add_iter042_c1.seal","1835121","31d9652f3791f4ca7ffb91cfd5ae1f5dc82ca0189dde8c6b17e4b02e57c1113c","1835121","31d9652f3791f4ca7ffb91cfd5ae1f5dc82ca0189dde8c6b17e4b02e57c1113c","true","true","ciphertext_artifacts/add_iter042_c2.seal","1835121","f56224cd5bd47388ca18e24f9db251c767e7fdd361e6e5cf6982e89251cbbb78","1835121","f56224cd5bd47388ca18e24f9db251c767e7fdd361e6e5cf6982e89251cbbb78","true","true","true","11.429200","11.145300","22.574500","0.000000","0.109600","0.000000","0.000000","0.000000","0.092500","0.000000","0.000000","0.000000","0.095300","0.000000","0.000000","0.000000","0.092000","0.000000","0.000000","0.000000","0.091000","0.000000","0.000000","0.000000","0.098000","0.000000","0.000000","27271747394300","27271747503900","","27271747503900","","27271747504000","27271747596500","","27271747596500","","27271747596500","27271747691800","","27271747691800","","27271747691800","27271747783800","","27271747783800","","27271747783800","27271747874800","","27271747874800","","27271747874900","27271747972900","","27271747972900","","2.024700","60.469300","6","262","total plaintext payload 1024bit; m1/m2 encrypted as c1/c2; six dependent additions measured individually; each step 100-run average is the comparison unit; eval_chain_ms is a continuous reference"
"ADD","43","0.111900","0.094500","0.092800","0.092500","0.092600","0.096200","PACKAGE22_add_100_20260825_134055_850","Addition depth6","42","965471888032181176","1024","128","true","true","true","32","true","32","true","32","0.111900","0.094500","0.092800","0.092500","0.092600","0.096200","0.580500","0.580500","0.096750","{""m1"":[55982,38533,50104,23494,30614,22294,1712,41289,12976,4772,23721,6188,58779,35917,50223,10959,6267,40812,51704,42728,37256,56684,36720,52611,65130,48833,47869,36840,28608,8141,26637,16594],""m2"":[19988,53579,49291,10145,53693,12266,1199,20786,12963,36704,25703,14701,29904,32304,63730,20081,22319,22762,452,30548,7742,43110,26430,51963,43624,15700,62140,10810,7498,17058,15625,31363]}","[21744,52721,20604,58874,21387,60437,10445,30903,25256,63663,40919,3318,62680,43969,64397,38542,26488,34923,11561,408,41176,28381,29559,38648,63707,45821,50211,48716,5852,18201,22349,29391]","[21744,52721,20604,58874,21387,60437,10445,30903,25256,63663,40919,3318,62680,43969,64397,38542,26488,34923,11561,408,41176,28381,29559,38648,63707,45821,50211,48716,5852,18201,22349,29391]","[{""label"":""c1=Enc(m1)"",""active_slots"":32,""logical_bits_per_active_slot"":16,""payload_bits_per_block"":512,""ciphertext_size"":2,""chain_index"":6,""fingerprint64"":""e75262600cd66124""},{""label"":""c2=Enc(m2)"",""active_slots"":32,""logical_bits_per_active_slot"":16,""payload_bits_per_block"":512,""ciphertext_size"":2,""chain_index"":6,""fingerprint64"":""52664f3f34e25a65""}]","[55982,38533,50104,23494,30614,22294,1712,41289,12976,4772,23721,6188,58779,35917,50223,10959,6267,40812,51704,42728,37256,56684,36720,52611,65130,48833,47869,36840,28608,8141,26637,16594]","[19988,53579,49291,10145,53693,12266,1199,20786,12963,36704,25703,14701,29904,32304,63730,20081,22319,22762,452,30548,7742,43110,26430,51963,43624,15700,62140,10810,7498,17058,15625,31363]","true","ciphertext_artifacts/add_iter043_c1.seal","1835121","b25fea3e06f27219adb04e0bc5b82887369ed6c2919b404995dcb194982ce7b2","1835121","b25fea3e06f27219adb04e0bc5b82887369ed6c2919b404995dcb194982ce7b2","true","true","ciphertext_artifacts/add_iter043_c2.seal","1835121","810d469f127a818d75a519db82025a2e5dad835c2ba0dc3a8a5d299050f9af3b","1835121","810d469f127a818d75a519db82025a2e5dad835c2ba0dc3a8a5d299050f9af3b","true","true","true","14.110100","13.242200","27.352300","0.000000","0.111900","0.000000","0.000000","0.000000","0.094500","0.000000","0.000000","0.000000","0.092800","0.000000","0.000000","0.000000","0.092500","0.000000","0.000000","0.000000","0.092600","0.000000","0.000000","0.000000","0.096200","0.000000","0.000000","27272573731900","27272573843800","","27272573843800","","27272573843800","27272573938300","","27272573938300","","27272573938300","27272574031100","","27272574031100","","27272574031100","27272574123600","","27272574123600","","27272574123600","27272574216200","","27272574216200","","27272574216200","27272574312400","","27272574312400","","2.094800","78.348200","6","262","total plaintext payload 1024bit; m1/m2 encrypted as c1/c2; six dependent additions measured individually; each step 100-run average is the comparison unit; eval_chain_ms is a continuous reference"
"ADD","44","0.131700","0.098000","0.102000","0.116500","0.111800","0.099700","PACKAGE22_add_100_20260825_134055_850","Addition depth6","42","-5782742487189213277","1024","128","true","true","true","32","true","32","true","32","0.131700","0.098000","0.102000","0.116500","0.111800","0.099700","0.659900","0.659700","0.109950","{""m1"":[4571,50828,27242,33873,11029,62063,59553,6882,292,33800,20723,14296,48096,29949,32301,8502,49219,62508,38471,54786,30516,23015,44666,38509,58531,10132,18545,11662,49562,31217,46885,39081],""m2"":[41165,59481,41860,42257,24955,19917,9913,9863,58764,10649,35969,42455,45273,29709,20330,39473,59054,36821,30678,6387,41967,29304,1956,11661,51454,59167,3483,22836,15104,4571,11611,8268]}","[10705,54070,37937,115,53444,45855,5803,57117,46386,36073,59725,53475,518,12312,59120,21353,46353,32810,49307,41694,51354,48898,53458,57945,60801,21418,19092,49619,46949,7507,25762,50054]","[10705,54070,37937,115,53444,45855,5803,57117,46386,36073,59725,53475,518,12312,59120,21353,46353,32810,49307,41694,51354,48898,53458,57945,60801,21418,19092,49619,46949,7507,25762,50054]","[{""label"":""c1=Enc(m1)"",""active_slots"":32,""logical_bits_per_active_slot"":16,""payload_bits_per_block"":512,""ciphertext_size"":2,""chain_index"":6,""fingerprint64"":""75c04d9a7e0b74ce""},{""label"":""c2=Enc(m2)"",""active_slots"":32,""logical_bits_per_active_slot"":16,""payload_bits_per_block"":512,""ciphertext_size"":2,""chain_index"":6,""fingerprint64"":""605b1b6c9edad111""}]","[4571,50828,27242,33873,11029,62063,59553,6882,292,33800,20723,14296,48096,29949,32301,8502,49219,62508,38471,54786,30516,23015,44666,38509,58531,10132,18545,11662,49562,31217,46885,39081]","[41165,59481,41860,42257,24955,19917,9913,9863,58764,10649,35969,42455,45273,29709,20330,39473,59054,36821,30678,6387,41967,29304,1956,11661,51454,59167,3483,22836,15104,4571,11611,8268]","true","ciphertext_artifacts/add_iter044_c1.seal","1835121","a90f754b35f1c0785016f27f0561446a5722d50830c71e6ccb3b17cdbec54c40","1835121","a90f754b35f1c0785016f27f0561446a5722d50830c71e6ccb3b17cdbec54c40","true","true","ciphertext_artifacts/add_iter044_c2.seal","1835121","dbc54e3acf3ad7d11f3a0902fe86ed283f2ea5026d45063d70355c6ef92dc72d","1835121","dbc54e3acf3ad7d11f3a0902fe86ed283f2ea5026d45063d70355c6ef92dc72d","true","true","true","14.449300","12.944300","27.393600","0.000000","0.131700","0.000000","0.000000","0.000000","0.098000","0.000000","0.000000","0.000000","0.102000","0.000000","0.000000","0.000000","0.116500","0.000000","0.000000","0.000000","0.111800","0.000000","0.000000","0.000000","0.099700","0.000000","0.000000","27273419392000","27273419523700","","27273419523700","","27273419523800","27273419621800","","27273419621800","","27273419621800","27273419723800","","27273419723800","","27273419723800","27273419840300","","27273419840300","","27273419840300","27273419952100","","27273419952100","","27273419952200","27273420051900","","27273420051900","","2.248200","72.157000","6","262","total plaintext payload 1024bit; m1/m2 encrypted as c1/c2; six dependent additions measured individually; each step 100-run average is the comparison unit; eval_chain_ms is a continuous reference"
"ADD","45","0.116000","0.102400","0.095200","0.096000","0.093600","0.094700","PACKAGE22_add_100_20260825_134055_850","Addition depth6","42","5906220369200395150","1024","128","true","true","true","32","true","32","true","32","0.116000","0.102400","0.095200","0.096000","0.093600","0.094700","0.598100","0.597900","0.099650","{""m1"":[24604,49718,26499,25751,59475,51071,44181,13761,27974,41958,39641,39428,27339,41133,23223,908,60346,43687,60941,17890,39667,22672,18476,49570,27951,32080,8779,29843,61236,25927,63759,515],""m2"":[45405,16162,3045,13678,42965,32292,22877,23207,51511,36659,32224,43294,37996,41121,30159,37447,10630,11127,17491,54935,47081,49719,4983,52240,20982,54864,29233,35967,26257,21142,54283,13514]}","[38020,50747,49594,12964,39110,39012,48744,59128,4281,15661,58625,25446,26733,25747,52295,50436,11126,11518,34089,39754,37763,43234,23316,27315,43676,30764,57278,30662,61567,36060,24663,42602]","[38020,50747,49594,12964,39110,39012,48744,59128,4281,15661,58625,25446,26733,25747,52295,50436,11126,11518,34089,39754,37763,43234,23316,27315,43676,30764,57278,30662,61567,36060,24663,42602]","[{""label"":""c1=Enc(m1)"",""active_slots"":32,""logical_bits_per_active_slot"":16,""payload_bits_per_block"":512,""ciphertext_size"":2,""chain_index"":6,""fingerprint64"":""06d142d500076f93""},{""label"":""c2=Enc(m2)"",""active_slots"":32,""logical_bits_per_active_slot"":16,""payload_bits_per_block"":512,""ciphertext_size"":2,""chain_index"":6,""fingerprint64"":""446be3063b17b281""}]","[24604,49718,26499,25751,59475,51071,44181,13761,27974,41958,39641,39428,27339,41133,23223,908,60346,43687,60941,17890,39667,22672,18476,49570,27951,32080,8779,29843,61236,25927,63759,515]","[45405,16162,3045,13678,42965,32292,22877,23207,51511,36659,32224,43294,37996,41121,30159,37447,10630,11127,17491,54935,47081,49719,4983,52240,20982,54864,29233,35967,26257,21142,54283,13514]","true","ciphertext_artifacts/add_iter045_c1.seal","1835121","58b5740919ce33f544d4d6a014a1b39fcdbf20cf0084566b039aa1862d2c2fef","1835121","58b5740919ce33f544d4d6a014a1b39fcdbf20cf0084566b039aa1862d2c2fef","true","true","ciphertext_artifacts/add_iter045_c2.seal","1835121","0212944a832d4ecde05dc7804781518f64585a9d4ba4feec97e270a42005ab95","1835121","0212944a832d4ecde05dc7804781518f64585a9d4ba4feec97e270a42005ab95","true","true","true","12.962400","12.003800","24.966200","0.000000","0.116000","0.000000","0.000000","0.000000","0.102400","0.000000","0.000000","0.000000","0.095200","0.000000","0.000000","0.000000","0.096000","0.000000","0.000000","0.000000","0.093600","0.000000","0.000000","0.000000","0.094700","0.000000","0.000000","27274290158900","27274290274900","","27274290274900","","27274290274900","27274290377300","","27274290377300","","27274290377400","27274290472600","","27274290472600","","27274290472600","27274290568600","","27274290568600","","27274290568600","27274290662200","","27274290662200","","27274290662200","27274290756900","","27274290756900","","2.214200","65.550300","6","262","total plaintext payload 1024bit; m1/m2 encrypted as c1/c2; six dependent additions measured individually; each step 100-run average is the comparison unit; eval_chain_ms is a continuous reference"
"ADD","46","0.119000","0.095800","0.093600","0.093500","0.093000","0.093500","PACKAGE22_add_100_20260825_134055_850","Addition depth6","42","-882521987440166919","1024","128","true","true","true","32","true","32","true","32","0.119000","0.095800","0.093600","0.093500","0.093000","0.093500","0.588600","0.588400","0.098067","{""m1"":[25627,20552,60618,20191,11593,13921,14579,54664,49198,25622,54437,29536,48564,14114,61873,29481,24738,3118,24591,26145,38739,45097,64347,29803,60414,59473,13799,48770,47374,20775,19112,25197],""m2"":[20860,48387,48359,5021,19880,31453,27614,2326,49003,29560,10791,441,49190,50596,12760,54210,60131,19413,41770,40343,294,22184,38189,17924,6937,36590,64789,25222,24305,3640,54152,26270]}","[34014,30758,59864,30290,40475,18969,10084,29023,16116,60094,53510,53930,14141,11633,23624,18406,17197,5174,27063,28998,24764,50329,44270,41910,319,19977,52952,8598,263,28483,42293,48524]","[34014,30758,59864,30290,40475,18969,10084,29023,16116,60094,53510,53930,14141,11633,23624,18406,17197,5174,27063,28998,24764,50329,44270,41910,319,19977,52952,8598,263,28483,42293,48524]","[{""label"":""c1=Enc(m1)"",""active_slots"":32,""logical_bits_per_active_slot"":16,""payload_bits_per_block"":512,""ciphertext_size"":2,""chain_index"":6,""fingerprint64"":""a53d3bc318812f8c""},{""label"":""c2=Enc(m2)"",""active_slots"":32,""logical_bits_per_active_slot"":16,""payload_bits_per_block"":512,""ciphertext_size"":2,""chain_index"":6,""fingerprint64"":""8615280d0b3fd39f""}]","[25627,20552,60618,20191,11593,13921,14579,54664,49198,25622,54437,29536,48564,14114,61873,29481,24738,3118,24591,26145,38739,45097,64347,29803,60414,59473,13799,48770,47374,20775,19112,25197]","[20860,48387,48359,5021,19880,31453,27614,2326,49003,29560,10791,441,49190,50596,12760,54210,60131,19413,41770,40343,294,22184,38189,17924,6937,36590,64789,25222,24305,3640,54152,26270]","true","ciphertext_artifacts/add_iter046_c1.seal","1835121","86a9ac3a2bdc9686ecdd7944d824522987823c568919f2285b91eb9259803c68","1835121","86a9ac3a2bdc9686ecdd7944d824522987823c568919f2285b91eb9259803c68","true","true","ciphertext_artifacts/add_iter046_c2.seal","1835121","d7d9e32c96fb6c42262205c98483ac613974f85bd64b4f308eb9ba6d7f732bbe","1835121","d7d9e32c96fb6c42262205c98483ac613974f85bd64b4f308eb9ba6d7f732bbe","true","true","true","12.947900","12.283300","25.231200","0.000000","0.119000","0.000000","0.000000","0.000000","0.095800","0.000000","0.000000","0.000000","0.093600","0.000000","0.000000","0.000000","0.093500","0.000000","0.000000","0.000000","0.093000","0.000000","0.000000","0.000000","0.093500","0.000000","0.000000","27275134255400","27275134374400","","27275134374400","","27275134374500","27275134470300","","27275134470300","","27275134470300","27275134563900","","27275134563900","","27275134563900","27275134657400","","27275134657400","","27275134657400","27275134750400","","27275134750400","","27275134750400","27275134843900","","27275134843900","","2.273500","70.545600","6","262","total plaintext payload 1024bit; m1/m2 encrypted as c1/c2; six dependent additions measured individually; each step 100-run average is the comparison unit; eval_chain_ms is a continuous reference"
"ADD","47","0.152100","0.104400","0.096200","0.096300","0.095300","0.100800","PACKAGE22_add_100_20260825_134055_850","Addition depth6","42","-7919543973811143708","1024","128","true","true","true","32","true","32","true","32","0.152100","0.104400","0.096200","0.096300","0.095300","0.100800","0.645500","0.645100","0.107517","{""m1"":[41384,37236,42608,28315,65119,8872,41981,59927,19806,27074,50518,58250,47932,4709,58762,4124,2410,2504,29442,40500,5765,43949,642,62578,23608,49075,7796,38061,6029,10140,41113,10867],""m2"":[50744,60116,53040,44256,13037,10344,38609,49854,32637,36267,60215,9458,12376,21911,40266,33589,35795,11811,25664,16544,17826,18266,62973,55303,16923,40059,20844,33073,6354,2022,5809,29621]}","[55620,1607,1867,49417,37439,983,21603,61585,46061,20486,55032,64763,32245,19032,28161,51726,51488,45449,63686,15021,11001,33983,60413,22999,14127,54329,28179,54852,43178,46626,50805,1257]","[55620,1607,1867,49417,37439,983,21603,61585,46061,20486,55032,64763,32245,19032,28161,51726,51488,45449,63686,15021,11001,33983,60413,22999,14127,54329,28179,54852,43178,46626,50805,1257]","[{""label"":""c1=Enc(m1)"",""active_slots"":32,""logical_bits_per_active_slot"":16,""payload_bits_per_block"":512,""ciphertext_size"":2,""chain_index"":6,""fingerprint64"":""8902903175ee1531""},{""label"":""c2=Enc(m2)"",""active_slots"":32,""logical_bits_per_active_slot"":16,""payload_bits_per_block"":512,""ciphertext_size"":2,""chain_index"":6,""fingerprint64"":""af3033af7ab114c1""}]","[41384,37236,42608,28315,65119,8872,41981,59927,19806,27074,50518,58250,47932,4709,58762,4124,2410,2504,29442,40500,5765,43949,642,62578,23608,49075,7796,38061,6029,10140,41113,10867]","[50744,60116,53040,44256,13037,10344,38609,49854,32637,36267,60215,9458,12376,21911,40266,33589,35795,11811,25664,16544,17826,18266,62973,55303,16923,40059,20844,33073,6354,2022,5809,29621]","true","ciphertext_artifacts/add_iter047_c1.seal","1835121","0b5b083ea9d606ba7cea1a9e8538cd7303e44ab4edd9175cebb3474e6a6525ec","1835121","0b5b083ea9d606ba7cea1a9e8538cd7303e44ab4edd9175cebb3474e6a6525ec","true","true","ciphertext_artifacts/add_iter047_c2.seal","1835121","cd752939d0f3b9ead3ccdb065658d98eac350f069bbe6f36e7c317a2289933ba","1835121","cd752939d0f3b9ead3ccdb065658d98eac350f069bbe6f36e7c317a2289933ba","true","true","true","11.840200","12.583700","24.423900","0.000000","0.152100","0.000000","0.000000","0.000000","0.104400","0.000000","0.000000","0.000000","0.096200","0.000000","0.000000","0.000000","0.096300","0.000000","0.000000","0.000000","0.095300","0.000000","0.000000","0.000000","0.100800","0.000000","0.000000","27275944321500","27275944473600","","27275944473600","","27275944473700","27275944578100","","27275944578100","","27275944578100","27275944674300","","27275944674300","","27275944674400","27275944770700","","27275944770700","","27275944770700","27275944866000","","27275944866000","","27275944866000","27275944966800","","27275944966800","","2.077400","65.067800","6","262","total plaintext payload 1024bit; m1/m2 encrypted as c1/c2; six dependent additions measured individually; each step 100-run average is the comparison unit; eval_chain_ms is a continuous reference"
"ADD","48","0.205200","0.111700","0.135000","0.101900","0.099900","0.101600","PACKAGE22_add_100_20260825_134055_850","Addition depth6","42","3769982923470356431","1024","128","true","true","true","32","true","32","true","32","0.205200","0.111700","0.135000","0.101900","0.099900","0.101600","0.755500","0.755300","0.125883","{""m1"":[17568,29007,20414,48218,43283,2932,57314,60828,39104,19429,36744,14701,40543,41412,9524,12962,3828,23643,14502,60486,41279,16978,19766,15585,59386,19031,43654,4111,25559,25716,41585,48351],""m2"":[59275,29123,5761,40206,56530,12339,37989,32721,49609,11192,39699,133,5392,45951,9625,34755,19927,20992,19508,48093,29876,14161,23176,7604,52424,46368,43401,35153,57207,13524,16265,18672]}","[51486,6786,33402,51342,15037,48745,15538,13790,43095,45755,3925,59203,47274,41353,1434,25039,9556,26474,50995,58538,58133,44858,17518,19615,1594,18617,42671,56366,11709,12362,18524,52809]","[51486,6786,33402,51342,15037,48745,15538,13790,43095,45755,3925,59203,47274,41353,1434,25039,9556,26474,50995,58538,58133,44858,17518,19615,1594,18617,42671,56366,11709,12362,18524,52809]","[{""label"":""c1=Enc(m1)"",""active_slots"":32,""logical_bits_per_active_slot"":16,""payload_bits_per_block"":512,""ciphertext_size"":2,""chain_index"":6,""fingerprint64"":""c6c90c0491a0cd9f""},{""label"":""c2=Enc(m2)"",""active_slots"":32,""logical_bits_per_active_slot"":16,""payload_bits_per_block"":512,""ciphertext_size"":2,""chain_index"":6,""fingerprint64"":""d1a08f376e2a636c""}]","[17568,29007,20414,48218,43283,2932,57314,60828,39104,19429,36744,14701,40543,41412,9524,12962,3828,23643,14502,60486,41279,16978,19766,15585,59386,19031,43654,4111,25559,25716,41585,48351]","[59275,29123,5761,40206,56530,12339,37989,32721,49609,11192,39699,133,5392,45951,9625,34755,19927,20992,19508,48093,29876,14161,23176,7604,52424,46368,43401,35153,57207,13524,16265,18672]","true","ciphertext_artifacts/add_iter048_c1.seal","1835121","56b5fb19ec7f9e692957b82274830c3d5a86944ee644cc539640ab8f037737f9","1835121","56b5fb19ec7f9e692957b82274830c3d5a86944ee644cc539640ab8f037737f9","true","true","ciphertext_artifacts/add_iter048_c2.seal","1835121","43761957ae88d4d23c3f9db9466e5165df7e6c50a8c5494b4f3ff1e288dc55f5","1835121","43761957ae88d4d23c3f9db9466e5165df7e6c50a8c5494b4f3ff1e288dc55f5","true","true","true","13.410000","12.996600","26.406600","0.000000","0.205200","0.000000","0.000000","0.000000","0.111700","0.000000","0.000000","0.000000","0.135000","0.000000","0.000000","0.000000","0.101900","0.000000","0.000000","0.000000","0.099900","0.000000","0.000000","0.000000","0.101600","0.000000","0.000000","27276731557900","27276731763100","","27276731763100","","27276731763100","27276731874800","","27276731874800","","27276731874800","27276732009800","","27276732009800","","27276732009800","27276732111700","","27276732111700","","27276732111800","27276732211700","","27276732211700","","27276732211700","27276732313300","","27276732313300","","2.347300","75.878900","6","263","total plaintext payload 1024bit; m1/m2 encrypted as c1/c2; six dependent additions measured individually; each step 100-run average is the comparison unit; eval_chain_ms is a continuous reference"
"ADD","49","0.107700","0.097700","0.091300","0.098300","0.091000","0.095600","PACKAGE22_add_100_20260825_134055_850","Addition depth6","42","-2978791163323237318","1024","128","true","true","true","32","true","32","true","32","0.107700","0.097700","0.091300","0.098300","0.091000","0.095600","0.581800","0.581600","0.096933","{""m1"":[34206,30796,22506,2900,29316,3813,38590,59732,7115,52920,24019,40122,19941,11950,52460,63044,58846,58320,59553,63211,22328,27671,2741,52349,48005,13143,48434,60414,19862,4556,16167,35450],""m2"":[27849,49139,51185,47238,28151,47895,55911,46698,3550,17286,20990,3972,63617,64277,40556,48611,42709,38422,2100,47900,48072,17304,33358,56639,7583,13578,550,18742,49851,24438,10558,61490]}","[23760,8453,46968,22240,5106,27863,59945,51337,39110,1390,27972,41330,8467,44020,3823,4787,35826,20861,47901,3322,36917,31522,45501,51628,18158,27769,64312,35734,32390,26001,30805,64122]","[23760,8453,46968,22240,5106,27863,59945,51337,39110,1390,27972,41330,8467,44020,3823,4787,35826,20861,47901,3322,36917,31522,45501,51628,18158,27769,64312,35734,32390,26001,30805,64122]","[{""label"":""c1=Enc(m1)"",""active_slots"":32,""logical_bits_per_active_slot"":16,""payload_bits_per_block"":512,""ciphertext_size"":2,""chain_index"":6,""fingerprint64"":""7f5f6d3c6943c2f2""},{""label"":""c2=Enc(m2)"",""active_slots"":32,""logical_bits_per_active_slot"":16,""payload_bits_per_block"":512,""ciphertext_size"":2,""chain_index"":6,""fingerprint64"":""1cb8505f31b4efa4""}]","[34206,30796,22506,2900,29316,3813,38590,59732,7115,52920,24019,40122,19941,11950,52460,63044,58846,58320,59553,63211,22328,27671,2741,52349,48005,13143,48434,60414,19862,4556,16167,35450]","[27849,49139,51185,47238,28151,47895,55911,46698,3550,17286,20990,3972,63617,64277,40556,48611,42709,38422,2100,47900,48072,17304,33358,56639,7583,13578,550,18742,49851,24438,10558,61490]","true","ciphertext_artifacts/add_iter049_c1.seal","1835121","b27d479a80117fdbfb7097e34ecbf0f125ee9258a81871cedd521b333f15b952","1835121","b27d479a80117fdbfb7097e34ecbf0f125ee9258a81871cedd521b333f15b952","true","true","ciphertext_artifacts/add_iter049_c2.seal","1835121","2b97cfbe801e264c231d5da432500aaa9f7963e27c1bd796050c751a62bc7239","1835121","2b97cfbe801e264c231d5da432500aaa9f7963e27c1bd796050c751a62bc7239","true","true","true","11.494400","11.002000","22.496400","0.000000","0.107700","0.000000","0.000000","0.000000","0.097700","0.000000","0.000000","0.000000","0.091300","0.000000","0.000000","0.000000","0.098300","0.000000","0.000000","0.000000","0.091000","0.000000","0.000000","0.000000","0.095600","0.000000","0.000000","27277525280800","27277525388500","","27277525388500","","27277525388500","27277525486200","","27277525486200","","27277525486200","27277525577500","","27277525577500","","27277525577500","27277525675800","","27277525675800","","27277525675900","27277525766900","","27277525766900","","27277525766900","27277525862500","","27277525862500","","2.026900","60.863700","6","262","total plaintext payload 1024bit; m1/m2 encrypted as c1/c2; six dependent additions measured individually; each step 100-run average is the comparison unit; eval_chain_ms is a continuous reference"
"ADD","50","0.106000","0.090600","0.090600","0.090600","0.090600","0.090500","PACKAGE22_add_100_20260825_134055_850","Addition depth6","42","8710735201397260325","1024","128","true","true","true","32","true","32","true","32","0.106000","0.090600","0.090600","0.090600","0.090600","0.090500","0.559000","0.558900","0.093150","{""m1"":[29880,41592,22888,30925,43149,9982,45804,43698,64638,31322,48320,18376,48791,23046,6020,58395,63458,5127,31571,2304,24120,10696,43325,64993,58030,32935,11218,5319,58519,14354,33981,31187],""m2"":[8153,51473,37133,46042,15446,3508,11288,53361,841,19328,50603,53820,21037,2878,32996,9975,30638,61554,32860,45225,10774,30439,33301,2715,28633,24711,13807,18874,52626,5066,49474,57445]}","[12905,58639,6340,65215,22323,50452,20469,7190,64464,52198,17404,38353,61664,35281,57531,1357,18061,8559,28253,13817,63265,3027,11055,5969,55871,9262,20756,12361,64269,7077,22198,34935]","[12905,58639,6340,65215,22323,50452,20469,7190,64464,52198,17404,38353,61664,35281,57531,1357,18061,8559,28253,13817,63265,3027,11055,5969,55871,9262,20756,12361,64269,7077,22198,34935]","[{""label"":""c1=Enc(m1)"",""active_slots"":32,""logical_bits_per_active_slot"":16,""payload_bits_per_block"":512,""ciphertext_size"":2,""chain_index"":6,""fingerprint64"":""f5dc2bbc4e6db834""},{""label"":""c2=Enc(m2)"",""active_slots"":32,""logical_bits_per_active_slot"":16,""payload_bits_per_block"":512,""ciphertext_size"":2,""chain_index"":6,""fingerprint64"":""cbf13ba51267f232""}]","[29880,41592,22888,30925,43149,9982,45804,43698,64638,31322,48320,18376,48791,23046,6020,58395,63458,5127,31571,2304,24120,10696,43325,64993,58030,32935,11218,5319,58519,14354,33981,31187]","[8153,51473,37133,46042,15446,3508,11288,53361,841,19328,50603,53820,21037,2878,32996,9975,30638,61554,32860,45225,10774,30439,33301,2715,28633,24711,13807,18874,52626,5066,49474,57445]","true","ciphertext_artifacts/add_iter050_c1.seal","1835121","5a4108f5e1334d19efee3f363e1a10fc8358009da851f19ee7d8241cfac71d36","1835121","5a4108f5e1334d19efee3f363e1a10fc8358009da851f19ee7d8241cfac71d36","true","true","ciphertext_artifacts/add_iter050_c2.seal","1835121","26b2fc53a13f80c0df89288c5e6f62384d3cf4137cfb560a6cb956cfa278576c","1835121","26b2fc53a13f80c0df89288c5e6f62384d3cf4137cfb560a6cb956cfa278576c","true","true","true","11.390200","10.937000","22.327200","0.000000","0.106000","0.000000","0.000000","0.000000","0.090600","0.000000","0.000000","0.000000","0.090600","0.000000","0.000000","0.000000","0.090600","0.000000","0.000000","0.000000","0.090600","0.000000","0.000000","0.000000","0.090500","0.000000","0.000000","27278271956900","27278272062900","","27278272062900","","27278272062900","27278272153500","","27278272153500","","27278272153500","27278272244100","","27278272244100","","27278272244100","27278272334700","","27278272334700","","27278272334700","27278272425300","","27278272425300","","27278272425300","27278272515800","","27278272515800","","2.055600","58.083500","6","263","total plaintext payload 1024bit; m1/m2 encrypted as c1/c2; six dependent additions measured individually; each step 100-run average is the comparison unit; eval_chain_ms is a continuous reference"
"ADD","51","0.114800","0.096300","0.090800","0.096600","0.090700","0.096500","PACKAGE22_add_100_20260825_134055_850","Addition depth6","42","1961957884813952016","1024","128","true","true","true","32","true","32","true","32","0.114800","0.096300","0.090800","0.096600","0.090700","0.096500","0.586000","0.585700","0.097617","{""m1"":[58380,26910,18602,18055,40260,11902,52060,62385,54647,62923,36032,59434,63570,55684,15361,9057,15089,60708,49893,7272,1937,60086,37895,25899,34946,4367,35124,48070,59297,27638,34450,20995],""m2"":[31859,26279,469,41225,44252,35091,37371,47553,18101,59656,55364,38871,57334,28067,10292,8628,39482,39551,41984,53503,11723,29984,32365,33889,28258,46085,18932,58749,21601,52634,17772,54566]}","[1412,55403,10278,64821,31648,21807,58205,64514,10743,37438,48072,26664,33060,44789,26783,62112,47728,33800,63376,58523,42917,2611,52064,8652,27947,24649,681,40842,39843,6306,60042,51067]","[1412,55403,10278,64821,31648,21807,58205,64514,10743,37438,48072,26664,33060,44789,26783,62112,47728,33800,63376,58523,42917,2611,52064,8652,27947,24649,681,40842,39843,6306,60042,51067]","[{""label"":""c1=Enc(m1)"",""active_slots"":32,""logical_bits_per_active_slot"":16,""payload_bits_per_block"":512,""ciphertext_size"":2,""chain_index"":6,""fingerprint64"":""8b9f512255557b85""},{""label"":""c2=Enc(m2)"",""active_slots"":32,""logical_bits_per_active_slot"":16,""payload_bits_per_block"":512,""ciphertext_size"":2,""chain_index"":6,""fingerprint64"":""3d510ef448ff1fc9""}]","[58380,26910,18602,18055,40260,11902,52060,62385,54647,62923,36032,59434,63570,55684,15361,9057,15089,60708,49893,7272,1937,60086,37895,25899,34946,4367,35124,48070,59297,27638,34450,20995]","[31859,26279,469,41225,44252,35091,37371,47553,18101,59656,55364,38871,57334,28067,10292,8628,39482,39551,41984,53503,11723,29984,32365,33889,28258,46085,18932,58749,21601,52634,17772,54566]","true","ciphertext_artifacts/add_iter051_c1.seal","1835121","5ee520a6a473e9a635bba24ffa10300eda051742922e2290fc8c65a078c14322","1835121","5ee520a6a473e9a635bba24ffa10300eda051742922e2290fc8c65a078c14322","true","true","ciphertext_artifacts/add_iter051_c2.seal","1835121","db5cb51df8e2a9fb4733125810b5239a4932a99928063403674827764b8b7974","1835121","db5cb51df8e2a9fb4733125810b5239a4932a99928063403674827764b8b7974","true","true","true","11.352100","10.967700","22.319800","0.000000","0.114800","0.000000","0.000000","0.000000","0.096300","0.000000","0.000000","0.000000","0.090800","0.000000","0.000000","0.000000","0.096600","0.000000","0.000000","0.000000","0.090700","0.000000","0.000000","0.000000","0.096500","0.000000","0.000000","27279029970700","27279030085500","","27279030085500","","27279030085600","27279030181900","","27279030181900","","27279030182000","27279030272800","","27279030272800","","27279030272800","27279030369400","","27279030369400","","27279030369400","27279030460100","","27279030460100","","27279030460100","27279030556600","","27279030556600","","2.047600","60.572200","6","262","total plaintext payload 1024bit; m1/m2 encrypted as c1/c2; six dependent additions measured individually; each step 100-run average is the comparison unit; eval_chain_ms is a continuous reference"
"ADD","52","0.105900","0.113800","0.095100","0.093000","0.090700","0.093000","PACKAGE22_add_100_20260825_134055_850","Addition depth6","42","-4795277983329073029","1024","128","true","true","true","32","true","32","true","32","0.105900","0.113800","0.095100","0.093000","0.090700","0.093000","0.591600","0.591500","0.098583","{""m1"":[49190,19951,54942,29174,20544,6204,34397,47656,7567,21625,54140,52761,27059,15859,42326,62210,53466,41788,45569,25953,24409,39016,50319,60098,37677,53725,53322,45010,22043,18658,36392,38621],""m2"":[30913,27675,7048,41044,6413,30264,56367,55881,55619,14767,28641,64227,43653,2638,63869,52127,5733,14496,57949,20545,34062,55008,39286,50541,32577,8502,65351,28983,56593,43007,859,62014]}","[27351,31755,44301,43217,35878,50071,44541,30582,514,65264,40335,10503,42584,5813,33226,11999,34452,14029,28438,34373,3211,58940,56986,64330,51828,43795,16119,4841,61340,7042,17071,12841]","[27351,31755,44301,43217,35878,50071,44541,30582,514,65264,40335,10503,42584,5813,33226,11999,34452,14029,28438,34373,3211,58940,56986,64330,51828,43795,16119,4841,61340,7042,17071,12841]","[{""label"":""c1=Enc(m1)"",""active_slots"":32,""logical_bits_per_active_slot"":16,""payload_bits_per_block"":512,""ciphertext_size"":2,""chain_index"":6,""fingerprint64"":""c31e650e0e7bcdc0""},{""label"":""c2=Enc(m2)"",""active_slots"":32,""logical_bits_per_active_slot"":16,""payload_bits_per_block"":512,""ciphertext_size"":2,""chain_index"":6,""fingerprint64"":""18b20483984c42f6""}]","[49190,19951,54942,29174,20544,6204,34397,47656,7567,21625,54140,52761,27059,15859,42326,62210,53466,41788,45569,25953,24409,39016,50319,60098,37677,53725,53322,45010,22043,18658,36392,38621]","[30913,27675,7048,41044,6413,30264,56367,55881,55619,14767,28641,64227,43653,2638,63869,52127,5733,14496,57949,20545,34062,55008,39286,50541,32577,8502,65351,28983,56593,43007,859,62014]","true","ciphertext_artifacts/add_iter052_c1.seal","1835121","a898fc014d4d43a99841febb6af8851006cb874ec0e18842806655fc3f739ae6","1835121","a898fc014d4d43a99841febb6af8851006cb874ec0e18842806655fc3f739ae6","true","true","ciphertext_artifacts/add_iter052_c2.seal","1835121","a26330852ee5d7d614462b1a0fbfed32896579cd49dad1028e46796d782d7d7d","1835121","a26330852ee5d7d614462b1a0fbfed32896579cd49dad1028e46796d782d7d7d","true","true","true","11.429200","11.037000","22.466200","0.000000","0.105900","0.000000","0.000000","0.000000","0.113800","0.000000","0.000000","0.000000","0.095100","0.000000","0.000000","0.000000","0.093000","0.000000","0.000000","0.000000","0.090700","0.000000","0.000000","0.000000","0.093000","0.000000","0.000000","27279778855100","27279778961000","","27279778961000","","27279778961000","27279779074800","","27279779074800","","27279779074800","27279779169900","","27279779169900","","27279779170000","27279779263000","","27279779263000","","27279779263000","27279779353700","","27279779353700","","27279779353700","27279779446700","","27279779446700","","2.447800","60.590900","6","263","total plaintext payload 1024bit; m1/m2 encrypted as c1/c2; six dependent additions measured individually; each step 100-run average is the comparison unit; eval_chain_ms is a continuous reference"
"ADD","53","0.109700","0.094100","0.092100","0.093800","0.092100","0.093800","PACKAGE22_add_100_20260825_134055_850","Addition depth6","42","6866664374822620262","1024","128","true","true","true","32","true","32","true","32","0.109700","0.094100","0.092100","0.093800","0.092100","0.093800","0.575700","0.575600","0.095933","{""m1"":[61674,51222,52222,18019,31615,54350,34809,30021,14369,37410,45079,6947,6899,58966,8555,20928,12738,39368,47149,6103,58115,30803,51467,389,2428,30029,10611,44697,15174,4009,25769,57061],""m2"":[46766,50440,57176,54600,8417,44984,20501,27637,25721,50207,63905,62936,33025,39381,40032,23787,19946,47370,5725,41282,17843,58803,14445,3141,30347,18447,43573,42370,9621,31185,39161,23660]}","[59309,28523,52731,39265,20637,24667,4128,6384,3565,38113,44346,19985,61134,26322,23242,23999,45253,37434,9160,17184,23841,37473,52592,10979,35216,44383,42089,43750,24022,44054,23948,37076]","[59309,28523,52731,39265,20637,24667,4128,6384,3565,38113,44346,19985,61134,26322,23242,23999,45253,37434,9160,17184,23841,37473,52592,10979,35216,44383,42089,43750,24022,44054,23948,37076]","[{""label"":""c1=Enc(m1)"",""active_slots"":32,""logical_bits_per_active_slot"":16,""payload_bits_per_block"":512,""ciphertext_size"":2,""chain_index"":6,""fingerprint64"":""a381807b52324a38""},{""label"":""c2=Enc(m2)"",""active_slots"":32,""logical_bits_per_active_slot"":16,""payload_bits_per_block"":512,""ciphertext_size"":2,""chain_index"":6,""fingerprint64"":""1482296210687847""}]","[61674,51222,52222,18019,31615,54350,34809,30021,14369,37410,45079,6947,6899,58966,8555,20928,12738,39368,47149,6103,58115,30803,51467,389,2428,30029,10611,44697,15174,4009,25769,57061]","[46766,50440,57176,54600,8417,44984,20501,27637,25721,50207,63905,62936,33025,39381,40032,23787,19946,47370,5725,41282,17843,58803,14445,3141,30347,18447,43573,42370,9621,31185,39161,23660]","true","ciphertext_artifacts/add_iter053_c1.seal","1835121","36abc78155f8d99825c2602a8c883646a358708347d042768449adfb25b63778","1835121","36abc78155f8d99825c2602a8c883646a358708347d042768449adfb25b63778","true","true","ciphertext_artifacts/add_iter053_c2.seal","1835121","cec3249bff3e53899a0b31198a59ca4b056105511de8002e929832672c974754","1835121","cec3249bff3e53899a0b31198a59ca4b056105511de8002e929832672c974754","true","true","true","13.182400","11.417800","24.600200","0.000000","0.109700","0.000000","0.000000","0.000000","0.094100","0.000000","0.000000","0.000000","0.092100","0.000000","0.000000","0.000000","0.093800","0.000000","0.000000","0.000000","0.092100","0.000000","0.000000","0.000000","0.093800","0.000000","0.000000","27280521181700","27280521291400","","27280521291400","","27280521291400","27280521385500","","27280521385500","","27280521385500","27280521477600","","27280521477600","","27280521477600","27280521571400","","27280521571400","","27280521571400","27280521663500","","27280521663500","","27280521663500","27280521757300","","27280521757300","","2.079200","61.846300","6","262","total plaintext payload 1024bit; m1/m2 encrypted as c1/c2; six dependent additions measured individually; each step 100-run average is the comparison unit; eval_chain_ms is a continuous reference"
"ADD","54","0.105800","0.095100","0.090600","0.090800","0.090800","0.090600","PACKAGE22_add_100_20260825_134055_850","Addition depth6","42","-4502239971067015087","1024","128","true","true","true","32","true","32","true","32","0.105800","0.095100","0.090600","0.090800","0.090800","0.090600","0.563900","0.563700","0.093950","{""m1"":[41443,30256,16692,35135,46513,6242,30792,57217,9631,11789,33924,25124,7216,54349,59364,58552,9224,32497,5838,30901,19857,54261,3949,25061,42168,42352,20465,55364,3864,64031,17610,58268],""m2"":[52086,63209,26227,46926,41438,62943,16360,25688,62812,30170,49463,8186,26081,51427,33359,25187,55108,13368,39754,35585,11508,37839,57598,62034,62970,29985,3044,45982,16467,33483,42186,55569]}","[59882,48503,14375,19170,48218,17186,41174,43784,30349,6592,21937,59517,41570,43992,9848,47621,5609,39018,11540,33748,48415,2876,57516,24198,29897,62752,25455,31717,64857,28888,387,6557]","[59882,48503,14375,19170,48218,17186,41174,43784,30349,6592,21937,59517,41570,43992,9848,47621,5609,39018,11540,33748,48415,2876,57516,24198,29897,62752,25455,31717,64857,28888,387,6557]","[{""label"":""c1=Enc(m1)"",""active_slots"":32,""logical_bits_per_active_slot"":16,""payload_bits_per_block"":512,""ciphertext_size"":2,""chain_index"":6,""fingerprint64"":""23ea735d0f9523d5""},{""label"":""c2=Enc(m2)"",""active_slots"":32,""logical_bits_per_active_slot"":16,""payload_bits_per_block"":512,""ciphertext_size"":2,""chain_index"":6,""fingerprint64"":""f6c6d6f90996016b""}]","[41443,30256,16692,35135,46513,6242,30792,57217,9631,11789,33924,25124,7216,54349,59364,58552,9224,32497,5838,30901,19857,54261,3949,25061,42168,42352,20465,55364,3864,64031,17610,58268]","[52086,63209,26227,46926,41438,62943,16360,25688,62812,30170,49463,8186,26081,51427,33359,25187,55108,13368,39754,35585,11508,37839,57598,62034,62970,29985,3044,45982,16467,33483,42186,55569]","true","ciphertext_artifacts/add_iter054_c1.seal","1835121","1b45ad94293bbb3852a209f369f91f1f68934f6758557649c9d8e82aadb5a593","1835121","1b45ad94293bbb3852a209f369f91f1f68934f6758557649c9d8e82aadb5a593","true","true","ciphertext_artifacts/add_iter054_c2.seal","1835121","faa9d3139506aebc2087864943d7f77f1c3c348984809e4f0aaba69ea770e741","1835121","faa9d3139506aebc2087864943d7f77f1c3c348984809e4f0aaba69ea770e741","true","true","true","11.413400","11.016100","22.429500","0.000000","0.105800","0.000000","0.000000","0.000000","0.095100","0.000000","0.000000","0.000000","0.090600","0.000000","0.000000","0.000000","0.090800","0.000000","0.000000","0.000000","0.090800","0.000000","0.000000","0.000000","0.090600","0.000000","0.000000","27281264559100","27281264664900","","27281264664900","","27281264664900","27281264760000","","27281264760000","","27281264760100","27281264850700","","27281264850700","","27281264850700","27281264941500","","27281264941500","","27281264941500","27281265032300","","27281265032300","","27281265032300","27281265122900","","27281265122900","","2.025700","58.418400","6","262","total plaintext payload 1024bit; m1/m2 encrypted as c1/c2; six dependent additions measured individually; each step 100-run average is the comparison unit; eval_chain_ms is a continuous reference"
"ADD","55","0.109600","0.103100","0.097600","0.102400","0.090900","0.102600","PACKAGE22_add_100_20260825_134055_850","Addition depth6","42","7195731184080049340","1024","128","true","true","true","32","true","32","true","32","0.109600","0.103100","0.097600","0.102400","0.090900","0.102600","0.606300","0.606200","0.101033","{""m1"":[41763,38888,13401,1486,35460,581,1815,61678,40291,1245,27837,29136,22913,29864,22079,4047,47382,15313,21060,59675,22255,40557,59773,44205,46064,26542,16206,15619,64459,448,2696,21991],""m2"":[44875,29130,35627,589,14032,37825,48653,23989,3441,51247,60973,42900,53628,13825,15703,50384,38568,43565,30435,18776,16661,44217,52428,44409,35757,30485,2416,5467,65458,62164,63966,52046]}","[39529,46331,29411,7711,52862,50262,22145,56531,40413,27647,32119,48633,55925,29857,4351,36266,43084,60873,44471,32880,7929,32731,3154,47899,29379,1012,6535,13340,60988,57210,6071,47491]","[39529,46331,29411,7711,52862,50262,22145,56531,40413,27647,32119,48633,55925,29857,4351,36266,43084,60873,44471,32880,7929,32731,3154,47899,29379,1012,6535,13340,60988,57210,6071,47491]","[{""label"":""c1=Enc(m1)"",""active_slots"":32,""logical_bits_per_active_slot"":16,""payload_bits_per_block"":512,""ciphertext_size"":2,""chain_index"":6,""fingerprint64"":""7f68f7cef2215597""},{""label"":""c2=Enc(m2)"",""active_slots"":32,""logical_bits_per_active_slot"":16,""payload_bits_per_block"":512,""ciphertext_size"":2,""chain_index"":6,""fingerprint64"":""6f0b69a418ee48ae""}]","[41763,38888,13401,1486,35460,581,1815,61678,40291,1245,27837,29136,22913,29864,22079,4047,47382,15313,21060,59675,22255,40557,59773,44205,46064,26542,16206,15619,64459,448,2696,21991]","[44875,29130,35627,589,14032,37825,48653,23989,3441,51247,60973,42900,53628,13825,15703,50384,38568,43565,30435,18776,16661,44217,52428,44409,35757,30485,2416,5467,65458,62164,63966,52046]","true","ciphertext_artifacts/add_iter055_c1.seal","1835121","64537fda1b56a48f7c0b0e5e3b4a93a7031cf77b773f1293564fdccf05e04fbf","1835121","64537fda1b56a48f7c0b0e5e3b4a93a7031cf77b773f1293564fdccf05e04fbf","true","true","ciphertext_artifacts/add_iter055_c2.seal","1835121","c0612448ae3f415c14ca242f7761a0e59f37582e5092d330a3858e824b199430","1835121","c0612448ae3f415c14ca242f7761a0e59f37582e5092d330a3858e824b199430","true","true","true","11.530100","11.028800","22.558900","0.000000","0.109600","0.000000","0.000000","0.000000","0.103100","0.000000","0.000000","0.000000","0.097600","0.000000","0.000000","0.000000","0.102400","0.000000","0.000000","0.000000","0.090900","0.000000","0.000000","0.000000","0.102600","0.000000","0.000000","27282008116300","27282008225900","","27282008225900","","27282008225900","27282008329000","","27282008329000","","27282008329000","27282008426600","","27282008426600","","27282008426600","27282008529000","","27282008529000","","27282008529000","27282008619900","","27282008619900","","27282008619900","27282008722500","","27282008722500","","2.044800","61.298300","6","263","total plaintext payload 1024bit; m1/m2 encrypted as c1/c2; six dependent additions measured individually; each step 100-run average is the comparison unit; eval_chain_ms is a continuous reference"
"ADD","56","0.107200","0.092800","0.090600","0.090800","0.090700","0.090600","PACKAGE22_add_100_20260825_134055_850","Addition depth6","42","150264939800516775","1024","128","true","true","true","32","true","32","true","32","0.107200","0.092800","0.090600","0.090800","0.090700","0.090600","0.562700","0.562700","0.093783","{""m1"":[48514,38015,57373,30279,6361,12996,11789,26641,11778,17861,47720,35904,19123,50216,3211,480,40856,58539,927,11436,39095,42375,2458,36216,55905,51997,22573,14688,17003,55171,7728,10232],""m2"":[63303,51955,18687,10238,12803,12415,8279,55074,47583,31427,3822,63979,32015,26209,53659,61558,50907,5022,44510,19718,13271,12328,26907,15090,13589,26173,26716,6376,65180,10836,9494,17780]}","[56280,45777,23405,20756,63853,23692,6456,9638,58787,34651,5735,7868,41463,17343,42747,55520,53997,52611,6164,39361,65119,9873,25016,59060,2239,24359,39366,12343,1404,56581,59394,28731]","[56280,45777,23405,20756,63853,23692,6456,9638,58787,34651,5735,7868,41463,17343,42747,55520,53997,52611,6164,39361,65119,9873,25016,59060,2239,24359,39366,12343,1404,56581,59394,28731]","[{""label"":""c1=Enc(m1)"",""active_slots"":32,""logical_bits_per_active_slot"":16,""payload_bits_per_block"":512,""ciphertext_size"":2,""chain_index"":6,""fingerprint64"":""6def1164ed633d7b""},{""label"":""c2=Enc(m2)"",""active_slots"":32,""logical_bits_per_active_slot"":16,""payload_bits_per_block"":512,""ciphertext_size"":2,""chain_index"":6,""fingerprint64"":""f1f40a40581ef8fc""}]","[48514,38015,57373,30279,6361,12996,11789,26641,11778,17861,47720,35904,19123,50216,3211,480,40856,58539,927,11436,39095,42375,2458,36216,55905,51997,22573,14688,17003,55171,7728,10232]","[63303,51955,18687,10238,12803,12415,8279,55074,47583,31427,3822,63979,32015,26209,53659,61558,50907,5022,44510,19718,13271,12328,26907,15090,13589,26173,26716,6376,65180,10836,9494,17780]","true","ciphertext_artifacts/add_iter056_c1.seal","1835121","e946baa84b439c7f1722b2c3d6e8e153631e7bcc3dfa0a4bc7e39cdec4f1058b","1835121","e946baa84b439c7f1722b2c3d6e8e153631e7bcc3dfa0a4bc7e39cdec4f1058b","true","true","ciphertext_artifacts/add_iter056_c2.seal","1835121","2d30223f88a635653abc50d5854e2780b2764676be155cde6eadf423af9901ae","1835121","2d30223f88a635653abc50d5854e2780b2764676be155cde6eadf423af9901ae","true","true","true","11.576200","11.218100","22.794300","0.000000","0.107200","0.000000","0.000000","0.000000","0.092800","0.000000","0.000000","0.000000","0.090600","0.000000","0.000000","0.000000","0.090800","0.000000","0.000000","0.000000","0.090700","0.000000","0.000000","0.000000","0.090600","0.000000","0.000000","27282757797000","27282757904200","","27282757904200","","27282757904200","27282757997000","","27282757997000","","27282757997000","27282758087600","","27282758087600","","27282758087600","27282758178400","","27282758178400","","27282758178400","27282758269100","","27282758269100","","27282758269100","27282758359700","","27282758359700","","2.044400","61.958800","6","262","total plaintext payload 1024bit; m1/m2 encrypted as c1/c2; six dependent additions measured individually; each step 100-run average is the comparison unit; eval_chain_ms is a continuous reference"
"ADD","57","0.111100","0.094000","0.090800","0.093900","0.090700","0.093800","PACKAGE22_add_100_20260825_134055_850","Addition depth6","42","-6598507978718978926","1024","128","true","true","true","32","true","32","true","32","0.111100","0.094000","0.090800","0.093900","0.090700","0.093800","0.574500","0.574300","0.095717","{""m1"":[5017,33920,43397,34577,54397,7347,14417,43087,19173,50766,53995,32986,16774,4205,50057,42450,34986,64597,55562,1636,48099,13840,41431,20677,37477,31116,43619,38546,60313,40889,36230,48675],""m2"":[33008,3326,36762,34345,45310,55563,821,28329,10916,21404,57200,29724,7512,60406,34341,31082,36645,40612,48271,41385,33,43765,52351,9766,54705,2138,1587,17764,39423,3110,51941,52587]}","[53555,14584,21726,44732,25833,65003,60131,60724,43903,5128,59895,24505,24095,1427,41103,898,53268,52539,39376,65162,61421,55581,60629,46469,51875,65341,48163,10865,31836,41812,38595,24776]","[53555,14584,21726,44732,25833,65003,60131,60724,43903,5128,59895,24505,24095,1427,41103,898,53268,52539,39376,65162,61421,55581,60629,46469,51875,65341,48163,10865,31836,41812,38595,24776]","[{""label"":""c1=Enc(m1)"",""active_slots"":32,""logical_bits_per_active_slot"":16,""payload_bits_per_block"":512,""ciphertext_size"":2,""chain_index"":6,""fingerprint64"":""e8cf0ec9bea0496e""},{""label"":""c2=Enc(m2)"",""active_slots"":32,""logical_bits_per_active_slot"":16,""payload_bits_per_block"":512,""ciphertext_size"":2,""chain_index"":6,""fingerprint64"":""2c99c146fb46d431""}]","[5017,33920,43397,34577,54397,7347,14417,43087,19173,50766,53995,32986,16774,4205,50057,42450,34986,64597,55562,1636,48099,13840,41431,20677,37477,31116,43619,38546,60313,40889,36230,48675]","[33008,3326,36762,34345,45310,55563,821,28329,10916,21404,57200,29724,7512,60406,34341,31082,36645,40612,48271,41385,33,43765,52351,9766,54705,2138,1587,17764,39423,3110,51941,52587]","true","ciphertext_artifacts/add_iter057_c1.seal","1835121","6b31f13db6634927ad78eab0ab51cb1bc6153b9eedf59aa97368f807104e7160","1835121","6b31f13db6634927ad78eab0ab51cb1bc6153b9eedf59aa97368f807104e7160","true","true","ciphertext_artifacts/add_iter057_c2.seal","1835121","c0d1b5e5ba4d06ef77f0e4999fc1ed35d0845ca0058346fe252726698ac57e5a","1835121","c0d1b5e5ba4d06ef77f0e4999fc1ed35d0845ca0058346fe252726698ac57e5a","true","true","true","11.422900","11.049400","22.472300","0.000000","0.111100","0.000000","0.000000","0.000000","0.094000","0.000000","0.000000","0.000000","0.090800","0.000000","0.000000","0.000000","0.093900","0.000000","0.000000","0.000000","0.090700","0.000000","0.000000","0.000000","0.093800","0.000000","0.000000","27283502590800","27283502701900","","27283502701900","","27283502701900","27283502795900","","27283502795900","","27283502795900","27283502886700","","27283502886700","","27283502886700","27283502980600","","27283502980600","","27283502980600","27283503071300","","27283503071300","","27283503071400","27283503165200","","27283503165200","","2.035300","61.038600","6","262","total plaintext payload 1024bit; m1/m2 encrypted as c1/c2; six dependent additions measured individually; each step 100-run average is the comparison unit; eval_chain_ms is a continuous reference"
"ADD","58","0.108200","0.092400","0.092000","0.092100","0.100000","0.096400","PACKAGE22_add_100_20260825_134055_850","Addition depth6","42","5091017836229976317","1024","128","true","true","true","32","true","32","true","32","0.108200","0.092400","0.092000","0.092100","0.100000","0.096400","0.581200","0.581100","0.096850","{""m1"":[13680,21829,45303,7814,65004,58554,2444,37755,17155,58157,13236,23472,3899,24848,34775,2835,48289,37361,38463,58008,49049,61321,50962,25924,36578,12737,33014,24110,40217,37811,4701,19302],""m2"":[54192,19123,48637,16489,39834,48710,54566,61043,47927,21439,12742,63110,43480,25202,51877,16545,25849,56259,26257,52861,34257,17977,53484,2348,21669,55499,17639,20486,21881,40145,20069,23415]}","[20685,13611,64975,15186,51833,52661,42400,6464,15790,34797,25633,21070,14962,43924,32583,60975,8555,56073,36012,62930,36819,37067,36615,45203,14708,20834,53899,26824,29900,9531,13474,16379]","[20685,13611,64975,15186,51833,52661,42400,6464,15790,34797,25633,21070,14962,43924,32583,60975,8555,56073,36012,62930,36819,37067,36615,45203,14708,20834,53899,26824,29900,9531,13474,16379]","[{""label"":""c1=Enc(m1)"",""active_slots"":32,""logical_bits_per_active_slot"":16,""payload_bits_per_block"":512,""ciphertext_size"":2,""chain_index"":6,""fingerprint64"":""00c56cd723f175db""},{""label"":""c2=Enc(m2)"",""active_slots"":32,""logical_bits_per_active_slot"":16,""payload_bits_per_block"":512,""ciphertext_size"":2,""chain_index"":6,""fingerprint64"":""b30620cbbdcffd1f""}]","[13680,21829,45303,7814,65004,58554,2444,37755,17155,58157,13236,23472,3899,24848,34775,2835,48289,37361,38463,58008,49049,61321,50962,25924,36578,12737,33014,24110,40217,37811,4701,19302]","[54192,19123,48637,16489,39834,48710,54566,61043,47927,21439,12742,63110,43480,25202,51877,16545,25849,56259,26257,52861,34257,17977,53484,2348,21669,55499,17639,20486,21881,40145,20069,23415]","true","ciphertext_artifacts/add_iter058_c1.seal","1835121","3945b4dd6de4288289e18b43211f715af08c61b23781e206e055b69d14a08d43","1835121","3945b4dd6de4288289e18b43211f715af08c61b23781e206e055b69d14a08d43","true","true","ciphertext_artifacts/add_iter058_c2.seal","1835121","a03c0aaf0068a4255f42bf20fcb1d065aca7b2a3313c01dad3b1d4717a0a607d","1835121","a03c0aaf0068a4255f42bf20fcb1d065aca7b2a3313c01dad3b1d4717a0a607d","true","true","true","11.423700","11.062000","22.485700","0.000000","0.108200","0.000000","0.000000","0.000000","0.092400","0.000000","0.000000","0.000000","0.092000","0.000000","0.000000","0.000000","0.092100","0.000000","0.000000","0.000000","0.100000","0.000000","0.000000","0.000000","0.096400","0.000000","0.000000","27284249436200","27284249544400","","27284249544400","","27284249544400","27284249636800","","27284249636800","","27284249636800","27284249728800","","27284249728800","","27284249728800","27284249820900","","27284249820900","","27284249820900","27284249920900","","27284249920900","","27284249921000","27284250017400","","27284250017400","","2.080300","62.668500","6","262","total plaintext payload 1024bit; m1/m2 encrypted as c1/c2; six dependent additions measured individually; each step 100-run average is the comparison unit; eval_chain_ms is a continuous reference"
"ADD","59","0.120100","0.126300","0.091000","0.091300","0.090700","0.091500","PACKAGE22_add_100_20260825_134055_850","Addition depth6","42","-1657759549091683096","1024","128","true","true","true","32","true","32","true","32","0.120100","0.126300","0.091000","0.091300","0.090700","0.091500","0.611300","0.610900","0.101817","{""m1"":[48310,25210,59790,4920,15427,8862,40492,37842,43548,31383,21533,4462,45853,47233,56339,25497,2356,30738,12754,18585,17353,22383,6953,397,28583,41323,31030,31958,1650,37324,51024,27459],""m2"":[61338,49227,56633,63328,14964,50762,60199,36112,9140,55334,44244,27897,61038,36505,58235,58739,26807,37525,35648,54924,36969,37306,51902,41946,58111,39729,27123,61948,62458,7961,27524,11556]}","[49569,51910,15837,13053,41063,56660,14880,63093,5001,29386,22253,36002,38841,36299,6839,16057,24308,38916,26886,42501,49245,4839,52444,61889,26517,22331,8878,51528,62900,42105,24520,13430]","[49569,51910,15837,13053,41063,56660,14880,63093,5001,29386,22253,36002,38841,36299,6839,16057,24308,38916,26886,42501,49245,4839,52444,61889,26517,22331,8878,51528,62900,42105,24520,13430]","[{""label"":""c1=Enc(m1)"",""active_slots"":32,""logical_bits_per_active_slot"":16,""payload_bits_per_block"":512,""ciphertext_size"":2,""chain_index"":6,""fingerprint64"":""4169f53c7fd15df9""},{""label"":""c2=Enc(m2)"",""active_slots"":32,""logical_bits_per_active_slot"":16,""payload_bits_per_block"":512,""ciphertext_size"":2,""chain_index"":6,""fingerprint64"":""e7db3ac3da495314""}]","[48310,25210,59790,4920,15427,8862,40492,37842,43548,31383,21533,4462,45853,47233,56339,25497,2356,30738,12754,18585,17353,22383,6953,397,28583,41323,31030,31958,1650,37324,51024,27459]","[61338,49227,56633,63328,14964,50762,60199,36112,9140,55334,44244,27897,61038,36505,58235,58739,26807,37525,35648,54924,36969,37306,51902,41946,58111,39729,27123,61948,62458,7961,27524,11556]","true","ciphertext_artifacts/add_iter059_c1.seal","1835121","71bbe1cee6b8269f860e2006307b66fa5204cfd7a68b2a436667940d8fc0c731","1835121","71bbe1cee6b8269f860e2006307b66fa5204cfd7a68b2a436667940d8fc0c731","true","true","ciphertext_artifacts/add_iter059_c2.seal","1835121","476582cde0af048434478f4abadbe51a4cd628e03d442c421c2a7e7b1fa6ba9a","1835121","476582cde0af048434478f4abadbe51a4cd628e03d442c421c2a7e7b1fa6ba9a","true","true","true","11.438900","10.952500","22.391400","0.000000","0.120100","0.000000","0.000000","0.000000","0.126300","0.000000","0.000000","0.000000","0.091000","0.000000","0.000000","0.000000","0.091300","0.000000","0.000000","0.000000","0.090700","0.000000","0.000000","0.000000","0.091500","0.000000","0.000000","27284996045900","27284996166000","","27284996166000","","27284996166100","27284996292400","","27284996292400","","27284996292400","27284996383400","","27284996383400","","27284996383400","27284996474700","","27284996474700","","27284996474800","27284996565500","","27284996565500","","27284996565500","27284996657000","","27284996657000","","2.039000","58.935400","6","262","total plaintext payload 1024bit; m1/m2 encrypted as c1/c2; six dependent additions measured individually; each step 100-run average is the comparison unit; eval_chain_ms is a continuous reference"
"ADD","60","0.108100","0.096700","0.090700","0.102700","0.090700","0.096300","PACKAGE22_add_100_20260825_134055_850","Addition depth6","42","-8414977275275024173","1024","128","true","true","true","32","true","32","true","32","0.108100","0.096700","0.090700","0.102700","0.090700","0.096300","0.585400","0.585200","0.097533","{""m1"":[63767,28307,29534,19878,22450,2392,3474,53698,23246,62115,12745,56382,11620,41609,45086,4569,26574,49782,32591,11418,61559,32725,46729,24606,250,65323,27896,41803,34297,30837,32533,49456],""m2"":[56637,24915,47121,44508,32695,2461,32757,34089,18094,48259,42456,4841,23784,5008,57394,36099,33460,8005,28953,64151,53532,35098,27829,18004,65289,40616,58644,9404,54365,56616,49156,27600]}","[31757,56899,62888,16425,56811,16951,46630,54911,16192,15,47274,43440,52295,50386,24841,61036,10065,26532,20612,41514,13610,39583,8255,21362,256,55455,25368,64350,38135,31048,15452,18476]","[31757,56899,62888,16425,56811,16951,46630,54911,16192,15,47274,43440,52295,50386,24841,61036,10065,26532,20612,41514,13610,39583,8255,21362,256,55455,25368,64350,38135,31048,15452,18476]","[{""label"":""c1=Enc(m1)"",""active_slots"":32,""logical_bits_per_active_slot"":16,""payload_bits_per_block"":512,""ciphertext_size"":2,""chain_index"":6,""fingerprint64"":""5e472e5b6aecb83f""},{""label"":""c2=Enc(m2)"",""active_slots"":32,""logical_bits_per_active_slot"":16,""payload_bits_per_block"":512,""ciphertext_size"":2,""chain_index"":6,""fingerprint64"":""db64e514e86fc683""}]","[63767,28307,29534,19878,22450,2392,3474,53698,23246,62115,12745,56382,11620,41609,45086,4569,26574,49782,32591,11418,61559,32725,46729,24606,250,65323,27896,41803,34297,30837,32533,49456]","[56637,24915,47121,44508,32695,2461,32757,34089,18094,48259,42456,4841,23784,5008,57394,36099,33460,8005,28953,64151,53532,35098,27829,18004,65289,40616,58644,9404,54365,56616,49156,27600]","true","ciphertext_artifacts/add_iter060_c1.seal","1835121","f38bb04193ad202fe18b19ca4c76d640f7b9f53854f8d266c27eb7c16906974f","1835121","f38bb04193ad202fe18b19ca4c76d640f7b9f53854f8d266c27eb7c16906974f","true","true","ciphertext_artifacts/add_iter060_c2.seal","1835121","b79809021789f63294c135833732e3f1e7d379b7ba263cdd9b76671f094c79ae","1835121","b79809021789f63294c135833732e3f1e7d379b7ba263cdd9b76671f094c79ae","true","true","true","11.688200","11.241200","22.929400","0.000000","0.108100","0.000000","0.000000","0.000000","0.096700","0.000000","0.000000","0.000000","0.090700","0.000000","0.000000","0.000000","0.102700","0.000000","0.000000","0.000000","0.090700","0.000000","0.000000","0.000000","0.096300","0.000000","0.000000","27285741123400","27285741231500","","27285741231500","","27285741231600","27285741328300","","27285741328300","","27285741328300","27285741419000","","27285741419000","","27285741419000","27285741521700","","27285741521700","","27285741521700","27285741612400","","27285741612400","","27285741612400","27285741708700","","27285741708700","","2.066200","61.446200","6","263","total plaintext payload 1024bit; m1/m2 encrypted as c1/c2; six dependent additions measured individually; each step 100-run average is the comparison unit; eval_chain_ms is a continuous reference"
"ADD","61","0.364300","0.212800","0.135000","0.102000","0.095200","0.096600","PACKAGE22_add_100_20260825_134055_850","Addition depth6","42","3246946391195774270","1024","128","true","true","true","32","true","32","true","32","0.364300","0.212800","0.135000","0.102000","0.095200","0.096600","1.006300","1.005900","0.167650","{""m1"":[37437,53113,16663,25693,11951,42912,22516,7309,957,43775,20395,50689,6683,55368,9638,55811,34310,51285,48519,19809,2088,55236,22145,22712,31996,19399,8935,61448,56909,974,15507,53126],""m2"":[54628,58294,63268,27221,27302,19620,55924,28748,22096,51244,35505,5764,36299,61351,28182,21847,18382,44852,40967,8847,39155,19412,37050,39093,56913,10153,25237,13355,29300,35486,50835,47206]}","[51484,59649,59845,53361,64173,33897,61225,49943,4579,1147,57021,23437,4555,12303,57561,26637,61312,12011,54829,40240,60280,17032,3119,11516,36575,42518,45914,23709,53388,44817,17922,26437]","[51484,59649,59845,53361,64173,33897,61225,49943,4579,1147,57021,23437,4555,12303,57561,26637,61312,12011,54829,40240,60280,17032,3119,11516,36575,42518,45914,23709,53388,44817,17922,26437]","[{""label"":""c1=Enc(m1)"",""active_slots"":32,""logical_bits_per_active_slot"":16,""payload_bits_per_block"":512,""ciphertext_size"":2,""chain_index"":6,""fingerprint64"":""8058764b2ec5733b""},{""label"":""c2=Enc(m2)"",""active_slots"":32,""logical_bits_per_active_slot"":16,""payload_bits_per_block"":512,""ciphertext_size"":2,""chain_index"":6,""fingerprint64"":""e630c3242e102b5f""}]","[37437,53113,16663,25693,11951,42912,22516,7309,957,43775,20395,50689,6683,55368,9638,55811,34310,51285,48519,19809,2088,55236,22145,22712,31996,19399,8935,61448,56909,974,15507,53126]","[54628,58294,63268,27221,27302,19620,55924,28748,22096,51244,35505,5764,36299,61351,28182,21847,18382,44852,40967,8847,39155,19412,37050,39093,56913,10153,25237,13355,29300,35486,50835,47206]","true","ciphertext_artifacts/add_iter061_c1.seal","1835121","3a1df68c1678e2fc385d4f52888170521ca02cf1031dbe634a5737c351cb1726","1835121","3a1df68c1678e2fc385d4f52888170521ca02cf1031dbe634a5737c351cb1726","true","true","ciphertext_artifacts/add_iter061_c2.seal","1835121","0855b82d4e8faf24a1fc6aed85894ac3748f0be895b3cbe102ee47ddbb847036","1835121","0855b82d4e8faf24a1fc6aed85894ac3748f0be895b3cbe102ee47ddbb847036","true","true","true","11.753800","11.388600","23.142400","0.000000","0.364300","0.000000","0.000000","0.000000","0.212800","0.000000","0.000000","0.000000","0.135000","0.000000","0.000000","0.000000","0.102000","0.000000","0.000000","0.000000","0.095200","0.000000","0.000000","0.000000","0.096600","0.000000","0.000000","27286496553300","27286496917600","","27286496917600","","27286496917700","27286497130500","","27286497130500","","27286497130600","27286497265600","","27286497265600","","27286497265600","27286497367600","","27286497367600","","27286497367700","27286497462900","","27286497462900","","27286497462900","27286497559500","","27286497559500","","2.568000","68.053600","6","262","total plaintext payload 1024bit; m1/m2 encrypted as c1/c2; six dependent additions measured individually; each step 100-run average is the comparison unit; eval_chain_ms is a continuous reference"
"ADD","62","0.111900","0.093900","0.092500","0.094700","0.092200","0.092900","PACKAGE22_add_100_20260825_134055_850","Addition depth6","42","-3506048643427700439","1024","128","true","true","true","32","true","32","true","32","0.111900","0.093900","0.092500","0.094700","0.092200","0.092900","0.578100","0.578100","0.096350","{""m1"":[10441,52695,50363,56269,21890,21171,48123,42851,37095,7606,39853,49926,24033,15411,49884,2851,33493,53440,18462,6996,6046,34859,33642,23494,47781,61821,52797,27101,51107,19333,24185,27459],""m2"":[2809,32934,54271,56400,17107,16264,9113,6924,51054,42204,44884,9020,25787,55847,23855,17377,20748,2646,1669,53898,52018,50395,3616,59116,6076,38131,42971,22389,45613,15835,32992,59561]}","[50191,47434,36580,1054,7807,2402,23220,61102,39394,25962,31916,30153,42419,32574,8953,63535,65142,25087,13318,58604,49164,28473,14342,9176,12741,33992,12416,44497,13582,59300,64642,26371]","[50191,47434,36580,1054,7807,2402,23220,61102,39394,25962,31916,30153,42419,32574,8953,63535,65142,25087,13318,58604,49164,28473,14342,9176,12741,33992,12416,44497,13582,59300,64642,26371]","[{""label"":""c1=Enc(m1)"",""active_slots"":32,""logical_bits_per_active_slot"":16,""payload_bits_per_block"":512,""ciphertext_size"":2,""chain_index"":6,""fingerprint64"":""d344ce03a4ebd576""},{""label"":""c2=Enc(m2)"",""active_slots"":32,""logical_bits_per_active_slot"":16,""payload_bits_per_block"":512,""ciphertext_size"":2,""chain_index"":6,""fingerprint64"":""9bcae738946fcc2c""}]","[10441,52695,50363,56269,21890,21171,48123,42851,37095,7606,39853,49926,24033,15411,49884,2851,33493,53440,18462,6996,6046,34859,33642,23494,47781,61821,52797,27101,51107,19333,24185,27459]","[2809,32934,54271,56400,17107,16264,9113,6924,51054,42204,44884,9020,25787,55847,23855,17377,20748,2646,1669,53898,52018,50395,3616,59116,6076,38131,42971,22389,45613,15835,32992,59561]","true","ciphertext_artifacts/add_iter062_c1.seal","1835121","c6724c9817cdf872858100524e8b5b7fd93f9ba570c4c52cbc1f4c2f12f51c7d","1835121","c6724c9817cdf872858100524e8b5b7fd93f9ba570c4c52cbc1f4c2f12f51c7d","true","true","ciphertext_artifacts/add_iter062_c2.seal","1835121","1c80310b350e3df2b9bc0eda25c5abbde47356f153d5b9eb46e427056b8e2d1e","1835121","1c80310b350e3df2b9bc0eda25c5abbde47356f153d5b9eb46e427056b8e2d1e","true","true","true","12.225100","11.773900","23.999000","0.000000","0.111900","0.000000","0.000000","0.000000","0.093900","0.000000","0.000000","0.000000","0.092500","0.000000","0.000000","0.000000","0.094700","0.000000","0.000000","0.000000","0.092200","0.000000","0.000000","0.000000","0.092900","0.000000","0.000000","27287315277000","27287315388900","","27287315388900","","27287315388900","27287315482800","","27287315482800","","27287315482800","27287315575300","","27287315575300","","27287315575300","27287315670000","","27287315670000","","27287315670000","27287315762200","","27287315762200","","27287315762200","27287315855100","","27287315855100","","2.639800","62.979000","6","262","total plaintext payload 1024bit; m1/m2 encrypted as c1/c2; six dependent additions measured individually; each step 100-run average is the comparison unit; eval_chain_ms is a continuous reference"
"ADD","63","0.122100","0.100100","0.097200","0.097100","0.094900","0.095300","PACKAGE22_add_100_20260825_134055_850","Addition depth6","42","8183477162932630804","1024","128","true","true","true","32","true","32","true","32","0.122100","0.100100","0.097200","0.097100","0.094900","0.095300","0.606800","0.606700","0.101117","{""m1"":[61155,10706,22613,65296,21634,54176,48129,15058,50457,56778,33032,45338,31387,41500,50255,58225,27630,33068,20978,58254,21629,40469,21783,3647,22337,15129,55061,5163,55149,14187,15445,60566],""m2"":[6344,33974,28836,13551,34793,33917,38463,59070,13669,7867,26829,5698,27562,38142,16789,61986,11849,54444,43755,62950,51855,53976,43110,21942,42973,20190,14117,7357,61165,3549,17519,26863]}","[1504,13672,45886,39689,59841,56307,45757,40831,46224,54102,16004,1835,11623,18278,54776,25636,14993,33456,18566,28644,45470,61656,19851,14877,21656,55549,447,42723,10869,1858,48800,60705]","[1504,13672,45886,39689,59841,56307,45757,40831,46224,54102,16004,1835,11623,18278,54776,25636,14993,33456,18566,28644,45470,61656,19851,14877,21656,55549,447,42723,10869,1858,48800,60705]","[{""label"":""c1=Enc(m1)"",""active_slots"":32,""logical_bits_per_active_slot"":16,""payload_bits_per_block"":512,""ciphertext_size"":2,""chain_index"":6,""fingerprint64"":""aac7595b196f64ec""},{""label"":""c2=Enc(m2)"",""active_slots"":32,""logical_bits_per_active_slot"":16,""payload_bits_per_block"":512,""ciphertext_size"":2,""chain_index"":6,""fingerprint64"":""61d23ccc762daaa3""}]","[61155,10706,22613,65296,21634,54176,48129,15058,50457,56778,33032,45338,31387,41500,50255,58225,27630,33068,20978,58254,21629,40469,21783,3647,22337,15129,55061,5163,55149,14187,15445,60566]","[6344,33974,28836,13551,34793,33917,38463,59070,13669,7867,26829,5698,27562,38142,16789,61986,11849,54444,43755,62950,51855,53976,43110,21942,42973,20190,14117,7357,61165,3549,17519,26863]","true","ciphertext_artifacts/add_iter063_c1.seal","1835121","1f6ec762f7aafb474ee0eda2cabaebffe35fa1fd551ff7a7a7b87be09bfd0e03","1835121","1f6ec762f7aafb474ee0eda2cabaebffe35fa1fd551ff7a7a7b87be09bfd0e03","true","true","ciphertext_artifacts/add_iter063_c2.seal","1835121","127a26e9f3282614344564cfd2dcf65d2987c8ca0f5029853df3959f03363b54","1835121","127a26e9f3282614344564cfd2dcf65d2987c8ca0f5029853df3959f03363b54","true","true","true","12.884000","12.543000","25.427000","0.000000","0.122100","0.000000","0.000000","0.000000","0.100100","0.000000","0.000000","0.000000","0.097200","0.000000","0.000000","0.000000","0.097100","0.000000","0.000000","0.000000","0.094900","0.000000","0.000000","0.000000","0.095300","0.000000","0.000000","27288124157000","27288124279100","","27288124279100","","27288124279100","27288124379200","","27288124379200","","27288124379200","27288124476400","","27288124476400","","27288124476400","27288124573500","","27288124573500","","27288124573500","27288124668400","","27288124668400","","27288124668400","27288124763700","","27288124763700","","2.132400","66.903400","6","263","total plaintext payload 1024bit; m1/m2 encrypted as c1/c2; six dependent additions measured individually; each step 100-run average is the comparison unit; eval_chain_ms is a continuous reference"
"ADD","64","0.122600","0.128400","0.095700","0.094300","0.093800","0.094000","PACKAGE22_add_100_20260825_134055_850","Addition depth6","42","1434704235820579199","1024","128","true","true","true","32","true","32","true","32","0.122600","0.128400","0.095700","0.094300","0.093800","0.094000","0.628800","0.628800","0.104800","{""m1"":[30790,57808,21003,5383,33090,17772,61993,63216,56776,57095,53772,36171,889,59143,27947,38598,51574,54402,33725,16987,39110,56108,9502,16370,1815,26046,40751,16452,11959,7535,4671,34580],""m2"":[27694,25073,54909,34642,4990,58709,43349,19962,61304,48279,4777,64732,17393,55984,23565,469,63512,17922,44482,36506,46083,48424,48017,60795,3446,9707,36259,52529,16363,65457,3319,38113]}","[9631,44303,52128,59921,16256,50604,50334,50602,17794,45532,32808,11195,55735,11302,51409,24725,3610,9226,6198,46392,32541,42019,50985,51254,17598,2231,9633,26784,31388,29900,28641,56048]","[9631,44303,52128,59921,16256,50604,50334,50602,17794,45532,32808,11195,55735,11302,51409,24725,3610,9226,6198,46392,32541,42019,50985,51254,17598,2231,9633,26784,31388,29900,28641,56048]","[{""label"":""c1=Enc(m1)"",""active_slots"":32,""logical_bits_per_active_slot"":16,""payload_bits_per_block"":512,""ciphertext_size"":2,""chain_index"":6,""fingerprint64"":""f9cf0d448f4c29a3""},{""label"":""c2=Enc(m2)"",""active_slots"":32,""logical_bits_per_active_slot"":16,""payload_bits_per_block"":512,""ciphertext_size"":2,""chain_index"":6,""fingerprint64"":""9f4607e9d2656e57""}]","[30790,57808,21003,5383,33090,17772,61993,63216,56776,57095,53772,36171,889,59143,27947,38598,51574,54402,33725,16987,39110,56108,9502,16370,1815,26046,40751,16452,11959,7535,4671,34580]","[27694,25073,54909,34642,4990,58709,43349,19962,61304,48279,4777,64732,17393,55984,23565,469,63512,17922,44482,36506,46083,48424,48017,60795,3446,9707,36259,52529,16363,65457,3319,38113]","true","ciphertext_artifacts/add_iter064_c1.seal","1835121","402442289ee51bd94fbc9e40a23aba9f8bdc9a7bdce6fcd4169132cfdf4f4aa5","1835121","402442289ee51bd94fbc9e40a23aba9f8bdc9a7bdce6fcd4169132cfdf4f4aa5","true","true","ciphertext_artifacts/add_iter064_c2.seal","1835121","9f32c503fa44247c4a0b84f249803b77e69f51c690fe650fd1cf63efd4c130b1","1835121","9f32c503fa44247c4a0b84f249803b77e69f51c690fe650fd1cf63efd4c130b1","true","true","true","12.203400","11.857400","24.060800","0.000000","0.122600","0.000000","0.000000","0.000000","0.128400","0.000000","0.000000","0.000000","0.095700","0.000000","0.000000","0.000000","0.094300","0.000000","0.000000","0.000000","0.093800","0.000000","0.000000","0.000000","0.094000","0.000000","0.000000","27288943721200","27288943843800","","27288943843800","","27288943843800","27288943972200","","27288943972200","","27288943972200","27288944067900","","27288944067900","","27288944067900","27288944162200","","27288944162200","","27288944162200","27288944256000","","27288944256000","","27288944256000","27288944350000","","27288944350000","","2.178700","66.951300","6","262","total plaintext payload 1024bit; m1/m2 encrypted as c1/c2; six dependent additions measured individually; each step 100-run average is the comparison unit; eval_chain_ms is a continuous reference"
"ADD","65","0.118200","0.109700","0.096100","0.094800","0.122400","0.094200","PACKAGE22_add_100_20260825_134055_850","Addition depth6","42","-5610762068586922646","1024","128","true","true","true","32","true","32","true","32","0.118200","0.109700","0.096100","0.094800","0.122400","0.094200","0.635500","0.635400","0.105900","{""m1"":[24739,46319,51373,3566,48800,18420,63384,33016,41686,27074,5683,19133,48855,49691,1854,8334,58057,13207,32689,4077,12538,37495,59603,30677,4472,17162,53552,31279,36073,38862,35635,34207],""m2"":[32329,41986,24725,25891,6115,55469,48973,13369,27929,60424,64236,28736,42980,20295,7350,60195,42321,20372,53809,19668,19960,64508,9553,24396,40644,6417,53377,51222,40271,64989,46484,1312]}","[64869,49086,17519,26400,16934,43476,7233,41097,53920,27420,18829,31666,62212,63038,29466,17310,31506,48407,30035,9775,44495,15819,4923,64822,8746,22362,46654,16634,2957,22730,19844,9690]","[64869,49086,17519,26400,16934,43476,7233,41097,53920,27420,18829,31666,62212,63038,29466,17310,31506,48407,30035,9775,44495,15819,4923,64822,8746,22362,46654,16634,2957,22730,19844,9690]","[{""label"":""c1=Enc(m1)"",""active_slots"":32,""logical_bits_per_active_slot"":16,""payload_bits_per_block"":512,""ciphertext_size"":2,""chain_index"":6,""fingerprint64"":""e4d1191be0101185""},{""label"":""c2=Enc(m2)"",""active_slots"":32,""logical_bits_per_active_slot"":16,""payload_bits_per_block"":512,""ciphertext_size"":2,""chain_index"":6,""fingerprint64"":""a6ab5a8fedca5c63""}]","[24739,46319,51373,3566,48800,18420,63384,33016,41686,27074,5683,19133,48855,49691,1854,8334,58057,13207,32689,4077,12538,37495,59603,30677,4472,17162,53552,31279,36073,38862,35635,34207]","[32329,41986,24725,25891,6115,55469,48973,13369,27929,60424,64236,28736,42980,20295,7350,60195,42321,20372,53809,19668,19960,64508,9553,24396,40644,6417,53377,51222,40271,64989,46484,1312]","true","ciphertext_artifacts/add_iter065_c1.seal","1835121","49781fb6480978f988264237e3f5dce99955f303326a4adcebb82421894a6ba3","1835121","49781fb6480978f988264237e3f5dce99955f303326a4adcebb82421894a6ba3","true","true","ciphertext_artifacts/add_iter065_c2.seal","1835121","2276b1a9d11dece3b39babf5fa09f1787eef7d4e340d9da697ffbfbd6af4195b","1835121","2276b1a9d11dece3b39babf5fa09f1787eef7d4e340d9da697ffbfbd6af4195b","true","true","true","12.287600","12.042700","24.330300","0.000000","0.118200","0.000000","0.000000","0.000000","0.109700","0.000000","0.000000","0.000000","0.096100","0.000000","0.000000","0.000000","0.094800","0.000000","0.000000","0.000000","0.122400","0.000000","0.000000","0.000000","0.094200","0.000000","0.000000","27289761880300","27289761998500","","27289761998500","","27289761998500","27289762108200","","27289762108200","","27289762108200","27289762204300","","27289762204300","","27289762204300","27289762299100","","27289762299100","","27289762299100","27289762421500","","27289762421500","","27289762421500","27289762515700","","27289762515700","","2.131000","66.799200","6","263","total plaintext payload 1024bit; m1/m2 encrypted as c1/c2; six dependent additions measured individually; each step 100-run average is the comparison unit; eval_chain_ms is a continuous reference"
"ADD","66","0.118700","0.099300","0.097600","0.095900","0.096700","0.095500","PACKAGE22_add_100_20260825_134055_850","Addition depth6","42","6087204697112412501","1024","128","true","true","true","32","true","32","true","32","0.118700","0.099300","0.097600","0.095900","0.096700","0.095500","0.603800","0.603700","0.100617","{""m1"":[65263,50468,58277,39815,26526,41315,12759,10146,60582,51588,20654,26499,29386,15405,187,28328,30683,47229,10836,55698,924,59644,14410,21513,22,44094,286,53477,27704,28431,1218,5788],""m2"":[11038,65028,9228,10795,49700,27411,46152,52669,64957,55257,60397,5029,32739,3726,43837,53933,9072,52077,16787,6202,58886,5778,60481,39296,46389,52631,50118,20104,3669,10562,13241,9865]}","[32018,3734,64181,60571,58593,50882,58418,1980,43977,44438,1659,55546,19150,7261,1185,12963,18874,17462,28168,44787,49280,59299,42472,7329,8181,6584,20424,12072,56286,14336,44595,52747]","[32018,3734,64181,60571,58593,50882,58418,1980,43977,44438,1659,55546,19150,7261,1185,12963,18874,17462,28168,44787,49280,59299,42472,7329,8181,6584,20424,12072,56286,14336,44595,52747]","[{""label"":""c1=Enc(m1)"",""active_slots"":32,""logical_bits_per_active_slot"":16,""payload_bits_per_block"":512,""ciphertext_size"":2,""chain_index"":6,""fingerprint64"":""af817c0f15eefdef""},{""label"":""c2=Enc(m2)"",""active_slots"":32,""logical_bits_per_active_slot"":16,""payload_bits_per_block"":512,""ciphertext_size"":2,""chain_index"":6,""fingerprint64"":""057659ff143cfe7f""}]","[65263,50468,58277,39815,26526,41315,12759,10146,60582,51588,20654,26499,29386,15405,187,28328,30683,47229,10836,55698,924,59644,14410,21513,22,44094,286,53477,27704,28431,1218,5788]","[11038,65028,9228,10795,49700,27411,46152,52669,64957,55257,60397,5029,32739,3726,43837,53933,9072,52077,16787,6202,58886,5778,60481,39296,46389,52631,50118,20104,3669,10562,13241,9865]","true","ciphertext_artifacts/add_iter066_c1.seal","1835121","95d25ec330282bcf801684d95bcc74ca034735a4198c4f0b347f4aa263c33af9","1835121","95d25ec330282bcf801684d95bcc74ca034735a4198c4f0b347f4aa263c33af9","true","true","ciphertext_artifacts/add_iter066_c2.seal","1835121","305b556a90ebd3df034d57f83881e0fe628d7501d624daf62157c19de9e6b9f6","1835121","305b556a90ebd3df034d57f83881e0fe628d7501d624daf62157c19de9e6b9f6","true","true","true","13.666200","12.138300","25.804500","0.000000","0.118700","0.000000","0.000000","0.000000","0.099300","0.000000","0.000000","0.000000","0.097600","0.000000","0.000000","0.000000","0.095900","0.000000","0.000000","0.000000","0.096700","0.000000","0.000000","0.000000","0.095500","0.000000","0.000000","27290554511500","27290554630200","","27290554630200","","27290554630200","27290554729500","","27290554729500","","27290554729500","27290554827100","","27290554827100","","27290554827100","27290554923000","","27290554923000","","27290554923000","27290555019700","","27290555019700","","27290555019700","27290555115200","","27290555115200","","2.208700","69.434400","6","262","total plaintext payload 1024bit; m1/m2 encrypted as c1/c2; six dependent additions measured individually; each step 100-run average is the comparison unit; eval_chain_ms is a continuous reference"
"ADD","67","0.123200","0.096200","0.093400","0.095000","0.092800","0.093600","PACKAGE22_add_100_20260825_134055_850","Addition depth6","42","-670013570239167168","1024","128","true","true","true","32","true","32","true","32","0.123200","0.096200","0.093400","0.095000","0.092800","0.093600","0.594300","0.594200","0.099033","{""m1"":[35744,47109,37138,59088,30139,19945,57989,23446,12232,47632,10488,30449,31898,15627,3602,3532,36465,43580,37163,27121,57316,19747,64649,53068,15030,29141,60753,9045,1701,22194,5810,44314],""m2"":[55152,39379,58817,47701,26607,46333,43115,42502,33159,61025,57844,14575,22763,14398,61139,43003,48255,29849,10929,60838,53013,63220,43098,64830,14043,39271,8762,9206,8434,32287,4626,3546]}","[46284,44425,62855,51770,3766,22168,33616,24679,17331,45918,18873,34447,64807,40165,1214,12063,28477,1719,50365,28850,60618,6500,60205,13540,36712,37766,7150,63798,32106,54563,37118,56820]","[46284,44425,62855,51770,3766,22168,33616,24679,17331,45918,18873,34447,64807,40165,1214,12063,28477,1719,50365,28850,60618,6500,60205,13540,36712,37766,7150,63798,32106,54563,37118,56820]","[{""label"":""c1=Enc(m1)"",""active_slots"":32,""logical_bits_per_active_slot"":16,""payload_bits_per_block"":512,""ciphertext_size"":2,""chain_index"":6,""fingerprint64"":""06c2a367377d6d83""},{""label"":""c2=Enc(m2)"",""active_slots"":32,""logical_bits_per_active_slot"":16,""payload_bits_per_block"":512,""ciphertext_size"":2,""chain_index"":6,""fingerprint64"":""f46e3ff0f79b679c""}]","[35744,47109,37138,59088,30139,19945,57989,23446,12232,47632,10488,30449,31898,15627,3602,3532,36465,43580,37163,27121,57316,19747,64649,53068,15030,29141,60753,9045,1701,22194,5810,44314]","[55152,39379,58817,47701,26607,46333,43115,42502,33159,61025,57844,14575,22763,14398,61139,43003,48255,29849,10929,60838,53013,63220,43098,64830,14043,39271,8762,9206,8434,32287,4626,3546]","true","ciphertext_artifacts/add_iter067_c1.seal","1835121","aa86853d64e6f4592cadea1978b133f67c67d66f2d1426d71d33738e49214a04","1835121","aa86853d64e6f4592cadea1978b133f67c67d66f2d1426d71d33738e49214a04","true","true","ciphertext_artifacts/add_iter067_c2.seal","1835121","b6678b89689bcf4b831e9fb43c3716b1df6ad053d8a673ea03091ed3799b18b6","1835121","b6678b89689bcf4b831e9fb43c3716b1df6ad053d8a673ea03091ed3799b18b6","true","true","true","13.040800","12.352200","25.393000","0.000000","0.123200","0.000000","0.000000","0.000000","0.096200","0.000000","0.000000","0.000000","0.093400","0.000000","0.000000","0.000000","0.095000","0.000000","0.000000","0.000000","0.092800","0.000000","0.000000","0.000000","0.093600","0.000000","0.000000","27291399965400","27291400088600","","27291400088600","","27291400088600","27291400184800","","27291400184800","","27291400184800","27291400278200","","27291400278200","","27291400278200","27291400373200","","27291400373200","","27291400373200","27291400466000","","27291400466000","","27291400466000","27291400559600","","27291400559600","","2.162400","68.294300","6","262","total plaintext payload 1024bit; m1/m2 encrypted as c1/c2; six dependent additions measured individually; each step 100-run average is the comparison unit; eval_chain_ms is a continuous reference"
"ADD","68","0.104700","0.092900","0.091300","0.091600","0.090800","0.100800","PACKAGE22_add_100_20260825_134055_850","Addition depth6","42","-7454815294376998485","1024","128","true","true","true","32","true","32","true","32","0.104700","0.092900","0.091300","0.091600","0.090800","0.100800","0.572300","0.572100","0.095350","{""m1"":[22528,17893,52920,33997,3158,52976,47365,44097,18323,55002,61879,14554,62911,32534,9626,14305,39056,34007,22952,49682,34016,35497,61617,46600,33237,25749,2425,24982,17748,18219,46608,52193],""m2"":[47479,40770,21281,10695,42164,46053,7414,43598,54894,37912,38628,3321,51669,51635,31104,48165,14758,57578,63458,12034,46711,1726,43549,49758,15624,32294,27034,32886,59252,60645,32607,14942]}","[35938,62808,13375,36999,8050,22378,15091,45034,41363,6059,35715,2642,13429,22893,742,5104,3887,46614,20034,38219,14049,16092,49430,7989,48746,3267,25265,1975,52137,58200,22105,56987]","[35938,62808,13375,36999,8050,22378,15091,45034,41363,6059,35715,2642,13429,22893,742,5104,3887,46614,20034,38219,14049,16092,49430,7989,48746,3267,25265,1975,52137,58200,22105,56987]","[{""label"":""c1=Enc(m1)"",""active_slots"":32,""logical_bits_per_active_slot"":16,""payload_bits_per_block"":512,""ciphertext_size"":2,""chain_index"":6,""fingerprint64"":""a0d9a801c93c7cb1""},{""label"":""c2=Enc(m2)"",""active_slots"":32,""logical_bits_per_active_slot"":16,""payload_bits_per_block"":512,""ciphertext_size"":2,""chain_index"":6,""fingerprint64"":""0ea9d97d43c04b86""}]","[22528,17893,52920,33997,3158,52976,47365,44097,18323,55002,61879,14554,62911,32534,9626,14305,39056,34007,22952,49682,34016,35497,61617,46600,33237,25749,2425,24982,17748,18219,46608,52193]","[47479,40770,21281,10695,42164,46053,7414,43598,54894,37912,38628,3321,51669,51635,31104,48165,14758,57578,63458,12034,46711,1726,43549,49758,15624,32294,27034,32886,59252,60645,32607,14942]","true","ciphertext_artifacts/add_iter068_c1.seal","1835121","6be8cac45a84dce6448d25e87d280b8eeea9dd2eaccd9f90760a2fd60c7a41a3","1835121","6be8cac45a84dce6448d25e87d280b8eeea9dd2eaccd9f90760a2fd60c7a41a3","true","true","ciphertext_artifacts/add_iter068_c2.seal","1835121","dfa9843f608fa070e144103fe53eeeab77365279fe38854da5c19cd5ed484eaa","1835121","dfa9843f608fa070e144103fe53eeeab77365279fe38854da5c19cd5ed484eaa","true","true","true","12.133000","11.781600","23.914600","0.000000","0.104700","0.000000","0.000000","0.000000","0.092900","0.000000","0.000000","0.000000","0.091300","0.000000","0.000000","0.000000","0.091600","0.000000","0.000000","0.000000","0.090800","0.000000","0.000000","0.000000","0.100800","0.000000","0.000000","27292219827200","27292219931900","","27292219931900","","27292219931900","27292220024800","","27292220024800","","27292220024900","27292220116200","","27292220116200","","27292220116200","27292220207800","","27292220207800","","27292220207800","27292220298600","","27292220298600","","27292220298600","27292220399400","","27292220399400","","2.058400","62.273900","6","263","total plaintext payload 1024bit; m1/m2 encrypted as c1/c2; six dependent additions measured individually; each step 100-run average is the comparison unit; eval_chain_ms is a continuous reference"
"ADD","69","0.114200","0.108400","0.095700","0.104500","0.100300","0.106000","PACKAGE22_add_100_20260825_134055_850","Addition depth6","42","4234711061721845142","1024","128","true","true","true","32","true","32","true","32","0.114200","0.108400","0.095700","0.104500","0.100300","0.106000","0.629300","0.629100","0.104850","{""m1"":[3661,38844,16985,9039,48773,49990,23172,25862,31355,24978,52224,27565,15350,23117,20031,62965,33167,19869,6095,454,7072,62323,44290,22130,23302,37872,31050,6705,46771,32222,64058,39960],""m2"":[32395,30630,13480,47233,56452,8592,4495,55238,53062,34347,12067,35879,63740,35269,43503,2338,65088,47088,56601,10196,6351,57051,58592,24844,16656,16649,42068,6499,7972,58932,8577,5387]}","[46292,50655,42843,46781,36763,29125,40636,7014,22458,6342,48486,21286,56009,1664,14022,62263,247,24129,63109,32404,47341,27223,25251,31978,12102,4824,53793,46317,14389,43536,19815,44927]","[46292,50655,42843,46781,36763,29125,40636,7014,22458,6342,48486,21286,56009,1664,14022,62263,247,24129,63109,32404,47341,27223,25251,31978,12102,4824,53793,46317,14389,43536,19815,44927]","[{""label"":""c1=Enc(m1)"",""active_slots"":32,""logical_bits_per_active_slot"":16,""payload_bits_per_block"":512,""ciphertext_size"":2,""chain_index"":6,""fingerprint64"":""200358ef109cd465""},{""label"":""c2=Enc(m2)"",""active_slots"":32,""logical_bits_per_active_slot"":16,""payload_bits_per_block"":512,""ciphertext_size"":2,""chain_index"":6,""fingerprint64"":""1b132a56bb4a3371""}]","[3661,38844,16985,9039,48773,49990,23172,25862,31355,24978,52224,27565,15350,23117,20031,62965,33167,19869,6095,454,7072,62323,44290,22130,23302,37872,31050,6705,46771,32222,64058,39960]","[32395,30630,13480,47233,56452,8592,4495,55238,53062,34347,12067,35879,63740,35269,43503,2338,65088,47088,56601,10196,6351,57051,58592,24844,16656,16649,42068,6499,7972,58932,8577,5387]","true","ciphertext_artifacts/add_iter069_c1.seal","1835121","1d60660e57fbf44c30c480c56e16100849c12edd515b3af0fa51d81f50fa5d4b","1835121","1d60660e57fbf44c30c480c56e16100849c12edd515b3af0fa51d81f50fa5d4b","true","true","ciphertext_artifacts/add_iter069_c2.seal","1835121","0afa1a3bbd22ab4f128d991169020fc3dcc3cc7a17399d09bb66d64d7e764940","1835121","0afa1a3bbd22ab4f128d991169020fc3dcc3cc7a17399d09bb66d64d7e764940","true","true","true","12.824900","12.349600","25.174500","0.000000","0.114200","0.000000","0.000000","0.000000","0.108400","0.000000","0.000000","0.000000","0.095700","0.000000","0.000000","0.000000","0.104500","0.000000","0.000000","0.000000","0.100300","0.000000","0.000000","0.000000","0.106000","0.000000","0.000000","27293026394500","27293026508700","","27293026508700","","27293026508700","27293026617100","","27293026617100","","27293026617100","27293026712800","","27293026712800","","27293026712800","27293026817300","","27293026817300","","27293026817300","27293026917600","","27293026917600","","27293026917700","27293027023700","","27293027023700","","2.200800","68.887000","6","262","total plaintext payload 1024bit; m1/m2 encrypted as c1/c2; six dependent additions measured individually; each step 100-run average is the comparison unit; eval_chain_ms is a continuous reference"
"ADD","70","0.156300","0.103100","0.110700","0.135100","0.097900","0.107600","PACKAGE22_add_100_20260825_134055_850","Addition depth6","42","-2514080608643739263","1024","128","true","true","true","32","true","32","true","32","0.156300","0.103100","0.110700","0.135100","0.097900","0.107600","0.710800","0.710700","0.118450","{""m1"":[5975,42097,62743,31265,10509,12144,34826,31529,3894,8000,18509,4963,65110,28252,7610,35863,17351,15930,32388,18858,47930,54440,63513,23859,40849,43225,365,45254,37524,28513,30921,18614],""m2"":[37411,50107,10180,42719,36196,206,50352,63136,31339,58428,55545,26051,43099,26176,19707,46037,55572,45885,44122,56141,55444,14551,52673,9505,9533,63407,32521,30832,52136,38334,56427,39597]}","[5059,56561,19364,56606,19550,49194,28212,53376,44056,10673,44060,32468,62052,60462,24024,19415,39509,4764,65307,47244,30367,64802,18849,58414,60921,35436,33486,11364,44356,32443,30817,62173]","[5059,56561,19364,56606,19550,49194,28212,53376,44056,10673,44060,32468,62052,60462,24024,19415,39509,4764,65307,47244,30367,64802,18849,58414,60921,35436,33486,11364,44356,32443,30817,62173]","[{""label"":""c1=Enc(m1)"",""active_slots"":32,""logical_bits_per_active_slot"":16,""payload_bits_per_block"":512,""ciphertext_size"":2,""chain_index"":6,""fingerprint64"":""3012fe3c1461b158""},{""label"":""c2=Enc(m2)"",""active_slots"":32,""logical_bits_per_active_slot"":16,""payload_bits_per_block"":512,""ciphertext_size"":2,""chain_index"":6,""fingerprint64"":""15a50c67d6d676fe""}]","[5975,42097,62743,31265,10509,12144,34826,31529,3894,8000,18509,4963,65110,28252,7610,35863,17351,15930,32388,18858,47930,54440,63513,23859,40849,43225,365,45254,37524,28513,30921,18614]","[37411,50107,10180,42719,36196,206,50352,63136,31339,58428,55545,26051,43099,26176,19707,46037,55572,45885,44122,56141,55444,14551,52673,9505,9533,63407,32521,30832,52136,38334,56427,39597]","true","ciphertext_artifacts/add_iter070_c1.seal","1835121","6b9252252256ddd5c8585f42cd21a69766ce8d78a35ff76e0cfad6a24736e298","1835121","6b9252252256ddd5c8585f42cd21a69766ce8d78a35ff76e0cfad6a24736e298","true","true","ciphertext_artifacts/add_iter070_c2.seal","1835121","11bd87175b2f05b1a55b91c6963bb8767445013c63e296201f3129659e97c677","1835121","11bd87175b2f05b1a55b91c6963bb8767445013c63e296201f3129659e97c677","true","true","true","13.347200","12.985000","26.332200","0.000000","0.156300","0.000000","0.000000","0.000000","0.103100","0.000000","0.000000","0.000000","0.110700","0.000000","0.000000","0.000000","0.135100","0.000000","0.000000","0.000000","0.097900","0.000000","0.000000","0.000000","0.107600","0.000000","0.000000","27293826692700","27293826849000","","27293826849000","","27293826849000","27293826952100","","27293826952100","","27293826952100","27293827062800","","27293827062800","","27293827062800","27293827197900","","27293827197900","","27293827197900","27293827295800","","27293827295800","","27293827295900","27293827403500","","27293827403500","","2.320700","69.083300","6","263","total plaintext payload 1024bit; m1/m2 encrypted as c1/c2; six dependent additions measured individually; each step 100-run average is the comparison unit; eval_chain_ms is a continuous reference"
"ADD","71","0.114400","0.108600","0.097200","0.094800","0.094000","0.093600","PACKAGE22_add_100_20260825_134055_850","Addition depth6","42","9175446297243686380","1024","128","true","true","true","32","true","32","true","32","0.114400","0.108600","0.097200","0.094800","0.094000","0.093600","0.602700","0.602600","0.100433","{""m1"":[49256,11836,59554,22377,46002,46464,32980,34452,55217,13015,58629,24768,28507,31656,32644,20482,53190,27857,32467,60222,24675,18398,44010,33358,26450,19435,42681,44440,34912,54959,55415,61570],""m2"":[62724,14784,33340,62673,26024,27691,58168,33359,18439,48678,25913,7621,9795,32700,3036,4181,55098,20461,48167,53578,11807,56186,64072,5824,18363,13993,29161,13580,5014,3126,26100,56866]}","[57511,26159,10551,15379,65469,6781,44276,41274,14037,1483,50107,56398,12339,28113,8610,28934,50369,41737,12221,8400,3047,45539,40571,19830,29815,54182,61596,21889,23616,32603,37812,23656]","[57511,26159,10551,15379,65469,6781,44276,41274,14037,1483,50107,56398,12339,28113,8610,28934,50369,41737,12221,8400,3047,45539,40571,19830,29815,54182,61596,21889,23616,32603,37812,23656]","[{""label"":""c1=Enc(m1)"",""active_slots"":32,""logical_bits_per_active_slot"":16,""payload_bits_per_block"":512,""ciphertext_size"":2,""chain_index"":6,""fingerprint64"":""f4103ab541064471""},{""label"":""c2=Enc(m2)"",""active_slots"":32,""logical_bits_per_active_slot"":16,""payload_bits_per_block"":512,""ciphertext_size"":2,""chain_index"":6,""fingerprint64"":""afcfb9a030ebe4b2""}]","[49256,11836,59554,22377,46002,46464,32980,34452,55217,13015,58629,24768,28507,31656,32644,20482,53190,27857,32467,60222,24675,18398,44010,33358,26450,19435,42681,44440,34912,54959,55415,61570]","[62724,14784,33340,62673,26024,27691,58168,33359,18439,48678,25913,7621,9795,32700,3036,4181,55098,20461,48167,53578,11807,56186,64072,5824,18363,13993,29161,13580,5014,3126,26100,56866]","true","ciphertext_artifacts/add_iter071_c1.seal","1835121","f0f2e58eeb0e369272e7a595245766a5b1c6bc1cbb48914ea699d00523e1a0a5","1835121","f0f2e58eeb0e369272e7a595245766a5b1c6bc1cbb48914ea699d00523e1a0a5","true","true","ciphertext_artifacts/add_iter071_c2.seal","1835121","100c0dafde25a0c468b637efb4799f106bdf31b3aaa94aaa5f490c6d8bd8ad7d","1835121","100c0dafde25a0c468b637efb4799f106bdf31b3aaa94aaa5f490c6d8bd8ad7d","true","true","true","12.392400","12.593100","24.985500","0.000000","0.114400","0.000000","0.000000","0.000000","0.108600","0.000000","0.000000","0.000000","0.097200","0.000000","0.000000","0.000000","0.094800","0.000000","0.000000","0.000000","0.094000","0.000000","0.000000","0.000000","0.093600","0.000000","0.000000","27294627416400","27294627530800","","27294627530800","","27294627530900","27294627639500","","27294627639500","","27294627639500","27294627736700","","27294627736700","","27294627736700","27294627831500","","27294627831500","","27294627831500","27294627925500","","27294627925500","","27294627925500","27294628019100","","27294628019100","","2.124500","66.345100","6","262","total plaintext payload 1024bit; m1/m2 encrypted as c1/c2; six dependent additions measured individually; each step 100-run average is the comparison unit; eval_chain_ms is a continuous reference"
"ADD","72","0.116200","0.097900","0.096800","0.104200","0.131900","0.093600","PACKAGE22_add_100_20260825_134055_850","Addition depth6","42","-2185013747822061097","1024","128","true","true","true","32","true","32","true","32","0.116200","0.097900","0.096800","0.104200","0.131900","0.093600","0.640800","0.640600","0.106767","{""m1"":[50808,4504,12292,1689,5836,2079,16711,30064,47086,45568,28298,44009,37052,2374,61256,8597,9773,20595,43494,20169,25147,17088,20592,22812,34833,52635,25889,34869,37780,16649,40251,29463],""m2"":[33875,22695,48059,60087,46882,45569,19321,8220,53420,10975,44202,23381,48441,47410,14768,26363,64903,44365,63559,37571,29069,53097,59093,14507,26409,14015,32463,2191,43105,16098,61702,39797]}","[42709,20564,62271,55943,32916,13949,59270,13842,20919,18586,49187,49568,31383,20652,27180,47940,37190,18864,36968,62315,56721,31032,63036,3695,21948,55974,4334,14975,18287,49353,18425,40632]","[42709,20564,62271,55943,32916,13949,59270,13842,20919,18586,49187,49568,31383,20652,27180,47940,37190,18864,36968,62315,56721,31032,63036,3695,21948,55974,4334,14975,18287,49353,18425,40632]","[{""label"":""c1=Enc(m1)"",""active_slots"":32,""logical_bits_per_active_slot"":16,""payload_bits_per_block"":512,""ciphertext_size"":2,""chain_index"":6,""fingerprint64"":""76117f10e4ecdeee""},{""label"":""c2=Enc(m2)"",""active_slots"":32,""logical_bits_per_active_slot"":16,""payload_bits_per_block"":512,""ciphertext_size"":2,""chain_index"":6,""fingerprint64"":""d6f256998a9cc1bd""}]","[50808,4504,12292,1689,5836,2079,16711,30064,47086,45568,28298,44009,37052,2374,61256,8597,9773,20595,43494,20169,25147,17088,20592,22812,34833,52635,25889,34869,37780,16649,40251,29463]","[33875,22695,48059,60087,46882,45569,19321,8220,53420,10975,44202,23381,48441,47410,14768,26363,64903,44365,63559,37571,29069,53097,59093,14507,26409,14015,32463,2191,43105,16098,61702,39797]","true","ciphertext_artifacts/add_iter072_c1.seal","1835121","4d6e03bb02b3a89c2da53e1db7a367f43cb2f00de44f1db351125f57a3b1efbe","1835121","4d6e03bb02b3a89c2da53e1db7a367f43cb2f00de44f1db351125f57a3b1efbe","true","true","ciphertext_artifacts/add_iter072_c2.seal","1835121","a9dea2f9f4caec01907599285cf5d098caf64472a64b96f3ae9faff05d1210b0","1835121","a9dea2f9f4caec01907599285cf5d098caf64472a64b96f3ae9faff05d1210b0","true","true","true","13.234200","12.912900","26.147100","0.000000","0.116200","0.000000","0.000000","0.000000","0.097900","0.000000","0.000000","0.000000","0.096800","0.000000","0.000000","0.000000","0.104200","0.000000","0.000000","0.000000","0.131900","0.000000","0.000000","0.000000","0.093600","0.000000","0.000000","27295443425300","27295443541500","","27295443541500","","27295443541500","27295443639400","","27295443639400","","27295443639500","27295443736300","","27295443736300","","27295443736300","27295443840500","","27295443840500","","27295443840500","27295443972400","","27295443972400","","27295443972500","27295444066100","","27295444066100","","2.124200","69.117200","6","262","total plaintext payload 1024bit; m1/m2 encrypted as c1/c2; six dependent additions measured individually; each step 100-run average is the comparison unit; eval_chain_ms is a continuous reference"
"ADD","73","0.116700","0.104000","0.092800","0.101900","0.092400","0.105600","PACKAGE22_add_100_20260825_134055_850","Addition depth6","42","-8942235313725039166","1024","128","true","true","true","32","true","32","true","32","0.116700","0.104000","0.092800","0.101900","0.092400","0.105600","0.613400","0.613400","0.102233","{""m1"":[46194,53153,41955,64571,45972,20352,53997,9184,54501,4571,60426,44683,53505,50449,41260,38848,58435,58861,5898,18219,54171,54352,56787,33341,58257,22279,52513,4064,41799,41815,44567,38074],""m2"":[14999,64019,6121,17111,17509,14349,15277,15953,37598,48124,46904,65389,42997,29154,26200,62082,53456,59723,25374,11813,10550,48522,14530,9195,32012,41013,36961,23116,35088,17394,20237,17983]}","[33162,11447,55109,47469,39804,58918,65208,19058,3113,31582,54731,47214,15326,27110,47029,13953,886,21391,34177,42778,51723,35289,8590,29875,1379,15544,58787,20067,10312,22831,42368,9634]","[33162,11447,55109,47469,39804,58918,65208,19058,3113,31582,54731,47214,15326,27110,47029,13953,886,21391,34177,42778,51723,35289,8590,29875,1379,15544,58787,20067,10312,22831,42368,9634]","[{""label"":""c1=Enc(m1)"",""active_slots"":32,""logical_bits_per_active_slot"":16,""payload_bits_per_block"":512,""ciphertext_size"":2,""chain_index"":6,""fingerprint64"":""6e5d2261e3b66b23""},{""label"":""c2=Enc(m2)"",""active_slots"":32,""logical_bits_per_active_slot"":16,""payload_bits_per_block"":512,""ciphertext_size"":2,""chain_index"":6,""fingerprint64"":""7a00d71059e84c4d""}]","[46194,53153,41955,64571,45972,20352,53997,9184,54501,4571,60426,44683,53505,50449,41260,38848,58435,58861,5898,18219,54171,54352,56787,33341,58257,22279,52513,4064,41799,41815,44567,38074]","[14999,64019,6121,17111,17509,14349,15277,15953,37598,48124,46904,65389,42997,29154,26200,62082,53456,59723,25374,11813,10550,48522,14530,9195,32012,41013,36961,23116,35088,17394,20237,17983]","true","ciphertext_artifacts/add_iter073_c1.seal","1835121","0bdb42910fa03c114cf82d68efd4ba39fbd6fcc6dfd9a488d3d906ede737605f","1835121","0bdb42910fa03c114cf82d68efd4ba39fbd6fcc6dfd9a488d3d906ede737605f","true","true","ciphertext_artifacts/add_iter073_c2.seal","1835121","a71cf571470b80691a351b6f88ea70ef3b8ab3df134804bd38e0467d6a46faee","1835121","a71cf571470b80691a351b6f88ea70ef3b8ab3df134804bd38e0467d6a46faee","true","true","true","13.179100","12.081100","25.260200","0.000000","0.116700","0.000000","0.000000","0.000000","0.104000","0.000000","0.000000","0.000000","0.092800","0.000000","0.000000","0.000000","0.101900","0.000000","0.000000","0.000000","0.092400","0.000000","0.000000","0.000000","0.105600","0.000000","0.000000","27296273404200","27296273520900","","27296273520900","","27296273520900","27296273624900","","27296273624900","","27296273624900","27296273717700","","27296273717700","","27296273717700","27296273819600","","27296273819600","","27296273819600","27296273912000","","27296273912000","","27296273912000","27296274017600","","27296274017600","","2.155200","64.850000","6","262","total plaintext payload 1024bit; m1/m2 encrypted as c1/c2; six dependent additions measured individually; each step 100-run average is the comparison unit; eval_chain_ms is a continuous reference"
"ADD","74","0.166800","0.148100","0.110200","0.105000","0.102800","0.097900","PACKAGE22_add_100_20260825_134055_850","Addition depth6","42","2467504374382699053","1024","128","true","true","true","32","true","32","true","32","0.166800","0.148100","0.110200","0.105000","0.102800","0.097900","0.730900","0.730800","0.121800","{""m1"":[65383,57296,54351,22578,3201,12264,44532,48728,51441,55430,43051,58901,59472,50491,7269,65151,54578,3141,22316,63229,1715,27122,44868,49597,15135,34888,18999,31331,40768,60721,59977,23731],""m2"":[15919,34038,21289,10140,40547,7813,29008,6309,46038,19861,37000,30060,62525,14153,62157,19231,28489,8522,42300,28718,24113,59878,27265,39290,60747,25395,48290,58623,13688,36166,14869,4004]}","[47141,3613,19123,55195,3371,6958,3004,17228,16193,19155,21056,63636,32241,47812,18936,56149,41631,38130,19553,11385,13662,25974,64656,54110,46170,19126,24255,39045,7525,23697,22367,41399]","[47141,3613,19123,55195,3371,6958,3004,17228,16193,19155,21056,63636,32241,47812,18936,56149,41631,38130,19553,11385,13662,25974,64656,54110,46170,19126,24255,39045,7525,23697,22367,41399]","[{""label"":""c1=Enc(m1)"",""active_slots"":32,""logical_bits_per_active_slot"":16,""payload_bits_per_block"":512,""ciphertext_size"":2,""chain_index"":6,""fingerprint64"":""3ac8f1905627785d""},{""label"":""c2=Enc(m2)"",""active_slots"":32,""logical_bits_per_active_slot"":16,""payload_bits_per_block"":512,""ciphertext_size"":2,""chain_index"":6,""fingerprint64"":""73ba172330aad209""}]","[65383,57296,54351,22578,3201,12264,44532,48728,51441,55430,43051,58901,59472,50491,7269,65151,54578,3141,22316,63229,1715,27122,44868,49597,15135,34888,18999,31331,40768,60721,59977,23731]","[15919,34038,21289,10140,40547,7813,29008,6309,46038,19861,37000,30060,62525,14153,62157,19231,28489,8522,42300,28718,24113,59878,27265,39290,60747,25395,48290,58623,13688,36166,14869,4004]","true","ciphertext_artifacts/add_iter074_c1.seal","1835121","e5a4fdabf30ee68498212a0764cea2f34080ec4788b2d598660f56af263de49b","1835121","e5a4fdabf30ee68498212a0764cea2f34080ec4788b2d598660f56af263de49b","true","true","ciphertext_artifacts/add_iter074_c2.seal","1835121","d11300bfcd8755672d85f49f01652151bcbe43b268b18f71e1820fdb71983915","1835121","d11300bfcd8755672d85f49f01652151bcbe43b268b18f71e1820fdb71983915","true","true","true","12.818900","12.296600","25.115500","0.000000","0.166800","0.000000","0.000000","0.000000","0.148100","0.000000","0.000000","0.000000","0.110200","0.000000","0.000000","0.000000","0.105000","0.000000","0.000000","0.000000","0.102800","0.000000","0.000000","0.000000","0.097900","0.000000","0.000000","27297124601300","27297124768100","","27297124768100","","27297124768100","27297124916200","","27297124916200","","27297124916200","27297125026400","","27297125026400","","27297125026400","27297125131400","","27297125131400","","27297125131400","27297125234200","","27297125234200","","27297125234200","27297125332100","","27297125332100","","2.286500","68.110900","6","262","total plaintext payload 1024bit; m1/m2 encrypted as c1/c2; six dependent additions measured individually; each step 100-run average is the comparison unit; eval_chain_ms is a continuous reference"
"ADD","75","0.150300","0.107600","0.098300","0.100600","0.098800","0.110700","PACKAGE22_add_100_20260825_134055_850","Addition depth6","42","-4289730454361725416","1024","128","true","true","true","32","true","32","true","32","0.150300","0.107600","0.098300","0.100600","0.098800","0.110700","0.666400","0.666300","0.111050","{""m1"":[32374,21862,10548,51449,45403,7359,17981,34659,59296,42116,2114,21270,55765,62200,32946,21512,12244,57486,62902,10816,54236,45110,8481,13957,22195,44567,57758,24997,9879,13835,740,29197],""m2"":[50424,46809,63274,55977,38310,7171,64600,7077,39454,7028,60267,45535,46227,2471,12275,3691,45906,45310,15173,64691,45739,46102,64990,57029,63065,64015,21905,26156,41583,25458,10329,24350]}","[18620,31264,35403,46042,34394,50949,3576,28793,27861,58474,58183,25074,34056,59602,37535,31584,55620,38189,34979,40726,26476,56598,32283,30304,15827,42628,34599,47382,33191,640,33947,58764]","[18620,31264,35403,46042,34394,50949,3576,28793,27861,58474,58183,25074,34056,59602,37535,31584,55620,38189,34979,40726,26476,56598,32283,30304,15827,42628,34599,47382,33191,640,33947,58764]","[{""label"":""c1=Enc(m1)"",""active_slots"":32,""logical_bits_per_active_slot"":16,""payload_bits_per_block"":512,""ciphertext_size"":2,""chain_index"":6,""fingerprint64"":""e5a0759541ea38c0""},{""label"":""c2=Enc(m2)"",""active_slots"":32,""logical_bits_per_active_slot"":16,""payload_bits_per_block"":512,""ciphertext_size"":2,""chain_index"":6,""fingerprint64"":""34fed499e4fab4a6""}]","[32374,21862,10548,51449,45403,7359,17981,34659,59296,42116,2114,21270,55765,62200,32946,21512,12244,57486,62902,10816,54236,45110,8481,13957,22195,44567,57758,24997,9879,13835,740,29197]","[50424,46809,63274,55977,38310,7171,64600,7077,39454,7028,60267,45535,46227,2471,12275,3691,45906,45310,15173,64691,45739,46102,64990,57029,63065,64015,21905,26156,41583,25458,10329,24350]","true","ciphertext_artifacts/add_iter075_c1.seal","1835121","63d227ae483348c2562849dc5b78f69a4ca20b08f2f24796db712eb2eb814c55","1835121","63d227ae483348c2562849dc5b78f69a4ca20b08f2f24796db712eb2eb814c55","true","true","ciphertext_artifacts/add_iter075_c2.seal","1835121","4e5f0ff9ab4c5d60539d0bcc37d14eb64033929000f9a8050528600592b1cac0","1835121","4e5f0ff9ab4c5d60539d0bcc37d14eb64033929000f9a8050528600592b1cac0","true","true","true","12.217400","12.147900","24.365300","0.000000","0.150300","0.000000","0.000000","0.000000","0.107600","0.000000","0.000000","0.000000","0.098300","0.000000","0.000000","0.000000","0.100600","0.000000","0.000000","0.000000","0.098800","0.000000","0.000000","0.000000","0.110700","0.000000","0.000000","27297935519000","27297935669300","","27297935669300","","27297935669300","27297935776900","","27297935776900","","27297935776900","27297935875200","","27297935875200","","27297935875200","27297935975800","","27297935975800","","27297935975800","27297936074600","","27297936074600","","27297936074600","27297936185300","","27297936185300","","2.230300","68.090200","6","263","total plaintext payload 1024bit; m1/m2 encrypted as c1/c2; six dependent additions measured individually; each step 100-run average is the comparison unit; eval_chain_ms is a continuous reference"
"ADD","76","0.145600","0.110800","0.113100","0.103200","0.096700","0.096200","PACKAGE22_add_100_20260825_134055_850","Addition depth6","42","7372210795672152579","1024","128","true","true","true","32","true","32","true","32","0.145600","0.110800","0.113100","0.103200","0.096700","0.096200","0.665900","0.665600","0.110933","{""m1"":[10455,64736,1902,34379,9143,62340,4864,60880,5909,21603,53867,55171,52967,24430,60445,4556,9274,44113,17776,28686,1021,48794,13085,2380,21924,39130,23288,51751,13670,56985,13292,39696],""m2"":[43650,34075,6311,9879,25663,42698,61135,45080,51384,19365,52917,14412,55301,12631,7876,14257,53857,60698,54608,41277,51580,25359,31068,10466,64237,52981,51346,7162,61945,63537,28125,31741]}","[41696,33484,26541,36079,48024,49769,6250,51075,46714,13433,46534,1772,50086,4539,3260,60995,2056,30861,38317,41964,27750,9105,14470,40918,18259,53315,50579,31879,43904,25329,6469,57396]","[41696,33484,26541,36079,48024,49769,6250,51075,46714,13433,46534,1772,50086,4539,3260,60995,2056,30861,38317,41964,27750,9105,14470,40918,18259,53315,50579,31879,43904,25329,6469,57396]","[{""label"":""c1=Enc(m1)"",""active_slots"":32,""logical_bits_per_active_slot"":16,""payload_bits_per_block"":512,""ciphertext_size"":2,""chain_index"":6,""fingerprint64"":""a7dd8731d9130d7a""},{""label"":""c2=Enc(m2)"",""active_slots"":32,""logical_bits_per_active_slot"":16,""payload_bits_per_block"":512,""ciphertext_size"":2,""chain_index"":6,""fingerprint64"":""9a7f38755b687f09""}]","[10455,64736,1902,34379,9143,62340,4864,60880,5909,21603,53867,55171,52967,24430,60445,4556,9274,44113,17776,28686,1021,48794,13085,2380,21924,39130,23288,51751,13670,56985,13292,39696]","[43650,34075,6311,9879,25663,42698,61135,45080,51384,19365,52917,14412,55301,12631,7876,14257,53857,60698,54608,41277,51580,25359,31068,10466,64237,52981,51346,7162,61945,63537,28125,31741]","true","ciphertext_artifacts/add_iter076_c1.seal","1835121","8c4ae35703aa9eda2ca5a2375cded43f6db829601a8468938cbfb502270be75e","1835121","8c4ae35703aa9eda2ca5a2375cded43f6db829601a8468938cbfb502270be75e","true","true","ciphertext_artifacts/add_iter076_c2.seal","1835121","ed0abd45f0dc17350c12c6f69438377c300b6b0602d686d342ec55bc2b884a5c","1835121","ed0abd45f0dc17350c12c6f69438377c300b6b0602d686d342ec55bc2b884a5c","true","true","true","12.277200","12.409800","24.687000","0.000000","0.145600","0.000000","0.000000","0.000000","0.110800","0.000000","0.000000","0.000000","0.113100","0.000000","0.000000","0.000000","0.103200","0.000000","0.000000","0.000000","0.096700","0.000000","0.000000","0.000000","0.096200","0.000000","0.000000","27298742510500","27298742656100","","27298742656100","","27298742656100","27298742766900","","27298742766900","","27298742766900","27298742880000","","27298742880000","","27298742880100","27298742983300","","27298742983300","","27298742983300","27298743080000","","27298743080000","","27298743080100","27298743176300","","27298743176300","","2.177200","64.771500","6","262","total plaintext payload 1024bit; m1/m2 encrypted as c1/c2; six dependent additions measured individually; each step 100-run average is the comparison unit; eval_chain_ms is a continuous reference"
"ADD","77","0.375900","0.168700","0.118300","0.104000","0.115600","0.094300","PACKAGE22_add_100_20260825_134055_850","Addition depth6","42","619497227461406318","1024","128","true","true","true","32","true","32","true","32","0.375900","0.168700","0.118300","0.104000","0.115600","0.094300","0.977000","0.976800","0.162800","{""m1"":[24748,6964,13039,20042,59749,39655,48300,32803,55744,149,57100,35682,7601,10407,35046,8077,2993,17185,59280,15576,48173,46453,52261,28067,54298,63509,37865,1853,33251,47316,9554,23459],""m2"":[49135,31403,24827,30936,40841,38779,29984,57564,59578,35405,36731,6378,18030,57858,58853,62246,12896,59789,16379,51174,64038,36542,15085,52092,1373,22540,2614,40253,65167,24703,60610,11469]}","[49786,56528,61100,41902,33834,12809,21004,41756,8488,41274,10908,30788,18957,18591,54595,22435,50660,51496,24109,19215,57121,33290,57688,6396,24700,59508,28228,62634,820,1225,23435,62706]","[49786,56528,61100,41902,33834,12809,21004,41756,8488,41274,10908,30788,18957,18591,54595,22435,50660,51496,24109,19215,57121,33290,57688,6396,24700,59508,28228,62634,820,1225,23435,62706]","[{""label"":""c1=Enc(m1)"",""active_slots"":32,""logical_bits_per_active_slot"":16,""payload_bits_per_block"":512,""ciphertext_size"":2,""chain_index"":6,""fingerprint64"":""443101afe5c21ed9""},{""label"":""c2=Enc(m2)"",""active_slots"":32,""logical_bits_per_active_slot"":16,""payload_bits_per_block"":512,""ciphertext_size"":2,""chain_index"":6,""fingerprint64"":""755ebbbd3484e60e""}]","[24748,6964,13039,20042,59749,39655,48300,32803,55744,149,57100,35682,7601,10407,35046,8077,2993,17185,59280,15576,48173,46453,52261,28067,54298,63509,37865,1853,33251,47316,9554,23459]","[49135,31403,24827,30936,40841,38779,29984,57564,59578,35405,36731,6378,18030,57858,58853,62246,12896,59789,16379,51174,64038,36542,15085,52092,1373,22540,2614,40253,65167,24703,60610,11469]","true","ciphertext_artifacts/add_iter077_c1.seal","1835121","ce5eebba05184049f0e37390e71d8da19b1058ffa4ae45881f5d8879caecabe5","1835121","ce5eebba05184049f0e37390e71d8da19b1058ffa4ae45881f5d8879caecabe5","true","true","ciphertext_artifacts/add_iter077_c2.seal","1835121","52b9142b9e981b66d770b71c958bf0148dce8d8cff905f18e1d4f431b5da64ea","1835121","52b9142b9e981b66d770b71c958bf0148dce8d8cff905f18e1d4f431b5da64ea","true","true","true","12.914600","13.545500","26.460100","0.000000","0.375900","0.000000","0.000000","0.000000","0.168700","0.000000","0.000000","0.000000","0.118300","0.000000","0.000000","0.000000","0.104000","0.000000","0.000000","0.000000","0.115600","0.000000","0.000000","0.000000","0.094300","0.000000","0.000000","27299602992900","27299603368800","","27299603368800","","27299603368900","27299603537600","","27299603537600","","27299603537600","27299603655900","","27299603655900","","27299603655900","27299603759900","","27299603759900","","27299603759900","27299603875500","","27299603875500","","27299603875500","27299603969800","","27299603969800","","2.159400","69.844500","6","263","total plaintext payload 1024bit; m1/m2 encrypted as c1/c2; six dependent additions measured individually; each step 100-run average is the comparison unit; eval_chain_ms is a continuous reference"
"ADD","78","0.120800","0.096500","0.098500","0.094500","0.093000","0.094600","PACKAGE22_add_100_20260825_134055_850","Addition depth6","42","-6138283981235572135","1024","128","true","true","true","32","true","32","true","32","0.120800","0.096500","0.098500","0.094500","0.093000","0.094600","0.598000","0.597900","0.099650","{""m1"":[59880,63563,4687,31072,7682,19546,47683,56867,46473,42271,8453,63664,23380,11910,26609,34193,37122,60433,35449,9548,57657,28568,56135,18516,16971,24443,43913,13597,42110,1259,5943,18084],""m2"":[5103,50953,31649,3132,59878,7976,58029,4814,46571,3148,56497,18072,665,45553,58252,48108,63610,20161,60164,265,65104,7375,39007,40869,5920,27672,28638,63015,59789,27444,55430,58473]}","[58218,13889,48158,2610,13751,36575,37134,45299,63457,47454,6692,46724,29978,53225,19044,18948,11633,40067,60140,38987,32718,5323,13876,60,20107,49714,64955,46822,20122,21831,58988,51144]","[58218,13889,48158,2610,13751,36575,37134,45299,63457,47454,6692,46724,29978,53225,19044,18948,11633,40067,60140,38987,32718,5323,13876,60,20107,49714,64955,46822,20122,21831,58988,51144]","[{""label"":""c1=Enc(m1)"",""active_slots"":32,""logical_bits_per_active_slot"":16,""payload_bits_per_block"":512,""ciphertext_size"":2,""chain_index"":6,""fingerprint64"":""0c1cbf20b909c1dc""},{""label"":""c2=Enc(m2)"",""active_slots"":32,""logical_bits_per_active_slot"":16,""payload_bits_per_block"":512,""ciphertext_size"":2,""chain_index"":6,""fingerprint64"":""9a5c2a767a0aa767""}]","[59880,63563,4687,31072,7682,19546,47683,56867,46473,42271,8453,63664,23380,11910,26609,34193,37122,60433,35449,9548,57657,28568,56135,18516,16971,24443,43913,13597,42110,1259,5943,18084]","[5103,50953,31649,3132,59878,7976,58029,4814,46571,3148,56497,18072,665,45553,58252,48108,63610,20161,60164,265,65104,7375,39007,40869,5920,27672,28638,63015,59789,27444,55430,58473]","true","ciphertext_artifacts/add_iter078_c1.seal","1835121","0735ab853c3da468d9a4bcf7cbc47d3590e4e47a3be438b756d875d949167b89","1835121","0735ab853c3da468d9a4bcf7cbc47d3590e4e47a3be438b756d875d949167b89","true","true","ciphertext_artifacts/add_iter078_c2.seal","1835121","e465b38485fe7379d62332f6457e1d49e957d167b005312ff705346014d201c1","1835121","e465b38485fe7379d62332f6457e1d49e957d167b005312ff705346014d201c1","true","true","true","13.142800","12.054100","25.196900","0.000000","0.120800","0.000000","0.000000","0.000000","0.096500","0.000000","0.000000","0.000000","0.098500","0.000000","0.000000","0.000000","0.094500","0.000000","0.000000","0.000000","0.093000","0.000000","0.000000","0.000000","0.094600","0.000000","0.000000","27300454061100","27300454181900","","27300454181900","","27300454181900","27300454278400","","27300454278400","","27300454278500","27300454377000","","27300454377000","","27300454377000","27300454471500","","27300454471500","","27300454471500","27300454564500","","27300454564500","","27300454564500","27300454659100","","27300454659100","","2.322200","68.370900","6","262","total plaintext payload 1024bit; m1/m2 encrypted as c1/c2; six dependent additions measured individually; each step 100-run average is the comparison unit; eval_chain_ms is a continuous reference"
"ADD","79","0.148600","0.098300","0.096700","0.094500","0.093200","0.100600","PACKAGE22_add_100_20260825_134055_850","Addition depth6","42","5560231981946910276","1024","128","true","true","true","32","true","32","true","32","0.148600","0.098300","0.096700","0.094500","0.093200","0.100600","0.632000","0.631900","0.105317","{""m1"":[42998,33253,37892,19978,34914,42568,8060,22862,33842,59200,29467,56141,53327,57710,43980,31900,59602,62311,17489,41552,60352,20823,18184,4525,17212,7172,54813,4748,8004,59917,15233,59426],""m2"":[15669,13631,42576,20550,2200,47524,12969,13007,10807,31081,31796,56216,32841,11690,54431,20864,45383,42633,20628,35973,61928,13936,45291,36480,21364,42953,10206,50376,9128,26108,22683,41234]}","[22388,42831,17148,10488,15182,50696,5610,64932,36715,2358,16645,65527,49683,3762,11528,59118,46872,49458,766,11979,33970,59563,11998,62003,1866,26473,53259,39046,59400,55844,63444,33721]","[22388,42831,17148,10488,15182,50696,5610,64932,36715,2358,16645,65527,49683,3762,11528,59118,46872,49458,766,11979,33970,59563,11998,62003,1866,26473,53259,39046,59400,55844,63444,33721]","[{""label"":""c1=Enc(m1)"",""active_slots"":32,""logical_bits_per_active_slot"":16,""payload_bits_per_block"":512,""ciphertext_size"":2,""chain_index"":6,""fingerprint64"":""d3cb7511e0d0a693""},{""label"":""c2=Enc(m2)"",""active_slots"":32,""logical_bits_per_active_slot"":16,""payload_bits_per_block"":512,""ciphertext_size"":2,""chain_index"":6,""fingerprint64"":""368c8f4c8a4da0c2""}]","[42998,33253,37892,19978,34914,42568,8060,22862,33842,59200,29467,56141,53327,57710,43980,31900,59602,62311,17489,41552,60352,20823,18184,4525,17212,7172,54813,4748,8004,59917,15233,59426]","[15669,13631,42576,20550,2200,47524,12969,13007,10807,31081,31796,56216,32841,11690,54431,20864,45383,42633,20628,35973,61928,13936,45291,36480,21364,42953,10206,50376,9128,26108,22683,41234]","true","ciphertext_artifacts/add_iter079_c1.seal","1835121","a899af34c2626a159fd7a9c5cfc83f5426f9690e91831ddd98e12df02160c404","1835121","a899af34c2626a159fd7a9c5cfc83f5426f9690e91831ddd98e12df02160c404","true","true","ciphertext_artifacts/add_iter079_c2.seal","1835121","1fc5776c5f638c406a1abb1cbd47a585a8f8d4fee2820078ca7d03a1f5d1664d","1835121","1fc5776c5f638c406a1abb1cbd47a585a8f8d4fee2820078ca7d03a1f5d1664d","true","true","true","12.511300","12.249800","24.761100","0.000000","0.148600","0.000000","0.000000","0.000000","0.098300","0.000000","0.000000","0.000000","0.096700","0.000000","0.000000","0.000000","0.094500","0.000000","0.000000","0.000000","0.093200","0.000000","0.000000","0.000000","0.100600","0.000000","0.000000","27301284964500","27301285113100","","27301285113100","","27301285113100","27301285211400","","27301285211400","","27301285211400","27301285308100","","27301285308100","","27301285308100","27301285402600","","27301285402600","","27301285402600","27301285495800","","27301285495800","","27301285495900","27301285596500","","27301285596500","","2.329200","68.561600","6","262","total plaintext payload 1024bit; m1/m2 encrypted as c1/c2; six dependent additions measured individually; each step 100-run average is the comparison unit; eval_chain_ms is a continuous reference"
"ADD","80","0.396300","0.280000","0.302100","0.140300","0.191500","0.136300","PACKAGE22_add_100_20260825_134055_850","Addition depth6","42","-1197552542506239313","1024","128","true","true","true","32","true","32","true","32","0.396300","0.280000","0.302100","0.140300","0.191500","0.136300","1.446600","1.446500","0.241083","{""m1"":[52801,2718,49002,31,61516,43751,32971,44487,60456,9786,27137,42521,28991,22649,51574,7060,47510,55881,26179,61693,42863,46757,56485,36533,33998,57285,46979,26454,41418,47491,63682,48038],""m2"":[58881,46367,41776,14030,29597,28222,60163,23687,44216,33956,2180,41525,37475,18262,62926,21591,27857,57099,50089,56892,45817,4148,6338,14607,40219,5447,34762,53242,12822,32044,22847,27347]}","[60162,18899,59188,42214,7170,63059,50225,52398,46787,9938,49551,32511,31778,14308,1852,27476,11463,1599,58372,24226,46755,2861,48343,58879,60038,48870,30054,3394,7527,23948,61121,12045]","[60162,18899,59188,42214,7170,63059,50225,52398,46787,9938,49551,32511,31778,14308,1852,27476,11463,1599,58372,24226,46755,2861,48343,58879,60038,48870,30054,3394,7527,23948,61121,12045]","[{""label"":""c1=Enc(m1)"",""active_slots"":32,""logical_bits_per_active_slot"":16,""payload_bits_per_block"":512,""ciphertext_size"":2,""chain_index"":6,""fingerprint64"":""e20bb5a088b82c49""},{""label"":""c2=Enc(m2)"",""active_slots"":32,""logical_bits_per_active_slot"":16,""payload_bits_per_block"":512,""ciphertext_size"":2,""chain_index"":6,""fingerprint64"":""0c52c877118010ae""}]","[52801,2718,49002,31,61516,43751,32971,44487,60456,9786,27137,42521,28991,22649,51574,7060,47510,55881,26179,61693,42863,46757,56485,36533,33998,57285,46979,26454,41418,47491,63682,48038]","[58881,46367,41776,14030,29597,28222,60163,23687,44216,33956,2180,41525,37475,18262,62926,21591,27857,57099,50089,56892,45817,4148,6338,14607,40219,5447,34762,53242,12822,32044,22847,27347]","true","ciphertext_artifacts/add_iter080_c1.seal","1835121","3810c94b817a5536d38296cbc9e505070d1f6fc0798423d88b870cd367d2a585","1835121","3810c94b817a5536d38296cbc9e505070d1f6fc0798423d88b870cd367d2a585","true","true","ciphertext_artifacts/add_iter080_c2.seal","1835121","b0027b873793c63c45228b0b917f64169eaa36637dfaddf6439187251dfe2bca","1835121","b0027b873793c63c45228b0b917f64169eaa36637dfaddf6439187251dfe2bca","true","true","true","13.264000","12.875200","26.139200","0.000000","0.396300","0.000000","0.000000","0.000000","0.280000","0.000000","0.000000","0.000000","0.302100","0.000000","0.000000","0.000000","0.140300","0.000000","0.000000","0.000000","0.191500","0.000000","0.000000","0.000000","0.136300","0.000000","0.000000","27302103955100","27302104351400","","27302104351400","","27302104351400","27302104631400","","27302104631400","","27302104631500","27302104933600","","27302104933600","","27302104933600","27302105073900","","27302105073900","","27302105073900","27302105265400","","27302105265400","","27302105265400","27302105401700","","27302105401700","","2.319200","68.552700","6","262","total plaintext payload 1024bit; m1/m2 encrypted as c1/c2; six dependent additions measured individually; each step 100-run average is the comparison unit; eval_chain_ms is a continuous reference"
"ADD","81","0.118400","0.104100","0.095000","0.093900","0.093000","0.093700","PACKAGE22_add_100_20260825_134055_850","Addition depth6","42","-7945763679304466790","1024","128","true","true","true","32","true","32","true","32","0.118400","0.104100","0.095000","0.093900","0.093000","0.093700","0.598300","0.598100","0.099683","{""m1"":[23758,16348,35883,15035,59688,18083,14625,23817,33783,45603,30019,6784,53660,22843,56386,9501,8467,12520,45324,42861,22508,18496,40037,47725,34091,23511,43906,4035,21513,57400,61236,45270],""m2"":[24923,48381,15708,50553,55642,5519,57350,21979,50803,6158,44364,39634,56751,26383,53954,35495,9314,31676,6319,20617,13364,55050,38662,6801,62982,16374,28046,23920,60506,64172,39807,13964]}","[38727,13924,59582,15188,12456,23352,33939,30131,25393,4275,56557,14964,57208,39447,59721,13415,61810,14034,3642,36684,64587,42523,13986,14692,63162,12092,63151,22363,5422,28894,36680,26361]","[38727,13924,59582,15188,12456,23352,33939,30131,25393,4275,56557,14964,57208,39447,59721,13415,61810,14034,3642,36684,64587,42523,13986,14692,63162,12092,63151,22363,5422,28894,36680,26361]","[{""label"":""c1=Enc(m1)"",""active_slots"":32,""logical_bits_per_active_slot"":16,""payload_bits_per_block"":512,""ciphertext_size"":2,""chain_index"":6,""fingerprint64"":""e829525c7495f2c5""},{""label"":""c2=Enc(m2)"",""active_slots"":32,""logical_bits_per_active_slot"":16,""payload_bits_per_block"":512,""ciphertext_size"":2,""chain_index"":6,""fingerprint64"":""cfa1a830e520e67a""}]","[23758,16348,35883,15035,59688,18083,14625,23817,33783,45603,30019,6784,53660,22843,56386,9501,8467,12520,45324,42861,22508,18496,40037,47725,34091,23511,43906,4035,21513,57400,61236,45270]","[24923,48381,15708,50553,55642,5519,57350,21979,50803,6158,44364,39634,56751,26383,53954,35495,9314,31676,6319,20617,13364,55050,38662,6801,62982,16374,28046,23920,60506,64172,39807,13964]","true","ciphertext_artifacts/add_iter081_c1.seal","1835121","6950b58d01666aac74a68f923e4928da352540fac140d84561b00a06c4245cab","1835121","6950b58d01666aac74a68f923e4928da352540fac140d84561b00a06c4245cab","true","true","ciphertext_artifacts/add_iter081_c2.seal","1835121","55f383a6a5f1ede093b2585160a47565eb1bc507edaa857957c40ccde56be4f8","1835121","55f383a6a5f1ede093b2585160a47565eb1bc507edaa857957c40ccde56be4f8","true","true","true","12.487900","12.580500","25.068400","0.000000","0.118400","0.000000","0.000000","0.000000","0.104100","0.000000","0.000000","0.000000","0.095000","0.000000","0.000000","0.000000","0.093900","0.000000","0.000000","0.000000","0.093000","0.000000","0.000000","0.000000","0.093700","0.000000","0.000000","27302962276500","27302962394900","","27302962394900","","27302962395000","27302962499100","","27302962499100","","27302962499100","27302962594100","","27302962594100","","27302962594100","27302962688000","","27302962688000","","27302962688000","27302962781000","","27302962781000","","27302962781100","27302962874800","","27302962874800","","2.103600","67.315000","6","263","total plaintext payload 1024bit; m1/m2 encrypted as c1/c2; six dependent additions measured individually; each step 100-run average is the comparison unit; eval_chain_ms is a continuous reference"
"ADD","82","0.363100","0.329800","0.215000","0.164100","0.106600","0.108100","PACKAGE22_add_100_20260825_134055_850","Addition depth6","42","3743481760178094725","1024","128","true","true","true","32","true","32","true","32","0.363100","0.329800","0.215000","0.164100","0.106600","0.108100","1.287000","1.286700","0.214450","{""m1"":[49801,32525,49896,27398,56778,33556,43401,47465,28115,45458,51258,58876,18620,22416,57783,4251,2410,59363,32598,11728,33619,45913,47473,19325,5482,27688,8798,8331,21214,29921,29918,49954],""m2"":[21308,63701,56500,31370,43717,6310,23999,2459,38374,20400,25260,45494,50773,40035,4354,35674,57754,46516,8399,11450,18417,55979,26561,3005,63516,35472,2814,22999,62638,50884,41696,12506]}","[980,59055,41399,7091,30578,22080,48990,626,30971,46421,18664,44301,30188,13158,47583,58489,51828,49315,24515,15725,58653,23904,7427,20778,15865,20557,43634,36784,10622,10188,48149,40723]","[980,59055,41399,7091,30578,22080,48990,626,30971,46421,18664,44301,30188,13158,47583,58489,51828,49315,24515,15725,58653,23904,7427,20778,15865,20557,43634,36784,10622,10188,48149,40723]","[{""label"":""c1=Enc(m1)"",""active_slots"":32,""logical_bits_per_active_slot"":16,""payload_bits_per_block"":512,""ciphertext_size"":2,""chain_index"":6,""fingerprint64"":""5221b908843f1e35""},{""label"":""c2=Enc(m2)"",""active_slots"":32,""logical_bits_per_active_slot"":16,""payload_bits_per_block"":512,""ciphertext_size"":2,""chain_index"":6,""fingerprint64"":""14ea2be2f5c88ce6""}]","[49801,32525,49896,27398,56778,33556,43401,47465,28115,45458,51258,58876,18620,22416,57783,4251,2410,59363,32598,11728,33619,45913,47473,19325,5482,27688,8798,8331,21214,29921,29918,49954]","[21308,63701,56500,31370,43717,6310,23999,2459,38374,20400,25260,45494,50773,40035,4354,35674,57754,46516,8399,11450,18417,55979,26561,3005,63516,35472,2814,22999,62638,50884,41696,12506]","true","ciphertext_artifacts/add_iter082_c1.seal","1835121","accd2bf66cb5fd2d61b4a37f9721249929b94d2d1f235d4a5a925173f3f0d41e","1835121","accd2bf66cb5fd2d61b4a37f9721249929b94d2d1f235d4a5a925173f3f0d41e","true","true","ciphertext_artifacts/add_iter082_c2.seal","1835121","39354f8fa42cbfc185a358358b07ef97916a94930ab8edcde30913b1431ef38a","1835121","39354f8fa42cbfc185a358358b07ef97916a94930ab8edcde30913b1431ef38a","true","true","true","12.515900","12.060700","24.576600","0.000000","0.363100","0.000000","0.000000","0.000000","0.329800","0.000000","0.000000","0.000000","0.215000","0.000000","0.000000","0.000000","0.164100","0.000000","0.000000","0.000000","0.106600","0.000000","0.000000","0.000000","0.108100","0.000000","0.000000","27303800859700","27303801222800","","27303801222800","","27303801222900","27303801552700","","27303801552700","","27303801552800","27303801767800","","27303801767800","","27303801767800","27303801931900","","27303801931900","","27303801931900","27303802038500","","27303802038500","","27303802038500","27303802146600","","27303802146600","","2.392700","70.110000","6","262","total plaintext payload 1024bit; m1/m2 encrypted as c1/c2; six dependent additions measured individually; each step 100-run average is the comparison unit; eval_chain_ms is a continuous reference"
"ADD","83","0.363900","0.101800","0.098800","0.098600","0.094700","0.104400","PACKAGE22_add_100_20260825_134055_850","Addition depth6","42","-3041321054905809168","1024","128","true","true","true","32","true","32","true","32","0.363900","0.101800","0.098800","0.098600","0.094700","0.104400","0.862400","0.862200","0.143700","{""m1"":[8976,36289,52221,27154,2028,48230,27840,56805,14562,27739,17523,38893,29268,48966,40337,16258,52886,22202,19811,60377,37763,39452,19916,62909,96,60644,27619,17618,11907,26655,41321,58648],""m2"":[38857,62197,43616,30433,9732,31987,45792,46124,49054,31460,42538,49398,48610,31805,40470,58975,18664,48357,46905,12320,16653,40247,20887,35383,53109,44729,6348,23936,19128,1860,62991,16762]}","[21401,4062,12047,3304,37308,26733,52125,37907,8799,8725,1095,41618,754,29131,20610,45346,5388,37268,23348,16320,4400,16401,11251,30100,28637,49078,63983,11206,39475,46663,26572,22730]","[21401,4062,12047,3304,37308,26733,52125,37907,8799,8725,1095,41618,754,29131,20610,45346,5388,37268,23348,16320,4400,16401,11251,30100,28637,49078,63983,11206,39475,46663,26572,22730]","[{""label"":""c1=Enc(m1)"",""active_slots"":32,""logical_bits_per_active_slot"":16,""payload_bits_per_block"":512,""ciphertext_size"":2,""chain_index"":6,""fingerprint64"":""7ccdb7b45d833acb""},{""label"":""c2=Enc(m2)"",""active_slots"":32,""logical_bits_per_active_slot"":16,""payload_bits_per_block"":512,""ciphertext_size"":2,""chain_index"":6,""fingerprint64"":""bbbbcf67583fa0ff""}]","[8976,36289,52221,27154,2028,48230,27840,56805,14562,27739,17523,38893,29268,48966,40337,16258,52886,22202,19811,60377,37763,39452,19916,62909,96,60644,27619,17618,11907,26655,41321,58648]","[38857,62197,43616,30433,9732,31987,45792,46124,49054,31460,42538,49398,48610,31805,40470,58975,18664,48357,46905,12320,16653,40247,20887,35383,53109,44729,6348,23936,19128,1860,62991,16762]","true","ciphertext_artifacts/add_iter083_c1.seal","1835121","e8876ea3f05eef35aad12bd3fdaa85a997522362591ba162ed8b89f4b18452e3","1835121","e8876ea3f05eef35aad12bd3fdaa85a997522362591ba162ed8b89f4b18452e3","true","true","ciphertext_artifacts/add_iter083_c2.seal","1835121","c9578c50c5649bdd43fcc72b2ba31ee2852cbbfd71b7f156c495a17a42cffaa5","1835121","c9578c50c5649bdd43fcc72b2ba31ee2852cbbfd71b7f156c495a17a42cffaa5","true","true","true","13.108300","13.522900","26.631200","0.000000","0.363900","0.000000","0.000000","0.000000","0.101800","0.000000","0.000000","0.000000","0.098800","0.000000","0.000000","0.000000","0.098600","0.000000","0.000000","0.000000","0.094700","0.000000","0.000000","0.000000","0.104400","0.000000","0.000000","27304651004800","27304651368700","","27304651368700","","27304651368700","27304651470500","","27304651470500","","27304651470600","27304651569400","","27304651569400","","27304651569400","27304651668000","","27304651668000","","27304651668000","27304651762700","","27304651762700","","27304651762700","27304651867100","","27304651867100","","2.132800","68.482800","6","263","total plaintext payload 1024bit; m1/m2 encrypted as c1/c2; six dependent additions measured individually; each step 100-run average is the comparison unit; eval_chain_ms is a continuous reference"
"ADD","84","0.114900","0.094900","0.099200","0.093900","0.096900","0.093900","PACKAGE22_add_100_20260825_134055_850","Addition depth6","42","8359957874037410523","1024","128","true","true","true","32","true","32","true","32","0.114900","0.094900","0.099200","0.093900","0.096900","0.093900","0.594000","0.593700","0.098950","{""m1"":[49459,22484,29071,42277,40017,49768,47860,2125,4721,26121,3789,32509,19028,23909,34845,18321,62829,9930,57845,62040,54740,48968,64361,22067,10690,1204,21104,7363,9441,10370,47839,34423],""m2"":[56025,40946,995,10251,1651,60557,46965,62829,59208,2914,8515,28531,11283,13576,65395,23048,35941,55747,52654,43876,16458,4603,43207,57381,17596,22178,49229,13948,49316,43755,59892,23414]}","[38226,16163,53732,3250,33947,53058,4650,376,65434,47689,40701,19018,44424,5290,7880,11354,31454,10350,61657,52103,6186,13070,59380,63800,30011,5813,35492,5759,54638,41671,43347,11323]","[38226,16163,53732,3250,33947,53058,4650,376,65434,47689,40701,19018,44424,5290,7880,11354,31454,10350,61657,52103,6186,13070,59380,63800,30011,5813,35492,5759,54638,41671,43347,11323]","[{""label"":""c1=Enc(m1)"",""active_slots"":32,""logical_bits_per_active_slot"":16,""payload_bits_per_block"":512,""ciphertext_size"":2,""chain_index"":6,""fingerprint64"":""15602f4f6d7fc468""},{""label"":""c2=Enc(m2)"",""active_slots"":32,""logical_bits_per_active_slot"":16,""payload_bits_per_block"":512,""ciphertext_size"":2,""chain_index"":6,""fingerprint64"":""6f2d6c30b3010d4a""}]","[49459,22484,29071,42277,40017,49768,47860,2125,4721,26121,3789,32509,19028,23909,34845,18321,62829,9930,57845,62040,54740,48968,64361,22067,10690,1204,21104,7363,9441,10370,47839,34423]","[56025,40946,995,10251,1651,60557,46965,62829,59208,2914,8515,28531,11283,13576,65395,23048,35941,55747,52654,43876,16458,4603,43207,57381,17596,22178,49229,13948,49316,43755,59892,23414]","true","ciphertext_artifacts/add_iter084_c1.seal","1835121","87dc64cce78c37d0403a2d1f358d2060871db8af43e6edcece90e6ca5b71b0d8","1835121","87dc64cce78c37d0403a2d1f358d2060871db8af43e6edcece90e6ca5b71b0d8","true","true","ciphertext_artifacts/add_iter084_c2.seal","1835121","58b8bdd4ae6c891ebb45d84220f2047ea481546141139bd4abc58a55fc1bcebc","1835121","58b8bdd4ae6c891ebb45d84220f2047ea481546141139bd4abc58a55fc1bcebc","true","true","true","12.488500","12.176100","24.664600","0.000000","0.114900","0.000000","0.000000","0.000000","0.094900","0.000000","0.000000","0.000000","0.099200","0.000000","0.000000","0.000000","0.093900","0.000000","0.000000","0.000000","0.096900","0.000000","0.000000","0.000000","0.093900","0.000000","0.000000","27305472100500","27305472215400","","27305472215400","","27305472215500","27305472310400","","27305472310400","","27305472310400","27305472409600","","27305472409600","","27305472409600","27305472503500","","27305472503500","","27305472503600","27305472600500","","27305472600500","","27305472600600","27305472694500","","27305472694500","","2.161900","64.122300","6","262","total plaintext payload 1024bit; m1/m2 encrypted as c1/c2; six dependent additions measured individually; each step 100-run average is the comparison unit; eval_chain_ms is a continuous reference"
"ADD","85","0.243800","0.213000","0.118300","0.130000","0.097800","0.116400","PACKAGE22_add_100_20260825_134055_850","Addition depth6","42","1611183856003665606","1024","128","true","true","true","32","true","32","true","32","0.243800","0.213000","0.118300","0.130000","0.097800","0.116400","0.919400","0.919300","0.153217","{""m1"":[64454,38890,33523,61264,52717,1695,48465,6845,32275,37871,52090,11041,14723,22583,25612,33708,4852,51005,4462,63352,709,29091,36784,53882,7503,29743,56448,9041,47658,21387,49021,63012],""m2"":[18438,9988,13119,55411,29350,10649,42403,2628,50977,13514,2028,12004,53391,17100,34326,48506,9243,57008,1060,43142,22997,36580,54689,52670,7347,7920,2834,38291,42811,40192,40442,4785]}","[50982,54450,42375,18067,36770,38727,58921,35264,19883,60952,17833,14639,22454,10558,8815,18202,47137,47359,21028,55149,6290,29493,49055,45853,52053,11658,37683,19963,56917,9513,55262,4255]","[50982,54450,42375,18067,36770,38727,58921,35264,19883,60952,17833,14639,22454,10558,8815,18202,47137,47359,21028,55149,6290,29493,49055,45853,52053,11658,37683,19963,56917,9513,55262,4255]","[{""label"":""c1=Enc(m1)"",""active_slots"":32,""logical_bits_per_active_slot"":16,""payload_bits_per_block"":512,""ciphertext_size"":2,""chain_index"":6,""fingerprint64"":""69b8796ba2a7f256""},{""label"":""c2=Enc(m2)"",""active_slots"":32,""logical_bits_per_active_slot"":16,""payload_bits_per_block"":512,""ciphertext_size"":2,""chain_index"":6,""fingerprint64"":""02be97e56a836499""}]","[64454,38890,33523,61264,52717,1695,48465,6845,32275,37871,52090,11041,14723,22583,25612,33708,4852,51005,4462,63352,709,29091,36784,53882,7503,29743,56448,9041,47658,21387,49021,63012]","[18438,9988,13119,55411,29350,10649,42403,2628,50977,13514,2028,12004,53391,17100,34326,48506,9243,57008,1060,43142,22997,36580,54689,52670,7347,7920,2834,38291,42811,40192,40442,4785]","true","ciphertext_artifacts/add_iter085_c1.seal","1835121","5caf1ba1a6acc78e4dc7d4ad00b28ac995088ac0a2c6ed8c9c15d281e9a27498","1835121","5caf1ba1a6acc78e4dc7d4ad00b28ac995088ac0a2c6ed8c9c15d281e9a27498","true","true","ciphertext_artifacts/add_iter085_c2.seal","1835121","3196fe74a97819b1fa4b7be25378c0c02b683a09b7c1f92c773922e1a7b4dd07","1835121","3196fe74a97819b1fa4b7be25378c0c02b683a09b7c1f92c773922e1a7b4dd07","true","true","true","12.475800","12.368900","24.844700","0.000000","0.243800","0.000000","0.000000","0.000000","0.213000","0.000000","0.000000","0.000000","0.118300","0.000000","0.000000","0.000000","0.130000","0.000000","0.000000","0.000000","0.097800","0.000000","0.000000","0.000000","0.116400","0.000000","0.000000","27306298662500","27306298906300","","27306298906300","","27306298906400","27306299119400","","27306299119400","","27306299119400","27306299237700","","27306299237700","","27306299237700","27306299367700","","27306299367700","","27306299367700","27306299465500","","27306299465500","","27306299465500","27306299581900","","27306299581900","","2.490100","68.209200","6","262","total plaintext payload 1024bit; m1/m2 encrypted as c1/c2; six dependent additions measured individually; each step 100-run average is the comparison unit; eval_chain_ms is a continuous reference"
"ADD","86","0.181500","0.117500","0.096500","0.097900","0.094700","0.099400","PACKAGE22_add_100_20260825_134055_850","Addition depth6","42","-5146033371988634831","1024","128","true","true","true","32","true","32","true","32","0.181500","0.117500","0.096500","0.097900","0.094700","0.099400","0.687800","0.687500","0.114583","{""m1"":[28494,23868,12676,26020,5612,27560,18151,63314,32068,17031,62242,59173,30033,16937,42471,59837,24119,46802,26921,27206,62457,49348,58481,12747,46461,34829,51985,7818,44413,51293,8067,57114],""m2"":[6518,58255,46745,62763,23089,51478,47634,33882,42383,49487,49728,4433,34315,3532,5399,38498,23811,17200,38420,36102,23,5473,34445,10931,47858,44576,63322,47423,32954,47889,11968,1576]}","[2456,8089,59865,30221,26178,2526,18895,27217,58810,19974,4930,53380,26466,12807,55007,27157,36835,42197,26333,20519,53286,17200,9574,18244,1733,10896,4684,42467,14366,21154,2635,36573]","[2456,8089,59865,30221,26178,2526,18895,27217,58810,19974,4930,53380,26466,12807,55007,27157,36835,42197,26333,20519,53286,17200,9574,18244,1733,10896,4684,42467,14366,21154,2635,36573]","[{""label"":""c1=Enc(m1)"",""active_slots"":32,""logical_bits_per_active_slot"":16,""payload_bits_per_block"":512,""ciphertext_size"":2,""chain_index"":6,""fingerprint64"":""14599d7dc3678099""},{""label"":""c2=Enc(m2)"",""active_slots"":32,""logical_bits_per_active_slot"":16,""payload_bits_per_block"":512,""ciphertext_size"":2,""chain_index"":6,""fingerprint64"":""d97ce55bc231edd7""}]","[28494,23868,12676,26020,5612,27560,18151,63314,32068,17031,62242,59173,30033,16937,42471,59837,24119,46802,26921,27206,62457,49348,58481,12747,46461,34829,51985,7818,44413,51293,8067,57114]","[6518,58255,46745,62763,23089,51478,47634,33882,42383,49487,49728,4433,34315,3532,5399,38498,23811,17200,38420,36102,23,5473,34445,10931,47858,44576,63322,47423,32954,47889,11968,1576]","true","ciphertext_artifacts/add_iter086_c1.seal","1835121","0b30e27a70d95e4090d568eeed37fc5707c15b1c4b5da565902413ea9ed3a8dd","1835121","0b30e27a70d95e4090d568eeed37fc5707c15b1c4b5da565902413ea9ed3a8dd","true","true","ciphertext_artifacts/add_iter086_c2.seal","1835121","aadf7160c2d3da2f494da67c1b72ee3a859c953ecc18e9ea623470646b3c1d3f","1835121","aadf7160c2d3da2f494da67c1b72ee3a859c953ecc18e9ea623470646b3c1d3f","true","true","true","12.236800","12.235300","24.472100","0.000000","0.181500","0.000000","0.000000","0.000000","0.117500","0.000000","0.000000","0.000000","0.096500","0.000000","0.000000","0.000000","0.097900","0.000000","0.000000","0.000000","0.094700","0.000000","0.000000","0.000000","0.099400","0.000000","0.000000","27307153964100","27307154145600","","27307154145600","","27307154145700","27307154263200","","27307154263200","","27307154263200","27307154359700","","27307154359700","","27307154359700","27307154457600","","27307154457600","","27307154457700","27307154552400","","27307154552400","","27307154552400","27307154651800","","27307154651800","","2.234900","64.821700","6","262","total plaintext payload 1024bit; m1/m2 encrypted as c1/c2; six dependent additions measured individually; each step 100-run average is the comparison unit; eval_chain_ms is a continuous reference"
"ADD","87","0.113800","0.096300","0.099900","0.093700","0.102600","0.092700","PACKAGE22_add_100_20260825_134055_850","Addition depth6","42","6551936683671705372","1024","128","true","true","true","32","true","32","true","32","0.113800","0.096300","0.099900","0.093700","0.102600","0.092700","0.599200","0.599000","0.099833","{""m1"":[17078,58190,23088,26321,20125,40464,33033,11416,42953,26516,56791,46728,35873,8323,10483,35753,22828,18428,4829,63892,27678,24080,749,6643,62616,14582,23654,60081,30390,14291,28185,28244],""m2"":[31001,17947,24058,60998,10013,21192,31310,62037,14332,31694,39247,14697,56564,13571,28452,23948,26684,58763,46059,14818,8220,55522,64927,45891,26715,14684,36500,13175,27048,59433,12683,18537]}","[30241,24453,33452,26130,45002,28821,29451,35164,18197,4535,17220,34392,51036,8468,61751,18245,40290,53390,26419,37874,4298,738,1166,33171,2924,36843,7505,17701,6093,38852,19715,37513]","[30241,24453,33452,26130,45002,28821,29451,35164,18197,4535,17220,34392,51036,8468,61751,18245,40290,53390,26419,37874,4298,738,1166,33171,2924,36843,7505,17701,6093,38852,19715,37513]","[{""label"":""c1=Enc(m1)"",""active_slots"":32,""logical_bits_per_active_slot"":16,""payload_bits_per_block"":512,""ciphertext_size"":2,""chain_index"":6,""fingerprint64"":""dfa4cb5ed6bb11a5""},{""label"":""c2=Enc(m2)"",""active_slots"":32,""logical_bits_per_active_slot"":16,""payload_bits_per_block"":512,""ciphertext_size"":2,""chain_index"":6,""fingerprint64"":""e1b612422177b994""}]","[17078,58190,23088,26321,20125,40464,33033,11416,42953,26516,56791,46728,35873,8323,10483,35753,22828,18428,4829,63892,27678,24080,749,6643,62616,14582,23654,60081,30390,14291,28185,28244]","[31001,17947,24058,60998,10013,21192,31310,62037,14332,31694,39247,14697,56564,13571,28452,23948,26684,58763,46059,14818,8220,55522,64927,45891,26715,14684,36500,13175,27048,59433,12683,18537]","true","ciphertext_artifacts/add_iter087_c1.seal","1835121","27ebb7d19a562d15a1d07ea460931215bd20a88bb4b3e13d9045974f617501b0","1835121","27ebb7d19a562d15a1d07ea460931215bd20a88bb4b3e13d9045974f617501b0","true","true","ciphertext_artifacts/add_iter087_c2.seal","1835121","e4672f0f6f11ffec1f04d5b5db53bf88a502a1fba8de8db54e47e8d3ac82c54c","1835121","e4672f0f6f11ffec1f04d5b5db53bf88a502a1fba8de8db54e47e8d3ac82c54c","true","true","true","12.912700","12.775000","25.687700","0.000000","0.113800","0.000000","0.000000","0.000000","0.096300","0.000000","0.000000","0.000000","0.099900","0.000000","0.000000","0.000000","0.093700","0.000000","0.000000","0.000000","0.102600","0.000000","0.000000","0.000000","0.092700","0.000000","0.000000","27307980514900","27307980628700","","27307980628700","","27307980628800","27307980725100","","27307980725100","","27307980725100","27307980825000","","27307980825000","","27307980825000","27307980918700","","27307980918700","","27307980918700","27307981021300","","27307981021300","","27307981021300","27307981114000","","27307981114000","","2.403300","67.899600","6","263","total plaintext payload 1024bit; m1/m2 encrypted as c1/c2; six dependent additions measured individually; each step 100-run average is the comparison unit; eval_chain_ms is a continuous reference"
"ADD","88","0.179500","0.113200","0.099500","0.100300","0.097100","0.115400","PACKAGE22_add_100_20260825_134055_850","Addition depth6","42","-205284890788177145","1024","128","true","true","true","32","true","32","true","32","0.179500","0.113200","0.099500","0.100300","0.097100","0.115400","0.705100","0.705000","0.117500","{""m1"":[47106,582,32909,436,30229,43051,48925,25799,12895,36970,14732,16174,15358,4116,59810,25228,3366,16347,40199,55015,58054,32025,176,52506,50467,45802,17323,56674,17418,58726,57379,33244],""m2"":[31187,26404,4222,33025,43498,32825,12076,29884,51161,43369,5747,52056,47357,50538,16854,55538,18446,12985,59692,38166,32148,7133,20840,30562,53756,10756,28438,22369,44468,33936,6161,24819]}","[19837,16003,13228,35282,54799,8531,35317,61774,8452,15839,10632,24253,6892,37004,27654,5378,3265,38806,12187,6873,975,18425,63224,39562,35451,18865,23532,31655,6465,9027,51388,10822]","[19837,16003,13228,35282,54799,8531,35317,61774,8452,15839,10632,24253,6892,37004,27654,5378,3265,38806,12187,6873,975,18425,63224,39562,35451,18865,23532,31655,6465,9027,51388,10822]","[{""label"":""c1=Enc(m1)"",""active_slots"":32,""logical_bits_per_active_slot"":16,""payload_bits_per_block"":512,""ciphertext_size"":2,""chain_index"":6,""fingerprint64"":""0167d87beb1f3b34""},{""label"":""c2=Enc(m2)"",""active_slots"":32,""logical_bits_per_active_slot"":16,""payload_bits_per_block"":512,""ciphertext_size"":2,""chain_index"":6,""fingerprint64"":""9243962e454fcb24""}]","[47106,582,32909,436,30229,43051,48925,25799,12895,36970,14732,16174,15358,4116,59810,25228,3366,16347,40199,55015,58054,32025,176,52506,50467,45802,17323,56674,17418,58726,57379,33244]","[31187,26404,4222,33025,43498,32825,12076,29884,51161,43369,5747,52056,47357,50538,16854,55538,18446,12985,59692,38166,32148,7133,20840,30562,53756,10756,28438,22369,44468,33936,6161,24819]","true","ciphertext_artifacts/add_iter088_c1.seal","1835121","f051678b532bd9b25ed168c25ae82691cafe07d83ab3019304fe3b0743d48e21","1835121","f051678b532bd9b25ed168c25ae82691cafe07d83ab3019304fe3b0743d48e21","true","true","ciphertext_artifacts/add_iter088_c2.seal","1835121","3f7c1a83594f6ee599d08a6d6a1998b1ecbf3df70d48fdc67f763f10f0b86c61","1835121","3f7c1a83594f6ee599d08a6d6a1998b1ecbf3df70d48fdc67f763f10f0b86c61","true","true","true","13.396200","13.893900","27.290100","0.000000","0.179500","0.000000","0.000000","0.000000","0.113200","0.000000","0.000000","0.000000","0.099500","0.000000","0.000000","0.000000","0.100300","0.000000","0.000000","0.000000","0.097100","0.000000","0.000000","0.000000","0.115400","0.000000","0.000000","27308819345100","27308819524600","","27308819524600","","27308819524600","27308819637800","","27308819637800","","27308819637800","27308819737300","","27308819737300","","27308819737300","27308819837600","","27308819837600","","27308819837600","27308819934700","","27308819934700","","27308819934700","27308820050100","","27308820050100","","2.417200","76.336800","6","263","total plaintext payload 1024bit; m1/m2 encrypted as c1/c2; six dependent additions measured individually; each step 100-run average is the comparison unit; eval_chain_ms is a continuous reference"
"ADD","89","0.124200","0.102100","0.099000","0.097700","0.101500","0.097100","PACKAGE22_add_100_20260825_134055_850","Addition depth6","42","-6954075951266308238","1024","128","true","true","true","32","true","32","true","32","0.124200","0.102100","0.099000","0.097700","0.101500","0.097100","0.621800","0.621600","0.103600","{""m1"":[55204,7444,65082,21478,3030,64619,20848,9574,446,15861,5227,33591,27556,65105,56817,60882,58173,4424,8080,21551,21096,46708,59427,5496,23794,5008,8469,36456,8248,1131,19308,27880],""m2"":[46117,50477,50939,43743,62828,20445,12527,21893,41326,16902,13912,37685,6009,34684,25498,42802,21110,27542,42849,34735,7400,44461,41663,54087,15252,5084,41876,52840,40438,44387,2586,54845]}","[31482,50133,19923,20530,3993,57663,55436,38438,60225,48613,62644,50808,62714,36787,41614,44249,33874,34785,29793,59335,41047,58067,35012,53171,9858,35284,28430,42196,23232,6611,19453,13907]","[31482,50133,19923,20530,3993,57663,55436,38438,60225,48613,62644,50808,62714,36787,41614,44249,33874,34785,29793,59335,41047,58067,35012,53171,9858,35284,28430,42196,23232,6611,19453,13907]","[{""label"":""c1=Enc(m1)"",""active_slots"":32,""logical_bits_per_active_slot"":16,""payload_bits_per_block"":512,""ciphertext_size"":2,""chain_index"":6,""fingerprint64"":""0cbb8ed54c18e311""},{""label"":""c2=Enc(m2)"",""active_slots"":32,""logical_bits_per_active_slot"":16,""payload_bits_per_block"":512,""ciphertext_size"":2,""chain_index"":6,""fingerprint64"":""42ea482965a0efa5""}]","[55204,7444,65082,21478,3030,64619,20848,9574,446,15861,5227,33591,27556,65105,56817,60882,58173,4424,8080,21551,21096,46708,59427,5496,23794,5008,8469,36456,8248,1131,19308,27880]","[46117,50477,50939,43743,62828,20445,12527,21893,41326,16902,13912,37685,6009,34684,25498,42802,21110,27542,42849,34735,7400,44461,41663,54087,15252,5084,41876,52840,40438,44387,2586,54845]","true","ciphertext_artifacts/add_iter089_c1.seal","1835121","c5b5d7205af933b75b08d6d5a67ba711057e7c57600a8d14d8fb9aa866b3283c","1835121","c5b5d7205af933b75b08d6d5a67ba711057e7c57600a8d14d8fb9aa866b3283c","true","true","ciphertext_artifacts/add_iter089_c2.seal","1835121","32ecfcb3ff03c30c706b929c8c58a638f227cb8deb08c9c09741c34a00d43625","1835121","32ecfcb3ff03c30c706b929c8c58a638f227cb8deb08c9c09741c34a00d43625","true","true","true","13.175800","13.690800","26.866600","0.000000","0.124200","0.000000","0.000000","0.000000","0.102100","0.000000","0.000000","0.000000","0.099000","0.000000","0.000000","0.000000","0.097700","0.000000","0.000000","0.000000","0.101500","0.000000","0.000000","0.000000","0.097100","0.000000","0.000000","27309671999400","27309672123600","","27309672123600","","27309672123600","27309672225700","","27309672225700","","27309672225700","27309672324700","","27309672324700","","27309672324700","27309672422400","","27309672422400","","27309672422500","27309672524000","","27309672524000","","27309672524000","27309672621100","","27309672621100","","2.200400","69.530600","6","262","total plaintext payload 1024bit; m1/m2 encrypted as c1/c2; six dependent additions measured individually; each step 100-run average is the comparison unit; eval_chain_ms is a continuous reference"
"ADD","90","0.117100","0.094400","0.096900","0.098600","0.124100","0.095900","PACKAGE22_add_100_20260825_134055_850","Addition depth6","42","123763845237171037","1024","128","true","true","true","32","true","32","true","32","0.117100","0.094400","0.096900","0.098600","0.124100","0.095900","0.627100","0.627000","0.104500","{""m1"":[36180,20770,59613,33435,297,16585,35384,51215,49944,22696,5104,34588,61711,38710,49615,59359,28135,56492,35771,26167,5340,17813,56120,27087,42834,28931,42583,14955,51654,39313,32836,52522],""m2"":[62815,44293,35000,48975,26085,62265,26417,37879,53434,64382,15567,65389,22631,41983,47127,18945,15101,31625,35139,45872,38623,2749,31056,65155,59162,28197,22482,52759,62330,59464,15831,60706]}","[5480,19348,15767,18517,13906,56524,24176,56349,32393,21782,1580,6834,52589,18641,12156,32123,26769,58695,51890,45673,6155,13962,55500,41665,21137,3704,41167,21486,384,7959,47763,64521]","[5480,19348,15767,18517,13906,56524,24176,56349,32393,21782,1580,6834,52589,18641,12156,32123,26769,58695,51890,45673,6155,13962,55500,41665,21137,3704,41167,21486,384,7959,47763,64521]","[{""label"":""c1=Enc(m1)"",""active_slots"":32,""logical_bits_per_active_slot"":16,""payload_bits_per_block"":512,""ciphertext_size"":2,""chain_index"":6,""fingerprint64"":""ac36e4f09bc73b9b""},{""label"":""c2=Enc(m2)"",""active_slots"":32,""logical_bits_per_active_slot"":16,""payload_bits_per_block"":512,""ciphertext_size"":2,""chain_index"":6,""fingerprint64"":""ef854e8499dcc8fc""}]","[36180,20770,59613,33435,297,16585,35384,51215,49944,22696,5104,34588,61711,38710,49615,59359,28135,56492,35771,26167,5340,17813,56120,27087,42834,28931,42583,14955,51654,39313,32836,52522]","[62815,44293,35000,48975,26085,62265,26417,37879,53434,64382,15567,65389,22631,41983,47127,18945,15101,31625,35139,45872,38623,2749,31056,65155,59162,28197,22482,52759,62330,59464,15831,60706]","true","ciphertext_artifacts/add_iter090_c1.seal","1835121","c81f47beef50af568c40d03b2fe3250a1b52863c9ba4164deac8407203756166","1835121","c81f47beef50af568c40d03b2fe3250a1b52863c9ba4164deac8407203756166","true","true","ciphertext_artifacts/add_iter090_c2.seal","1835121","59d6c54d2cc683cda621aec8461b8688a31907870a57fc268ba0d66030efcf1e","1835121","59d6c54d2cc683cda621aec8461b8688a31907870a57fc268ba0d66030efcf1e","true","true","true","13.240100","12.912200","26.152300","0.000000","0.117100","0.000000","0.000000","0.000000","0.094400","0.000000","0.000000","0.000000","0.096900","0.000000","0.000000","0.000000","0.098600","0.000000","0.000000","0.000000","0.124100","0.000000","0.000000","0.000000","0.095900","0.000000","0.000000","27310485554500","27310485671600","","27310485671600","","27310485671600","27310485766000","","27310485766000","","27310485766000","27310485862900","","27310485862900","","27310485862900","27310485961500","","27310485961500","","27310485961500","27310486085600","","27310486085600","","27310486085600","27310486181500","","27310486181500","","2.207800","67.686900","6","262","total plaintext payload 1024bit; m1/m2 encrypted as c1/c2; six dependent additions measured individually; each step 100-run average is the comparison unit; eval_chain_ms is a continuous reference"
"ADD","91","0.124700","0.101800","0.097800","0.098400","0.096100","0.099100","PACKAGE22_add_100_20260825_134055_850","Addition depth6","42","-6661037939038853304","1024","128","true","true","true","32","true","32","true","32","0.124700","0.101800","0.097800","0.098400","0.096100","0.099100","0.617900","0.617900","0.102983","{""m1"":[53422,14917,27497,64767,42889,21540,61415,17902,27544,30063,23978,9280,37667,26407,24768,35447,41372,35665,13317,28650,23505,1139,1816,41314,38527,48027,47272,38941,12196,7400,27970,11766],""m2"":[40739,37241,32112,10197,56265,10339,20391,17748,1892,53455,29155,58015,49753,37431,3934,1953,17658,3206,2121,59376,15125,20535,24007,36119,51153,21019,41604,32727,8930,11322,20999,21676]}","[8220,40317,9713,27511,12666,51640,44685,59315,50315,18469,52303,14554,37779,21310,45337,16573,21851,21204,59631,30580,8321,624,13748,11465,45419,58554,51752,57334,10037,63566,43803,46555]","[8220,40317,9713,27511,12666,51640,44685,59315,50315,18469,52303,14554,37779,21310,45337,16573,21851,21204,59631,30580,8321,624,13748,11465,45419,58554,51752,57334,10037,63566,43803,46555]","[{""label"":""c1=Enc(m1)"",""active_slots"":32,""logical_bits_per_active_slot"":16,""payload_bits_per_block"":512,""ciphertext_size"":2,""chain_index"":6,""fingerprint64"":""bd97c2c8c38766c0""},{""label"":""c2=Enc(m2)"",""active_slots"":32,""logical_bits_per_active_slot"":16,""payload_bits_per_block"":512,""ciphertext_size"":2,""chain_index"":6,""fingerprint64"":""1ba45df55ccf83d6""}]","[53422,14917,27497,64767,42889,21540,61415,17902,27544,30063,23978,9280,37667,26407,24768,35447,41372,35665,13317,28650,23505,1139,1816,41314,38527,48027,47272,38941,12196,7400,27970,11766]","[40739,37241,32112,10197,56265,10339,20391,17748,1892,53455,29155,58015,49753,37431,3934,1953,17658,3206,2121,59376,15125,20535,24007,36119,51153,21019,41604,32727,8930,11322,20999,21676]","true","ciphertext_artifacts/add_iter091_c1.seal","1835121","81c0d5a989c07fb4b49dfb0cca2230574de9002e159af7c67f9060c6ef057e7c","1835121","81c0d5a989c07fb4b49dfb0cca2230574de9002e159af7c67f9060c6ef057e7c","true","true","ciphertext_artifacts/add_iter091_c2.seal","1835121","4fd460fcafc0d1f5f200817874a078664186c44f5dd4042f30c95332a59ca110","1835121","4fd460fcafc0d1f5f200817874a078664186c44f5dd4042f30c95332a59ca110","true","true","true","14.013500","12.168800","26.182300","0.000000","0.124700","0.000000","0.000000","0.000000","0.101800","0.000000","0.000000","0.000000","0.097800","0.000000","0.000000","0.000000","0.098400","0.000000","0.000000","0.000000","0.096100","0.000000","0.000000","0.000000","0.099100","0.000000","0.000000","27311327315100","27311327439800","","27311327439800","","27311327439800","27311327541600","","27311327541600","","27311327541600","27311327639400","","27311327639400","","27311327639400","27311327737800","","27311327737800","","27311327737800","27311327833900","","27311327833900","","27311327833900","27311327933000","","27311327933000","","2.327700","67.856900","6","263","total plaintext payload 1024bit; m1/m2 encrypted as c1/c2; six dependent additions measured individually; each step 100-run average is the comparison unit; eval_chain_ms is a continuous reference"
"ADD","92","0.138800","0.098200","0.097000","0.094500","0.094600","0.101300","PACKAGE22_add_100_20260825_134055_850","Addition depth6","42","5032991458367302579","1024","128","true","true","true","32","true","32","true","32","0.138800","0.098200","0.097000","0.094500","0.094600","0.101300","0.624600","0.624400","0.104067","{""m1"":[22000,57970,55854,26571,53098,16457,221,55114,61286,38373,13102,1141,15340,55018,52520,60770,33298,28935,61141,2075,53443,63718,24414,23005,55748,65137,34742,35412,53319,50524,39682,28751],""m2"":[50661,20930,15513,63556,14408,38897,45498,10269,18742,54025,22262,46323,38196,47445,47344,64093,56184,3608,7252,34056,14701,15610,32879,16097,60437,27815,37759,45748,6951,63392,50517,7742]}","[43372,32522,7807,34804,59005,51445,6304,54652,39222,53419,53657,12459,44874,34722,24427,42137,39596,61027,4172,44931,61264,39554,65219,9237,11081,16308,55634,16744,37518,64587,48131,7156]","[43372,32522,7807,34804,59005,51445,6304,54652,39222,53419,53657,12459,44874,34722,24427,42137,39596,61027,4172,44931,61264,39554,65219,9237,11081,16308,55634,16744,37518,64587,48131,7156]","[{""label"":""c1=Enc(m1)"",""active_slots"":32,""logical_bits_per_active_slot"":16,""payload_bits_per_block"":512,""ciphertext_size"":2,""chain_index"":6,""fingerprint64"":""1bfe9cccd6de92a9""},{""label"":""c2=Enc(m2)"",""active_slots"":32,""logical_bits_per_active_slot"":16,""payload_bits_per_block"":512,""ciphertext_size"":2,""chain_index"":6,""fingerprint64"":""15a473294a9730f9""}]","[22000,57970,55854,26571,53098,16457,221,55114,61286,38373,13102,1141,15340,55018,52520,60770,33298,28935,61141,2075,53443,63718,24414,23005,55748,65137,34742,35412,53319,50524,39682,28751]","[50661,20930,15513,63556,14408,38897,45498,10269,18742,54025,22262,46323,38196,47445,47344,64093,56184,3608,7252,34056,14701,15610,32879,16097,60437,27815,37759,45748,6951,63392,50517,7742]","true","ciphertext_artifacts/add_iter092_c1.seal","1835121","456947810f302e360bd0f67feb83d61549f52f6a5b601a1e9cf1eef46271af90","1835121","456947810f302e360bd0f67feb83d61549f52f6a5b601a1e9cf1eef46271af90","true","true","ciphertext_artifacts/add_iter092_c2.seal","1835121","6b5c12bd2a9b0475a4879ec107524188d8797a94d931ab50592f11bb5c587c7e","1835121","6b5c12bd2a9b0475a4879ec107524188d8797a94d931ab50592f11bb5c587c7e","true","true","true","13.685300","13.199200","26.884500","0.000000","0.138800","0.000000","0.000000","0.000000","0.098200","0.000000","0.000000","0.000000","0.097000","0.000000","0.000000","0.000000","0.094500","0.000000","0.000000","0.000000","0.094600","0.000000","0.000000","0.000000","0.101300","0.000000","0.000000","27312161862800","27312162001600","","27312162001600","","27312162001600","27312162099800","","27312162099800","","27312162099800","27312162196800","","27312162196800","","27312162196800","27312162291300","","27312162291300","","27312162291400","27312162386000","","27312162386000","","27312162386000","27312162487300","","27312162487300","","2.118800","68.828400","6","262","total plaintext payload 1024bit; m1/m2 encrypted as c1/c2; six dependent additions measured individually; each step 100-run average is the comparison unit; eval_chain_ms is a continuous reference"
"ADD","93","0.119300","0.100300","0.098600","0.096400","0.097400","0.105900","PACKAGE22_add_100_20260825_134055_850","Addition depth6","42","-2013036627780866146","1024","128","true","true","true","32","true","32","true","32","0.119300","0.100300","0.098600","0.096400","0.097400","0.105900","0.618000","0.617900","0.102983","{""m1"":[44872,35651,3092,61308,16304,61473,27653,54187,24755,13524,60012,42642,4816,48475,18232,24695,1834,6802,41076,55932,18349,18653,28173,63306,32613,31201,23885,61473,57027,43233,24523,39393],""m2"":[28913,11827,59213,38927,47268,59358,40583,21352,9925,63759,15149,12525,36068,25580,28750,54997,10439,27621,56812,6849,2588,27886,208,19548,16361,24701,33701,41634,27889,12630,9071,42935]}","[4079,47011,58933,34328,10409,30744,35750,18656,63258,48762,23347,11532,61931,8492,28104,1623,38653,44534,7055,47664,15623,27196,47779,49720,48461,2296,32,43109,49627,14211,59768,24229]","[4079,47011,58933,34328,10409,30744,35750,18656,63258,48762,23347,11532,61931,8492,28104,1623,38653,44534,7055,47664,15623,27196,47779,49720,48461,2296,32,43109,49627,14211,59768,24229]","[{""label"":""c1=Enc(m1)"",""active_slots"":32,""logical_bits_per_active_slot"":16,""payload_bits_per_block"":512,""ciphertext_size"":2,""chain_index"":6,""fingerprint64"":""7d0170b3499d9c13""},{""label"":""c2=Enc(m2)"",""active_slots"":32,""logical_bits_per_active_slot"":16,""payload_bits_per_block"":512,""ciphertext_size"":2,""chain_index"":6,""fingerprint64"":""714fe691b7d23679""}]","[44872,35651,3092,61308,16304,61473,27653,54187,24755,13524,60012,42642,4816,48475,18232,24695,1834,6802,41076,55932,18349,18653,28173,63306,32613,31201,23885,61473,57027,43233,24523,39393]","[28913,11827,59213,38927,47268,59358,40583,21352,9925,63759,15149,12525,36068,25580,28750,54997,10439,27621,56812,6849,2588,27886,208,19548,16361,24701,33701,41634,27889,12630,9071,42935]","true","ciphertext_artifacts/add_iter093_c1.seal","1835121","d1829c36ef3126149044b073f17c675753deb15fee951b19e422cd4c8ceaa562","1835121","d1829c36ef3126149044b073f17c675753deb15fee951b19e422cd4c8ceaa562","true","true","ciphertext_artifacts/add_iter093_c2.seal","1835121","47fbe5571ff463dad71d2cf8c8a007de54a5ec0ab2552c2adfabbd1871a52c29","1835121","47fbe5571ff463dad71d2cf8c8a007de54a5ec0ab2552c2adfabbd1871a52c29","true","true","true","13.932900","12.436200","26.369100","0.000000","0.119300","0.000000","0.000000","0.000000","0.100300","0.000000","0.000000","0.000000","0.098600","0.000000","0.000000","0.000000","0.096400","0.000000","0.000000","0.000000","0.097400","0.000000","0.000000","0.000000","0.105900","0.000000","0.000000","27312994447500","27312994566800","","27312994566800","","27312994566800","27312994667100","","27312994667100","","27312994667100","27312994765700","","27312994765700","","27312994765700","27312994862100","","27312994862100","","27312994862100","27312994959500","","27312994959500","","27312994959500","27312995065400","","27312995065400","","2.363100","71.995300","6","263","total plaintext payload 1024bit; m1/m2 encrypted as c1/c2; six dependent additions measured individually; each step 100-run average is the comparison unit; eval_chain_ms is a continuous reference"
"ADD","94","0.142300","0.109200","0.103200","0.101400","0.109500","0.101400","PACKAGE22_add_100_20260825_134055_850","Addition depth6","42","-8761247687286459511","1024","128","true","true","true","32","true","32","true","32","0.142300","0.109200","0.103200","0.101400","0.109500","0.101400","0.667300","0.667000","0.111167","{""m1"":[2352,37488,65196,10281,61224,3874,10859,16741,53843,31086,29132,40663,47706,57994,12490,26145,10307,41466,25261,52399,50497,29392,60442,61630,48266,23311,37091,40172,24254,1338,9307,42147],""m2"":[11343,56042,7840,4804,49326,17459,29807,43465,11071,29526,23115,6164,2093,47248,22854,47071,47340,9501,22602,41508,19907,44687,1713,3170,13331,40152,34751,62478,27707,59884,26435,42317]}","[43437,55930,22156,55536,65189,2336,1783,748,51974,16311,54799,50070,492,46035,52985,49182,52174,63293,37776,6435,65098,55018,50296,59419,36446,17089,56006,20437,49063,53930,50996,33391]","[43437,55930,22156,55536,65189,2336,1783,748,51974,16311,54799,50070,492,46035,52985,49182,52174,63293,37776,6435,65098,55018,50296,59419,36446,17089,56006,20437,49063,53930,50996,33391]","[{""label"":""c1=Enc(m1)"",""active_slots"":32,""logical_bits_per_active_slot"":16,""payload_bits_per_block"":512,""ciphertext_size"":2,""chain_index"":6,""fingerprint64"":""5b4557f3a99163c0""},{""label"":""c2=Enc(m2)"",""active_slots"":32,""logical_bits_per_active_slot"":16,""payload_bits_per_block"":512,""ciphertext_size"":2,""chain_index"":6,""fingerprint64"":""fc4c145759410535""}]","[2352,37488,65196,10281,61224,3874,10859,16741,53843,31086,29132,40663,47706,57994,12490,26145,10307,41466,25261,52399,50497,29392,60442,61630,48266,23311,37091,40172,24254,1338,9307,42147]","[11343,56042,7840,4804,49326,17459,29807,43465,11071,29526,23115,6164,2093,47248,22854,47071,47340,9501,22602,41508,19907,44687,1713,3170,13331,40152,34751,62478,27707,59884,26435,42317]","true","ciphertext_artifacts/add_iter094_c1.seal","1835121","ff84dff8ea1749592fa1efff644886d7265745e168e5e060ef672ae88b302a27","1835121","ff84dff8ea1749592fa1efff644886d7265745e168e5e060ef672ae88b302a27","true","true","ciphertext_artifacts/add_iter094_c2.seal","1835121","e2fb16147e554ad4b402c1bbb68777720befbaf9f0fc528150e55094dd85f50f","1835121","e2fb16147e554ad4b402c1bbb68777720befbaf9f0fc528150e55094dd85f50f","true","true","true","12.594500","12.456700","25.051200","0.000000","0.142300","0.000000","0.000000","0.000000","0.109200","0.000000","0.000000","0.000000","0.103200","0.000000","0.000000","0.000000","0.101400","0.000000","0.000000","0.000000","0.109500","0.000000","0.000000","0.000000","0.101400","0.000000","0.000000","27313814871800","27313815014100","","27313815014100","","27313815014100","27313815123300","","27313815123300","","27313815123400","27313815226600","","27313815226600","","27313815226600","27313815328000","","27313815328000","","27313815328000","27313815437500","","27313815437500","","27313815437500","27313815538900","","27313815538900","","2.269000","70.477000","6","262","total plaintext payload 1024bit; m1/m2 encrypted as c1/c2; six dependent additions measured individually; each step 100-run average is the comparison unit; eval_chain_ms is a continuous reference"
"ADD","95","0.126400","0.112200","0.102300","0.115500","0.094300","0.097300","PACKAGE22_add_100_20260825_134055_850","Addition depth6","42","2927711870602082292","1024","128","true","true","true","32","true","32","true","32","0.126400","0.112200","0.102300","0.115500","0.094300","0.097300","0.648100","0.648000","0.108000","{""m1"":[19736,31045,38072,18499,16125,16219,28558,28388,2275,16609,31200,60678,33905,56284,15992,21854,15935,2610,17028,46105,51190,5156,16580,34806,40637,51575,16262,12730,36700,40941,14350,35865],""m2"":[30115,5050,22248,5123,27120,51473,43596,38354,5045,23764,16870,43994,42077,1154,17794,44280,64786,42441,46449,28502,15523,62506,38648,11873,50898,44124,10833,20069,22056,58612,53863,33329]}","[38215,8256,22421,23828,14786,22684,48409,32003,24235,6654,44336,47009,65240,31987,51813,23645,61487,6689,10848,7778,54718,11531,51190,43769,53094,10987,32010,45590,16357,11915,22378,46836]","[38215,8256,22421,23828,14786,22684,48409,32003,24235,6654,44336,47009,65240,31987,51813,23645,61487,6689,10848,7778,54718,11531,51190,43769,53094,10987,32010,45590,16357,11915,22378,46836]","[{""label"":""c1=Enc(m1)"",""active_slots"":32,""logical_bits_per_active_slot"":16,""payload_bits_per_block"":512,""ciphertext_size"":2,""chain_index"":6,""fingerprint64"":""01ace498bc46f2bb""},{""label"":""c2=Enc(m2)"",""active_slots"":32,""logical_bits_per_active_slot"":16,""payload_bits_per_block"":512,""ciphertext_size"":2,""chain_index"":6,""fingerprint64"":""cd658cd968c23abe""}]","[19736,31045,38072,18499,16125,16219,28558,28388,2275,16609,31200,60678,33905,56284,15992,21854,15935,2610,17028,46105,51190,5156,16580,34806,40637,51575,16262,12730,36700,40941,14350,35865]","[30115,5050,22248,5123,27120,51473,43596,38354,5045,23764,16870,43994,42077,1154,17794,44280,64786,42441,46449,28502,15523,62506,38648,11873,50898,44124,10833,20069,22056,58612,53863,33329]","true","ciphertext_artifacts/add_iter095_c1.seal","1835121","f8ea6375d1b0755839399f762e2aff1cd59987f158e599d7d533624fbff95f68","1835121","f8ea6375d1b0755839399f762e2aff1cd59987f158e599d7d533624fbff95f68","true","true","ciphertext_artifacts/add_iter095_c2.seal","1835121","cebf8e28cc9a9ea0afa8dcf508b5a2a91621f933889fff6d901451eb9ab073b8","1835121","cebf8e28cc9a9ea0afa8dcf508b5a2a91621f933889fff6d901451eb9ab073b8","true","true","true","12.468400","12.778600","25.247000","0.000000","0.126400","0.000000","0.000000","0.000000","0.112200","0.000000","0.000000","0.000000","0.102300","0.000000","0.000000","0.000000","0.115500","0.000000","0.000000","0.000000","0.094300","0.000000","0.000000","0.000000","0.097300","0.000000","0.000000","27314626330400","27314626456800","","27314626456800","","27314626456800","27314626569000","","27314626569000","","27314626569000","27314626671300","","27314626671300","","27314626671300","27314626786800","","27314626786800","","27314626786800","27314626881100","","27314626881100","","27314626881100","27314626978400","","27314626978400","","2.149700","66.557400","6","262","total plaintext payload 1024bit; m1/m2 encrypted as c1/c2; six dependent additions measured individually; each step 100-run average is the comparison unit; eval_chain_ms is a continuous reference"
"ADD","96","0.116900","0.099800","0.099400","0.096300","0.099900","0.103000","PACKAGE22_add_100_20260825_134055_850","Addition depth6","42","-3820499206084953121","1024","128","true","true","true","32","true","32","true","32","0.116900","0.099800","0.099400","0.096300","0.099900","0.103000","0.615600","0.615300","0.102550","{""m1"":[24345,38099,8811,39445,48271,18819,31633,30773,11654,61847,18580,2362,47257,35354,31989,29362,13207,14001,30276,53286,62962,58455,15339,29938,44314,17219,2615,22182,24701,58767,30767,35903],""m2"":[28809,4998,19683,40846,62100,18748,29814,2386,47444,1384,54302,17824,61452,23677,27989,17832,16400,20188,50582,21284,4488,2030,12716,47127,63151,22576,55086,21927,27162,3579,4132,48596]}","[52733,36316,28756,18170,51699,446,19363,64713,57874,54929,40615,62920,45699,15836,15312,39870,36491,51031,10702,14848,3164,43299,33967,64522,39024,5530,44644,23435,49216,49194,4390,27252]","[52733,36316,28756,18170,51699,446,19363,64713,57874,54929,40615,62920,45699,15836,15312,39870,36491,51031,10702,14848,3164,43299,33967,64522,39024,5530,44644,23435,49216,49194,4390,27252]","[{""label"":""c1=Enc(m1)"",""active_slots"":32,""logical_bits_per_active_slot"":16,""payload_bits_per_block"":512,""ciphertext_size"":2,""chain_index"":6,""fingerprint64"":""8c286be537e6594e""},{""label"":""c2=Enc(m2)"",""active_slots"":32,""logical_bits_per_active_slot"":16,""payload_bits_per_block"":512,""ciphertext_size"":2,""chain_index"":6,""fingerprint64"":""a20876ad85763762""}]","[24345,38099,8811,39445,48271,18819,31633,30773,11654,61847,18580,2362,47257,35354,31989,29362,13207,14001,30276,53286,62962,58455,15339,29938,44314,17219,2615,22182,24701,58767,30767,35903]","[28809,4998,19683,40846,62100,18748,29814,2386,47444,1384,54302,17824,61452,23677,27989,17832,16400,20188,50582,21284,4488,2030,12716,47127,63151,22576,55086,21927,27162,3579,4132,48596]","true","ciphertext_artifacts/add_iter096_c1.seal","1835121","57cb5f11730980309de6fdebd02b3bb254f4ed8f9e84496a75d0515433559215","1835121","57cb5f11730980309de6fdebd02b3bb254f4ed8f9e84496a75d0515433559215","true","true","ciphertext_artifacts/add_iter096_c2.seal","1835121","9ba46b8b41d6bae1385a170c39539e2b822f1154aee79edb4f632cd8ce9be9ee","1835121","9ba46b8b41d6bae1385a170c39539e2b822f1154aee79edb4f632cd8ce9be9ee","true","true","true","13.255700","12.566700","25.822400","0.000000","0.116900","0.000000","0.000000","0.000000","0.099800","0.000000","0.000000","0.000000","0.099400","0.000000","0.000000","0.000000","0.096300","0.000000","0.000000","0.000000","0.099900","0.000000","0.000000","0.000000","0.103000","0.000000","0.000000","27315462225000","27315462341900","","27315462341900","","27315462342000","27315462441800","","27315462441800","","27315462441800","27315462541200","","27315462541200","","27315462541200","27315462637500","","27315462637500","","27315462637600","27315462737500","","27315462737500","","27315462737500","27315462840500","","27315462840500","","2.163600","67.741200","6","263","total plaintext payload 1024bit; m1/m2 encrypted as c1/c2; six dependent additions measured individually; each step 100-run average is the comparison unit; eval_chain_ms is a continuous reference"
"ADD","97","0.138000","0.104100","0.102200","0.101600","0.094400","0.100600","PACKAGE22_add_100_20260825_134055_850","Addition depth6","42","7868464681096282058","1024","128","true","true","true","32","true","32","true","32","0.138000","0.104100","0.102200","0.101600","0.094400","0.100600","0.641100","0.640900","0.106817","{""m1"":[35041,47090,9806,58089,26142,45030,5591,51770,1225,13848,19270,55980,33036,26492,43265,55705,19568,22579,61142,7063,55785,29634,57583,48759,15149,37613,4391,63036,59499,40246,56100,25574],""m2"":[18087,57057,58592,37332,62671,62075,2031,57914,4526,13622,29334,36243,26,6920,50076,25377,25234,60869,59942,30772,31456,52738,51984,27762,8751,61907,6281,52461,60447,52606,16226,59419]}","[63351,31846,18389,16667,30433,38660,28457,53137,18478,30721,34008,4964,1148,61191,61140,36803,22900,10775,31172,55031,55360,14602,58599,16174,21312,8488,36407,16305,26115,56654,10930,18405]","[63351,31846,18389,16667,30433,38660,28457,53137,18478,30721,34008,4964,1148,61191,61140,36803,22900,10775,31172,55031,55360,14602,58599,16174,21312,8488,36407,16305,26115,56654,10930,18405]","[{""label"":""c1=Enc(m1)"",""active_slots"":32,""logical_bits_per_active_slot"":16,""payload_bits_per_block"":512,""ciphertext_size"":2,""chain_index"":6,""fingerprint64"":""4d472dcf6071a5fd""},{""label"":""c2=Enc(m2)"",""active_slots"":32,""logical_bits_per_active_slot"":16,""payload_bits_per_block"":512,""ciphertext_size"":2,""chain_index"":6,""fingerprint64"":""a19d478365c0b4e3""}]","[35041,47090,9806,58089,26142,45030,5591,51770,1225,13848,19270,55980,33036,26492,43265,55705,19568,22579,61142,7063,55785,29634,57583,48759,15149,37613,4391,63036,59499,40246,56100,25574]","[18087,57057,58592,37332,62671,62075,2031,57914,4526,13622,29334,36243,26,6920,50076,25377,25234,60869,59942,30772,31456,52738,51984,27762,8751,61907,6281,52461,60447,52606,16226,59419]","true","ciphertext_artifacts/add_iter097_c1.seal","1835121","3e23205ee5064f2b42a05438f824972c40c7a6c6147f61244129ee3f740670db","1835121","3e23205ee5064f2b42a05438f824972c40c7a6c6147f61244129ee3f740670db","true","true","ciphertext_artifacts/add_iter097_c2.seal","1835121","408a7ef5a186cfbca4542ed636637dcf63be5420caee7f303bc2323872e1da49","1835121","408a7ef5a186cfbca4542ed636637dcf63be5420caee7f303bc2323872e1da49","true","true","true","13.109900","13.009000","26.118900","0.000000","0.138000","0.000000","0.000000","0.000000","0.104100","0.000000","0.000000","0.000000","0.102200","0.000000","0.000000","0.000000","0.101600","0.000000","0.000000","0.000000","0.094400","0.000000","0.000000","0.000000","0.100600","0.000000","0.000000","27316295225600","27316295363600","","27316295363600","","27316295363600","27316295467700","","27316295467700","","27316295467700","27316295569900","","27316295569900","","27316295569900","27316295671500","","27316295671500","","27316295671600","27316295766000","","27316295766000","","27316295766000","27316295866600","","27316295866600","","2.179300","69.395600","6","262","total plaintext payload 1024bit; m1/m2 encrypted as c1/c2; six dependent additions measured individually; each step 100-run average is the comparison unit; eval_chain_ms is a continuous reference"
"ADD","98","0.153800","0.102600","0.096400","0.107400","0.094700","0.108100","PACKAGE22_add_100_20260825_134055_850","Addition depth6","42","1084207232394591285","1024","128","true","true","true","32","true","32","true","32","0.153800","0.102600","0.096400","0.107400","0.094700","0.108100","0.663600","0.663000","0.110500","{""m1"":[60227,41163,17782,33469,12617,24264,4347,23292,65393,27891,4523,60397,38534,22677,28554,4513,10716,35750,17417,62027,24910,23504,38142,33164,35107,59487,26805,16939,54191,30274,3565,28316],""m2"":[63021,64232,55433,60432,42797,51961,33548,26976,57713,42620,721,60207,53367,22265,43103,51888,7258,4210,23778,15931,57519,45057,60268,23892,32653,17100,28468,61942,16379,30851,21542,10907]}","[36749,29663,40816,53024,47785,56328,52495,43022,41489,42813,20255,28987,52089,26429,46914,42642,64638,24556,9928,33753,10049,32576,5687,7721,41776,27100,61550,56971,3753,17038,13349,14911]","[36749,29663,40816,53024,47785,56328,52495,43022,41489,42813,20255,28987,52089,26429,46914,42642,64638,24556,9928,33753,10049,32576,5687,7721,41776,27100,61550,56971,3753,17038,13349,14911]","[{""label"":""c1=Enc(m1)"",""active_slots"":32,""logical_bits_per_active_slot"":16,""payload_bits_per_block"":512,""ciphertext_size"":2,""chain_index"":6,""fingerprint64"":""633d24eb12854756""},{""label"":""c2=Enc(m2)"",""active_slots"":32,""logical_bits_per_active_slot"":16,""payload_bits_per_block"":512,""ciphertext_size"":2,""chain_index"":6,""fingerprint64"":""32335c50f51286ff""}]","[60227,41163,17782,33469,12617,24264,4347,23292,65393,27891,4523,60397,38534,22677,28554,4513,10716,35750,17417,62027,24910,23504,38142,33164,35107,59487,26805,16939,54191,30274,3565,28316]","[63021,64232,55433,60432,42797,51961,33548,26976,57713,42620,721,60207,53367,22265,43103,51888,7258,4210,23778,15931,57519,45057,60268,23892,32653,17100,28468,61942,16379,30851,21542,10907]","true","ciphertext_artifacts/add_iter098_c1.seal","1835121","6d6fe049866cda1f50ba6d84d8f9c5d1a784f396ad73d3a4e3f20eed49e9566a","1835121","6d6fe049866cda1f50ba6d84d8f9c5d1a784f396ad73d3a4e3f20eed49e9566a","true","true","ciphertext_artifacts/add_iter098_c2.seal","1835121","00a7e50a2511f4c10b188ef68fcd558f0f5838208344ca1b43197f2d85018c38","1835121","00a7e50a2511f4c10b188ef68fcd558f0f5838208344ca1b43197f2d85018c38","true","true","true","12.474700","12.603600","25.078300","0.000000","0.153800","0.000000","0.000000","0.000000","0.102600","0.000000","0.000000","0.000000","0.096400","0.000000","0.000000","0.000000","0.107400","0.000000","0.000000","0.000000","0.094700","0.000000","0.000000","0.000000","0.108100","0.000000","0.000000","27317132620100","27317132773900","","27317132773900","","27317132774000","27317132876600","","27317132876600","","27317132876700","27317132973100","","27317132973100","","27317132973200","27317133080600","","27317133080600","","27317133080600","27317133175300","","27317133175300","","27317133175400","27317133283500","","27317133283500","","2.559200","68.072300","6","262","total plaintext payload 1024bit; m1/m2 encrypted as c1/c2; six dependent additions measured individually; each step 100-run average is the comparison unit; eval_chain_ms is a continuous reference"
"ADD","99","0.119800","0.099200","0.096500","0.099400","0.093600","0.098800","PACKAGE22_add_100_20260825_134055_850","Addition depth6","42","-5673573435154399200","1024","128","true","true","true","32","true","32","true","32","0.119800","0.099200","0.096500","0.099400","0.093600","0.098800","0.607300","0.607300","0.101217","{""m1"":[30649,21510,56609,9431,9297,17031,9692,33272,58025,52547,43186,36563,44947,9821,10790,9874,56854,58750,48476,47488,35374,28154,2128,44602,42390,3713,56621,65456,52375,7319,62124,16019],""m2"":[56473,12276,59036,48518,42464,6398,9674,53922,44861,42835,31516,22272,46651,303,1722,28545,37006,29154,50681,43700,14151,50289,8492,46968,4836,34092,60193,53999,11065,42142,22342,62609]}","[29867,57331,10322,52204,33506,21781,2253,32706,38998,11008,5144,16457,57593,40193,48326,59594,10749,60314,18262,58904,52875,1335,33988,57164,52994,51591,13841,30599,46084,24628,53374,55292]","[29867,57331,10322,52204,33506,21781,2253,32706,38998,11008,5144,16457,57593,40193,48326,59594,10749,60314,18262,58904,52875,1335,33988,57164,52994,51591,13841,30599,46084,24628,53374,55292]","[{""label"":""c1=Enc(m1)"",""active_slots"":32,""logical_bits_per_active_slot"":16,""payload_bits_per_block"":512,""ciphertext_size"":2,""chain_index"":6,""fingerprint64"":""7a870178f599af09""},{""label"":""c2=Enc(m2)"",""active_slots"":32,""logical_bits_per_active_slot"":16,""payload_bits_per_block"":512,""ciphertext_size"":2,""chain_index"":6,""fingerprint64"":""ebd31207627aa257""}]","[30649,21510,56609,9431,9297,17031,9692,33272,58025,52547,43186,36563,44947,9821,10790,9874,56854,58750,48476,47488,35374,28154,2128,44602,42390,3713,56621,65456,52375,7319,62124,16019]","[56473,12276,59036,48518,42464,6398,9674,53922,44861,42835,31516,22272,46651,303,1722,28545,37006,29154,50681,43700,14151,50289,8492,46968,4836,34092,60193,53999,11065,42142,22342,62609]","true","ciphertext_artifacts/add_iter099_c1.seal","1835121","dae6029200a00853447e6c1610d0b09aa971afe4f7fba7405369e4ae0a3e43aa","1835121","dae6029200a00853447e6c1610d0b09aa971afe4f7fba7405369e4ae0a3e43aa","true","true","ciphertext_artifacts/add_iter099_c2.seal","1835121","f3f7e91f956508c31c4d10b73db3f4387e0a6e2c527c6500064cd5a990fbd82e","1835121","f3f7e91f956508c31c4d10b73db3f4387e0a6e2c527c6500064cd5a990fbd82e","true","true","true","15.942600","12.355000","28.297600","0.000000","0.119800","0.000000","0.000000","0.000000","0.099200","0.000000","0.000000","0.000000","0.096500","0.000000","0.000000","0.000000","0.099400","0.000000","0.000000","0.000000","0.093600","0.000000","0.000000","0.000000","0.098800","0.000000","0.000000","27317986258600","27317986378400","","27317986378400","","27317986378400","27317986477600","","27317986477600","","27317986477600","27317986574100","","27317986574100","","27317986574100","27317986673500","","27317986673500","","27317986673500","27317986767100","","27317986767100","","27317986767100","27317986865900","","27317986865900","","2.210400","71.184500","6","263","total plaintext payload 1024bit; m1/m2 encrypted as c1/c2; six dependent additions measured individually; each step 100-run average is the comparison unit; eval_chain_ms is a continuous reference"
"ADD","100","0.116800","0.101200","0.120900","0.098100","0.093500","0.097500","PACKAGE22_add_100_20260825_134055_850","Addition depth6","42","6024960661364278283","1024","128","true","true","true","32","true","32","true","32","0.116800","0.101200","0.120900","0.098100","0.093500","0.097500","0.628200","0.628000","0.104667","{""m1"":[33791,51035,32268,64290,710,4135,46085,26174,24521,49344,3389,46617,51935,15883,18205,37255,53219,5634,44978,57865,12405,16616,5259,20439,10212,32829,20922,29912,18595,27242,51787,58287],""m2"":[14581,3960,41446,57690,9024,21344,32664,52312,971,3951,62485,20422,30488,26156,57933,17177,8453,23777,62587,46562,15527,22965,42065,11521,56858,30477,39938,27119,49793,39798,22958,22988]}","[47833,19409,56799,37008,29912,15035,20184,65021,35460,12618,4400,51123,37056,10926,50008,3940,41624,28330,39988,43461,30664,4285,16157,50782,14811,26136,6891,4394,27148,31751,13874,39964]","[47833,19409,56799,37008,29912,15035,20184,65021,35460,12618,4400,51123,37056,10926,50008,3940,41624,28330,39988,43461,30664,4285,16157,50782,14811,26136,6891,4394,27148,31751,13874,39964]","[{""label"":""c1=Enc(m1)"",""active_slots"":32,""logical_bits_per_active_slot"":16,""payload_bits_per_block"":512,""ciphertext_size"":2,""chain_index"":6,""fingerprint64"":""23f233179541e5bb""},{""label"":""c2=Enc(m2)"",""active_slots"":32,""logical_bits_per_active_slot"":16,""payload_bits_per_block"":512,""ciphertext_size"":2,""chain_index"":6,""fingerprint64"":""6005690343e560eb""}]","[33791,51035,32268,64290,710,4135,46085,26174,24521,49344,3389,46617,51935,15883,18205,37255,53219,5634,44978,57865,12405,16616,5259,20439,10212,32829,20922,29912,18595,27242,51787,58287]","[14581,3960,41446,57690,9024,21344,32664,52312,971,3951,62485,20422,30488,26156,57933,17177,8453,23777,62587,46562,15527,22965,42065,11521,56858,30477,39938,27119,49793,39798,22958,22988]","true","ciphertext_artifacts/add_iter100_c1.seal","1835121","6b620f6f888611d00ded6238c92e91a108857680220daa397429f343acdbb9d9","1835121","6b620f6f888611d00ded6238c92e91a108857680220daa397429f343acdbb9d9","true","true","ciphertext_artifacts/add_iter100_c2.seal","1835121","7836926192948a64070da40558b980f4db936fbb8b7224f01d4aa706d4953f20","1835121","7836926192948a64070da40558b980f4db936fbb8b7224f01d4aa706d4953f20","true","true","true","12.833500","12.628400","25.461900","0.000000","0.116800","0.000000","0.000000","0.000000","0.101200","0.000000","0.000000","0.000000","0.120900","0.000000","0.000000","0.000000","0.098100","0.000000","0.000000","0.000000","0.093500","0.000000","0.000000","0.000000","0.097500","0.000000","0.000000","27318809817100","27318809933900","","27318809933900","","27318809934000","27318810035200","","27318810035200","","27318810035200","27318810156100","","27318810156100","","27318810156100","27318810254200","","27318810254200","","27318810254200","27318810347700","","27318810347700","","27318810347700","27318810445200","","27318810445200","","2.324200","68.646400","6","262","total plaintext payload 1024bit; m1/m2 encrypted as c1/c2; six dependent additions measured individually; each step 100-run average is the comparison unit; eval_chain_ms is a continuous reference"
