"operation","iteration","step1_ms","step2_ms","step3_ms","step4_ms","step5_ms","step6_ms","run_id","field","seed","engine_invocation_seed","payload_bits","payload_bytes","payload_ok","input_roundtrip_checked","c1_roundtrip_correct","c1_roundtrip_verified_slots","c2_roundtrip_correct","c2_roundtrip_verified_slots","correctness","result_verified_active_slots","step1_total_ms","step2_total_ms","step3_total_ms","step4_total_ms","step5_total_ms","step6_total_ms","eval_chain_ms","step_total_sum_ms","avg_step_ms","input_values","plaintext_result","decrypted_result","ciphertext_meta","c1_roundtrip_decrypted","c2_roundtrip_decrypted","ciphertext_artifacts_checked","c1_artifact_file","c1_artifact_saved_bytes","c1_artifact_saved_sha256","c1_artifact_loaded_bytes","c1_artifact_loaded_sha256","c1_artifact_match","c1_artifact_load_success","c2_artifact_file","c2_artifact_saved_bytes","c2_artifact_saved_sha256","c2_artifact_loaded_bytes","c2_artifact_loaded_sha256","c2_artifact_match","c2_artifact_load_success","chain_uses_loaded_inputs","encrypt_m1_ms","encrypt_m2_ms","encrypt_total_ms","step1_operand_align_ms","step1_operation_ms","step1_relinearize_ms","step1_result_mod_switch_ms","step2_operand_align_ms","step2_operation_ms","step2_relinearize_ms","step2_result_mod_switch_ms","step3_operand_align_ms","step3_operation_ms","step3_relinearize_ms","step3_result_mod_switch_ms","step4_operand_align_ms","step4_operation_ms","step4_relinearize_ms","step4_result_mod_switch_ms","step5_operand_align_ms","step5_operation_ms","step5_relinearize_ms","step5_result_mod_switch_ms","step6_operand_align_ms","step6_operation_ms","step6_relinearize_ms","step6_result_mod_switch_ms","step1_start_tick_ns","step1_end_tick_ns","step1_operand_align_end_tick_ns","step1_operation_end_tick_ns","step1_relinearize_end_tick_ns","step2_start_tick_ns","step2_end_tick_ns","step2_operand_align_end_tick_ns","step2_operation_end_tick_ns","step2_relinearize_end_tick_ns","step3_start_tick_ns","step3_end_tick_ns","step3_operand_align_end_tick_ns","step3_operation_end_tick_ns","step3_relinearize_end_tick_ns","step4_start_tick_ns","step4_end_tick_ns","step4_operand_align_end_tick_ns","step4_operation_end_tick_ns","step4_relinearize_end_tick_ns","step5_start_tick_ns","step5_end_tick_ns","step5_operand_align_end_tick_ns","step5_operation_end_tick_ns","step5_relinearize_end_tick_ns","step6_start_tick_ns","step6_end_tick_ns","step6_operand_align_end_tick_ns","step6_operation_end_tick_ns","step6_relinearize_end_tick_ns","decrypt_ms","total_ms","final_chain_index","noise_budget_bits","note"
"MUL","1","17.673300","18.101700","17.045100","16.218200","15.503000","14.716700","PACKAGE22_mul_100_20260825_142742_621","Multiplication depth6","42","42","1024","128","true","true","true","32","true","32","true","32","17.673300","18.101700","17.045100","16.218200","15.503000","14.716700","99.755100","99.258000","16.543000","{""m1"":[29485,8188,49115,17056,45114,42527,50619,20778,33900,26501,25555,1166,25297,51885,49491,28640,20270,14607,32640,3372,43759,43593,16810,45099,4462,21358,56615,25363,6287,59636,10519,48436],""m2"":[53926,34465,222,18329,57540,52179,41091,31465,37959,39311,35102,25995,11633,45577,52871,43302,17005,53118,60931,61676,23095,62531,33230,6488,23615,21577,57749,8419,19597,17473,1807,5761]}","[51969,36000,53234,36145,5652,3290,64606,27781,36805,6455,27167,13312,36832,31115,24036,50209,12191,52064,34282,55696,38167,29930,23555,61501,9907,48825,59345,8010,24772,51645,33241,32237]","[51969,36000,53234,36145,5652,3290,64606,27781,36805,6455,27167,13312,36832,31115,24036,50209,12191,52064,34282,55696,38167,29930,23555,61501,9907,48825,59345,8010,24772,51645,33241,32237]","[{""label"":""c1=Enc(m1)"",""active_slots"":32,""logical_bits_per_active_slot"":16,""payload_bits_per_block"":512,""ciphertext_size"":2,""chain_index"":6,""fingerprint64"":""358248fdc2fb7b80""},{""label"":""c2=Enc(m2)"",""active_slots"":32,""logical_bits_per_active_slot"":16,""payload_bits_per_block"":512,""ciphertext_size"":2,""chain_index"":6,""fingerprint64"":""fed45be5b45c6fc6""}]","[29485,8188,49115,17056,45114,42527,50619,20778,33900,26501,25555,1166,25297,51885,49491,28640,20270,14607,32640,3372,43759,43593,16810,45099,4462,21358,56615,25363,6287,59636,10519,48436]","[53926,34465,222,18329,57540,52179,41091,31465,37959,39311,35102,25995,11633,45577,52871,43302,17005,53118,60931,61676,23095,62531,33230,6488,23615,21577,57749,8419,19597,17473,1807,5761]","true","ciphertext_artifacts/mul_iter001_c1.seal","1835121","e12c9457bdc48e5596ed9cc2021b3c88b2db168a383b65bac16b559470d76683","1835121","e12c9457bdc48e5596ed9cc2021b3c88b2db168a383b65bac16b559470d76683","true","true","ciphertext_artifacts/mul_iter001_c2.seal","1835121","b2aa2ab46589de94928dc4522e4c7976c6938553f71b04f80809dacf6e7c25c0","1835121","b2aa2ab46589de94928dc4522e4c7976c6938553f71b04f80809dacf6e7c25c0","true","true","true","11.529800","11.005300","22.535100","0.002500","1.182100","13.301100","3.187600","3.352400","0.994200","10.860200","2.894900","6.027200","0.664600","7.941700","2.411600","8.032500","0.533400","5.756400","1.895900","9.741400","0.398700","4.062300","1.300600","11.119800","0.266500","2.516300","0.814100","30047429052600","30047446725900","30047429055100","30047430237200","30047443538300","30047446804700","30047464906400","30047450157100","30047451151300","30047462011500","30047464978600","30047482023700","30047471005800","30047471670400","30047479612100","30047482086600","30047498304800","30047490119100","30047490652500","30047496408900","30047498365400","30047513868400","30047508106800","30047508505500","30047512567800","30047513931900","30047528648600","30047525051700","30047525318200","30047527834500","0.597500","158.118700","0","25","total plaintext payload 1024bit; m1/m2 encrypted as c1/c2; each measured step includes operand alignment, multiply, relinearize, and result mod-switch; eval_chain_ms is continuous step1-to-step6 wall time"
"MUL","2","18.765300","19.728700","19.452500","19.161000","17.597000","17.616200","PACKAGE22_mul_100_20260825_142742_621","Multiplication depth6","42","-6748209959976139755","1024","128","true","true","true","32","true","32","true","32","18.765300","19.728700","19.452500","19.161000","17.597000","17.616200","113.588900","112.320700","18.720117","{""m1"":[26797,23121,56552,62335,26990,58139,33045,36378,52279,34872,12405,63133,59515,21338,56316,8023,51621,10868,11947,8852,54284,34812,48712,6283,14830,38650,57082,9051,37536,56273,53835,38811],""m2"":[26390,9817,46153,58314,15872,44106,2544,52445,10751,35414,22391,15826,58849,33483,8725,36295,14842,63042,2308,34537,7225,38072,7963,31762,24024,64674,12640,22049,12261,48321,44551,8988]}","[33614,17747,63389,26531,22226,25540,40051,51103,52283,64668,52164,4656,58158,22992,61896,41121,58193,63000,187,23381,62883,62933,26672,57192,32446,17873,8625,1046,18675,7258,14505,51976]","[33614,17747,63389,26531,22226,25540,40051,51103,52283,64668,52164,4656,58158,22992,61896,41121,58193,63000,187,23381,62883,62933,26672,57192,32446,17873,8625,1046,18675,7258,14505,51976]","[{""label"":""c1=Enc(m1)"",""active_slots"":32,""logical_bits_per_active_slot"":16,""payload_bits_per_block"":512,""ciphertext_size"":2,""chain_index"":6,""fingerprint64"":""a8cc9c10fb60b8ae""},{""label"":""c2=Enc(m2)"",""active_slots"":32,""logical_bits_per_active_slot"":16,""payload_bits_per_block"":512,""ciphertext_size"":2,""chain_index"":6,""fingerprint64"":""f69c582c2c1ea6e9""}]","[26797,23121,56552,62335,26990,58139,33045,36378,52279,34872,12405,63133,59515,21338,56316,8023,51621,10868,11947,8852,54284,34812,48712,6283,14830,38650,57082,9051,37536,56273,53835,38811]","[26390,9817,46153,58314,15872,44106,2544,52445,10751,35414,22391,15826,58849,33483,8725,36295,14842,63042,2308,34537,7225,38072,7963,31762,24024,64674,12640,22049,12261,48321,44551,8988]","true","ciphertext_artifacts/mul_iter002_c1.seal","1835121","3f9bedaad4b42441e0a92fb2588e3c3e50f4e4c4c84b2a4667fb32808ad761ee","1835121","3f9bedaad4b42441e0a92fb2588e3c3e50f4e4c4c84b2a4667fb32808ad761ee","true","true","ciphertext_artifacts/mul_iter002_c2.seal","1835121","3154fb063b959f1e33bb50eca6ee2b280fc12fff45705b1f29377c9d5229a6bb","1835121","3154fb063b959f1e33bb50eca6ee2b280fc12fff45705b1f29377c9d5229a6bb","true","true","true","13.677900","13.600400","27.278300","0.004500","1.501700","13.991400","3.267700","3.433800","0.847900","11.802000","3.645000","6.829600","0.662700","8.004600","3.955600","9.543900","0.590700","6.823800","2.202600","11.423200","0.407300","4.310500","1.456000","13.528700","0.305400","2.941000","0.841100","30048346893000","30048365658300","30048346897500","30048348399200","30048362390600","30048365724700","30048385453400","30048369158500","30048370006400","30048381808400","30048385703900","30048405156400","30048392533500","30048393196200","30048401200800","30048405223400","30048424384400","30048414767300","30048415358000","30048422181800","30048424628700","30048442225700","30048436051900","30048436459200","30048440769700","30048442528200","30048460144400","30048456056900","30048456362300","30048459303300","0.866200","197.088900","0","25","total plaintext payload 1024bit; m1/m2 encrypted as c1/c2; each measured step includes operand alignment, multiply, relinearize, and result mod-switch; eval_chain_ms is continuous step1-to-step6 wall time"
"MUL","3","20.037000","19.112700","18.958100","19.524000","17.755800","16.023000","PACKAGE22_mul_100_20260825_142742_621","Multiplication depth6","42","4940752896428148736","1024","128","true","true","true","32","true","32","true","32","20.037000","19.112700","18.958100","19.524000","17.755800","16.023000","112.662200","111.410600","18.568433","{""m1"":[14948,57269,33573,38216,48147,3081,36148,24693,62392,47924,8435,49014,29668,24206,55814,20620,36523,45143,12025,22335,12731,44778,35617,30009,21388,40880,37282,11573,20920,51919,44137,8905],""m2"":[45532,65172,26993,33645,964,29593,32981,38617,57157,27114,26408,23425,23165,57989,27741,50357,10938,35545,55511,52801,57337,13191,17248,48660,25947,2053,34678,44485,8969,4815,59906,8011]}","[25853,16702,48030,24336,3711,17794,44846,38937,41461,38755,38618,50103,58358,5819,23689,25011,60293,64560,40281,48168,21274,29502,43067,46622,41746,20834,22383,10841,16414,17077,56975,26801]","[25853,16702,48030,24336,3711,17794,44846,38937,41461,38755,38618,50103,58358,5819,23689,25011,60293,64560,40281,48168,21274,29502,43067,46622,41746,20834,22383,10841,16414,17077,56975,26801]","[{""label"":""c1=Enc(m1)"",""active_slots"":32,""logical_bits_per_active_slot"":16,""payload_bits_per_block"":512,""ciphertext_size"":2,""chain_index"":6,""fingerprint64"":""c968fd5fe6572ad9""},{""label"":""c2=Enc(m2)"",""active_slots"":32,""logical_bits_per_active_slot"":16,""payload_bits_per_block"":512,""ciphertext_size"":2,""chain_index"":6,""fingerprint64"":""a865bf7e0a144611""}]","[14948,57269,33573,38216,48147,3081,36148,24693,62392,47924,8435,49014,29668,24206,55814,20620,36523,45143,12025,22335,12731,44778,35617,30009,21388,40880,37282,11573,20920,51919,44137,8905]","[45532,65172,26993,33645,964,29593,32981,38617,57157,27114,26408,23425,23165,57989,27741,50357,10938,35545,55511,52801,57337,13191,17248,48660,25947,2053,34678,44485,8969,4815,59906,8011]","true","ciphertext_artifacts/mul_iter003_c1.seal","1835121","038d62cfce50e321937a7c9ed40afadbfcab0de03f8ee2b5af3d56ea6882121c","1835121","038d62cfce50e321937a7c9ed40afadbfcab0de03f8ee2b5af3d56ea6882121c","true","true","ciphertext_artifacts/mul_iter003_c2.seal","1835121","1dc9e95d9d825c1e504eaf6f67d0f02700bffd8dace6dca03f7dbc958a67fcfa","1835121","1dc9e95d9d825c1e504eaf6f67d0f02700bffd8dace6dca03f7dbc958a67fcfa","true","true","true","13.415800","12.166300","25.582100","0.002400","1.192700","14.843700","3.998200","3.553400","0.843500","11.312300","3.403500","6.780200","0.750600","8.409100","3.018200","10.485200","0.595300","6.081200","2.362300","10.440900","0.453100","4.920000","1.941800","11.940600","0.295000","2.937800","0.849600","30049257336900","30049277373900","30049257339300","30049258532000","30049273375700","30049277603500","30049296716200","30049281156900","30049282000400","30049293312700","30049297060500","30049316018600","30049303840700","30049304591300","30049313000400","30049316266700","30049335790700","30049326751900","30049327347200","30049333428400","30049335855600","30049353611400","30049346296500","30049346749600","30049351669600","30049353816000","30049369839000","30049365756600","30049366051600","30049368989400","0.629300","178.501600","0","25","total plaintext payload 1024bit; m1/m2 encrypted as c1/c2; each measured step includes operand alignment, multiply, relinearize, and result mod-switch; eval_chain_ms is continuous step1-to-step6 wall time"
"MUL","4","18.902800","17.511500","18.436200","16.396000","15.641200","15.895100","PACKAGE22_mul_100_20260825_142742_621","Multiplication depth6","42","-1807457080762463125","1024","128","true","true","true","32","true","32","true","32","18.902800","17.511500","18.436200","16.396000","15.641200","15.895100","103.443800","102.782800","17.130467","{""m1"":[56032,43775,41382,3523,8155,42073,47809,44748,751,7612,48284,16951,10009,30946,16957,34545,27296,54054,16574,15751,56698,17350,38561,47615,48650,15110,34313,49614,956,23625,16007,60914],""m2"":[37471,56021,45321,11543,55996,14529,59090,50090,51489,59576,37803,15562,20423,52381,38308,14850,61914,49018,29484,18592,44322,21727,19541,5255,49635,11432,20196,38524,58374,9503,49913,26553]}","[48292,31902,26018,64897,17621,57910,24753,17211,36431,56789,60062,7258,14641,32827,4813,61563,36322,20988,43759,21464,10574,13669,1392,60208,23495,24975,55010,28967,25829,48603,48414,4122]","[48292,31902,26018,64897,17621,57910,24753,17211,36431,56789,60062,7258,14641,32827,4813,61563,36322,20988,43759,21464,10574,13669,1392,60208,23495,24975,55010,28967,25829,48603,48414,4122]","[{""label"":""c1=Enc(m1)"",""active_slots"":32,""logical_bits_per_active_slot"":16,""payload_bits_per_block"":512,""ciphertext_size"":2,""chain_index"":6,""fingerprint64"":""e4c5f7511522a848""},{""label"":""c2=Enc(m2)"",""active_slots"":32,""logical_bits_per_active_slot"":16,""payload_bits_per_block"":512,""ciphertext_size"":2,""chain_index"":6,""fingerprint64"":""bab74c430ff99a44""}]","[56032,43775,41382,3523,8155,42073,47809,44748,751,7612,48284,16951,10009,30946,16957,34545,27296,54054,16574,15751,56698,17350,38561,47615,48650,15110,34313,49614,956,23625,16007,60914]","[37471,56021,45321,11543,55996,14529,59090,50090,51489,59576,37803,15562,20423,52381,38308,14850,61914,49018,29484,18592,44322,21727,19541,5255,49635,11432,20196,38524,58374,9503,49913,26553]","true","ciphertext_artifacts/mul_iter004_c1.seal","1835121","8f458d10643d2856d67e05a5a2da345fea338ab170685f38b6a02286be227382","1835121","8f458d10643d2856d67e05a5a2da345fea338ab170685f38b6a02286be227382","true","true","ciphertext_artifacts/mul_iter004_c2.seal","1835121","ebb8156a018559e2b98f15e34ea59398bd1b0833d00c89a7a2e15f7ecdc0f4aa","1835121","ebb8156a018559e2b98f15e34ea59398bd1b0833d00c89a7a2e15f7ecdc0f4aa","true","true","true","11.691300","11.819800","23.511100","0.002400","1.175200","14.465200","3.260000","3.149300","0.791300","10.515000","3.055900","6.338400","0.664800","8.581600","2.851400","8.158600","0.533600","5.825400","1.878400","9.959700","0.398500","3.995500","1.287500","12.347700","0.268800","2.488300","0.790300","30050144246900","30050163149700","30050144249300","30050145424500","30050159889700","30050163213500","30050180725000","30050166362800","30050167154100","30050177669100","30050180947300","30050199383500","30050187285700","30050187950500","30050196532100","30050199458200","30050215854200","30050207616800","30050208150400","30050213975800","30050215919000","30050231560200","30050225878700","30050226277200","30050230272700","30050231636700","30050247531800","30050243984400","30050244253200","30050246741500","0.634300","166.784400","0","25","total plaintext payload 1024bit; m1/m2 encrypted as c1/c2; each measured step includes operand alignment, multiply, relinearize, and result mod-switch; eval_chain_ms is continuous step1-to-step6 wall time"
"MUL","5","19.314700","17.268200","17.407300","16.367600","15.549100","14.755500","PACKAGE22_mul_100_20260825_142742_621","Multiplication depth6","42","-8565255890251411370","1024","128","true","true","true","32","true","32","true","32","19.314700","17.268200","17.407300","16.367600","15.549100","14.755500","101.143600","100.662400","16.777067","{""m1"":[59550,12408,61602,64731,15713,42391,14984,8160,36551,30033,10910,28900,754,16284,65125,61272,54351,37044,38830,58475,42910,21787,36650,41542,3334,50430,64199,28834,32807,26292,32265,45808],""m2"":[45586,55132,43,7562,56495,6693,13380,53336,4167,16594,58036,23416,58522,13635,2625,57590,49671,33609,8167,44539,21027,23681,19536,52595,49743,5482,8907,57323,44404,44039,10115,32585]}","[56186,58858,40721,25004,5710,63522,35746,36329,8065,30874,20086,42362,43903,19806,36735,59479,43619,21447,1925,16927,8127,23138,59066,48793,40040,2511,63368,55257,12780,62421,13020,52112]","[56186,58858,40721,25004,5710,63522,35746,36329,8065,30874,20086,42362,43903,19806,36735,59479,43619,21447,1925,16927,8127,23138,59066,48793,40040,2511,63368,55257,12780,62421,13020,52112]","[{""label"":""c1=Enc(m1)"",""active_slots"":32,""logical_bits_per_active_slot"":16,""payload_bits_per_block"":512,""ciphertext_size"":2,""chain_index"":6,""fingerprint64"":""b438cb2233f2f07b""},{""label"":""c2=Enc(m2)"",""active_slots"":32,""logical_bits_per_active_slot"":16,""payload_bits_per_block"":512,""ciphertext_size"":2,""chain_index"":6,""fingerprint64"":""b01499b58fed9ecd""}]","[59550,12408,61602,64731,15713,42391,14984,8160,36551,30033,10910,28900,754,16284,65125,61272,54351,37044,38830,58475,42910,21787,36650,41542,3334,50430,64199,28834,32807,26292,32265,45808]","[45586,55132,43,7562,56495,6693,13380,53336,4167,16594,58036,23416,58522,13635,2625,57590,49671,33609,8167,44539,21027,23681,19536,52595,49743,5482,8907,57323,44404,44039,10115,32585]","true","ciphertext_artifacts/mul_iter005_c1.seal","1835121","cab64ec4a55cf960aaa1bf818a8c8c37ec098db986cd5394e8d3488d531e9d33","1835121","cab64ec4a55cf960aaa1bf818a8c8c37ec098db986cd5394e8d3488d531e9d33","true","true","ciphertext_artifacts/mul_iter005_c2.seal","1835121","b45e4e75665e044df137abb72c4635a3d16012a5e79e0400c466cceb302ec729","1835121","b45e4e75665e044df137abb72c4635a3d16012a5e79e0400c466cceb302ec729","true","true","true","11.402500","14.506300","25.908800","0.002800","1.206000","14.848200","3.257700","3.159800","0.804800","10.437900","2.865700","5.842100","0.661700","8.525000","2.378500","8.142600","0.527400","5.802800","1.894800","9.869600","0.396100","4.020200","1.263200","11.193000","0.267100","2.487600","0.807800","30051015121200","30051034435900","30051015124000","30051016330000","30051031178200","30051034500200","30051051768400","30051037660000","30051038464800","30051048902700","30051051829900","30051069237200","30051057672000","30051058333700","30051066858700","30051069296400","30051085664000","30051077439000","30051077966400","30051083769200","30051085727900","30051101277000","30051095597500","30051095993600","30051100013800","30051101339600","30051116095100","30051112532600","30051112799700","30051115287300","0.598500","172.475800","0","25","total plaintext payload 1024bit; m1/m2 encrypted as c1/c2; each measured step includes operand alignment, multiply, relinearize, and result mod-switch; eval_chain_ms is continuous step1-to-step6 wall time"
"MUL","6","17.875400","17.437800","17.092100","16.270100","15.555200","14.615100","PACKAGE22_mul_100_20260825_142742_621","Multiplication depth6","42","3133278154759902273","1024","128","true","true","true","32","true","32","true","32","17.875400","17.437800","17.092100","16.270100","15.555200","14.615100","99.346000","98.845700","16.474283","{""m1"":[24800,62763,64414,28207,1314,11801,61506,49964,16171,36131,32730,27122,58974,35041,53452,3276,5527,34239,32866,29832,28976,20824,36415,8082,7975,25794,53197,9622,42449,12197,37549,38193],""m2"":[25666,21312,9845,48730,56015,22041,37198,25707,9401,49921,48461,28855,37433,63184,45910,44979,23509,19398,23244,30836,49875,20572,14183,59941,4789,36624,46089,1390,21276,15864,7046,2493]}","[34517,46138,15509,2934,41143,56934,22761,31719,133,13836,39578,5490,54926,23335,3955,34200,55383,64446,16119,50584,24397,864,16451,28264,6028,45542,54352,22112,18056,29057,38502,27605]","[34517,46138,15509,2934,41143,56934,22761,31719,133,13836,39578,5490,54926,23335,3955,34200,55383,64446,16119,50584,24397,864,16451,28264,6028,45542,54352,22112,18056,29057,38502,27605]","[{""label"":""c1=Enc(m1)"",""active_slots"":32,""logical_bits_per_active_slot"":16,""payload_bits_per_block"":512,""ciphertext_size"":2,""chain_index"":6,""fingerprint64"":""cf7152cacb65f15f""},{""label"":""c2=Enc(m2)"",""active_slots"":32,""logical_bits_per_active_slot"":16,""payload_bits_per_block"":512,""ciphertext_size"":2,""chain_index"":6,""fingerprint64"":""fbce99c21ec0e2c4""}]","[24800,62763,64414,28207,1314,11801,61506,49964,16171,36131,32730,27122,58974,35041,53452,3276,5527,34239,32866,29832,28976,20824,36415,8082,7975,25794,53197,9622,42449,12197,37549,38193]","[25666,21312,9845,48730,56015,22041,37198,25707,9401,49921,48461,28855,37433,63184,45910,44979,23509,19398,23244,30836,49875,20572,14183,59941,4789,36624,46089,1390,21276,15864,7046,2493]","true","ciphertext_artifacts/mul_iter006_c1.seal","1835121","7cab6ad043a87abb4872893a1fbdd73c77e853ea4c3ee55f96db036d084b1d49","1835121","7cab6ad043a87abb4872893a1fbdd73c77e853ea4c3ee55f96db036d084b1d49","true","true","ciphertext_artifacts/mul_iter006_c2.seal","1835121","55dcf09f2e3ac1c6cb529d0786d4f43acb4f100d88425f8dcc0a6fcd0f93c75b","1835121","55dcf09f2e3ac1c6cb529d0786d4f43acb4f100d88425f8dcc0a6fcd0f93c75b","true","true","true","11.390800","11.077600","22.468400","0.002500","1.235100","13.402300","3.235500","3.188400","0.817100","10.560900","2.871400","6.111000","0.684000","7.928600","2.368500","8.046100","0.549600","5.764600","1.909800","9.830600","0.410800","3.987400","1.326400","11.025600","0.277200","2.514200","0.798100","30051891956600","30051909832000","30051891959100","30051893194200","30051906596500","30051909906400","30051927344200","30051913094800","30051913911900","30051924472800","30051927411500","30051944503600","30051933522500","30051934206500","30051942135100","30051944564100","30051960834200","30051952610200","30051953159800","30051958924400","30051960896400","30051976451600","30051970727000","30051971137800","30051975125200","30051976514500","30051991129600","30051987540100","30051987817300","30051990331500","0.633000","158.414800","0","25","total plaintext payload 1024bit; m1/m2 encrypted as c1/c2; each measured step includes operand alignment, multiply, relinearize, and result mod-switch; eval_chain_ms is continuous step1-to-step6 wall time"
"MUL","7","17.636000","17.314900","16.841400","16.254100","15.452300","14.741300","PACKAGE22_mul_100_20260825_142742_621","Multiplication depth6","42","-3624503062568953684","1024","128","true","true","true","32","true","32","true","32","17.636000","17.314900","16.841400","16.254100","15.452300","14.741300","98.730800","98.240000","16.373333","{""m1"":[23903,35556,17009,53471,749,41482,52110,62047,26859,63363,48222,42284,48574,58632,447,26821,12396,28546,61500,9359,27713,28361,62414,1231,12993,64665,56030,1561,53853,23686,44804,41980],""m2"":[51419,53007,16890,58713,61973,56627,39343,5780,59945,53728,49798,7984,32185,13773,46618,52079,54034,38871,4988,23366,17954,26717,54196,16225,50897,21768,1383,6582,23721,28590,47943,17627]}","[40646,39326,22487,28313,44364,2081,17520,49739,51426,5809,36869,35693,9627,39360,33807,28882,44108,59783,36951,49269,32140,52310,6342,48916,16595,48142,2853,15036,52958,23418,51712,46158]","[40646,39326,22487,28313,44364,2081,17520,49739,51426,5809,36869,35693,9627,39360,33807,28882,44108,59783,36951,49269,32140,52310,6342,48916,16595,48142,2853,15036,52958,23418,51712,46158]","[{""label"":""c1=Enc(m1)"",""active_slots"":32,""logical_bits_per_active_slot"":16,""payload_bits_per_block"":512,""ciphertext_size"":2,""chain_index"":6,""fingerprint64"":""0f0acbdebb2f76e3""},{""label"":""c2=Enc(m2)"",""active_slots"":32,""logical_bits_per_active_slot"":16,""payload_bits_per_block"":512,""ciphertext_size"":2,""chain_index"":6,""fingerprint64"":""df78c18a1bfd939e""}]","[23903,35556,17009,53471,749,41482,52110,62047,26859,63363,48222,42284,48574,58632,447,26821,12396,28546,61500,9359,27713,28361,62414,1231,12993,64665,56030,1561,53853,23686,44804,41980]","[51419,53007,16890,58713,61973,56627,39343,5780,59945,53728,49798,7984,32185,13773,46618,52079,54034,38871,4988,23366,17954,26717,54196,16225,50897,21768,1383,6582,23721,28590,47943,17627]","true","ciphertext_artifacts/mul_iter007_c1.seal","1835121","9c551570a3799f8080844127fd9beedb55176a1d655b768393e42c7de84ea905","1835121","9c551570a3799f8080844127fd9beedb55176a1d655b768393e42c7de84ea905","true","true","ciphertext_artifacts/mul_iter007_c2.seal","1835121","749d8bed8f2e4b56733da53daef35cf761eb373321e699af84f89780c2eadf68","1835121","749d8bed8f2e4b56733da53daef35cf761eb373321e699af84f89780c2eadf68","true","true","true","11.426100","11.034100","22.460200","0.002500","1.201400","13.220200","3.211900","3.189900","0.791700","10.421200","2.912100","5.814500","0.658200","7.956800","2.411900","8.020600","0.533800","5.792600","1.907100","9.752900","0.400900","4.028900","1.269600","11.052000","0.266900","2.612900","0.809500","30052745676100","30052763312100","30052745678600","30052746880000","30052760100200","30052763400400","30052780715300","30052766590300","30052767382000","30052777803200","30052780786000","30052797627400","30052786600500","30052787258700","30052795215500","30052797695800","30052813949900","30052805716400","30052806250200","30052812042800","30052814013200","30052829465500","30052823766100","30052824167000","30052828195900","30052829526700","30052844268000","30052840578700","30052840845600","30052843458500","0.608000","157.336800","0","25","total plaintext payload 1024bit; m1/m2 encrypted as c1/c2; each measured step includes operand alignment, multiply, relinearize, and result mod-switch; eval_chain_ms is continuous step1-to-step6 wall time"
"MUL","8","17.571900","17.182700","20.043800","19.063600","15.891700","15.029400","PACKAGE22_mul_100_20260825_142742_621","Multiplication depth6","42","8037997838901812375","1024","128","true","true","true","32","true","32","true","32","17.571900","17.182700","20.043800","19.063600","15.891700","15.029400","105.432600","104.783100","17.463850","{""m1"":[35885,5320,40376,7163,44766,45306,23790,51067,39041,26384,49408,23351,16193,43506,28696,4668,20839,64180,19002,3011,3024,3531,62995,38259,32825,47666,14599,6900,3381,56624,48421,58413],""m2"":[36440,61095,58366,33929,45316,2985,43238,21183,56490,185,11086,31405,5811,2681,62225,33323,24607,29828,909,29538,45364,5750,22031,54803,50677,31361,38163,5101,16573,62011,48880,31920]}","[16731,16429,8560,20495,28238,57043,59496,60439,8890,14872,9183,2104,41714,24934,358,6280,36747,55831,57927,54433,27075,38045,20962,45068,19145,65385,34801,46825,21206,51466,53286,52378]","[16731,16429,8560,20495,28238,57043,59496,60439,8890,14872,9183,2104,41714,24934,358,6280,36747,55831,57927,54433,27075,38045,20962,45068,19145,65385,34801,46825,21206,51466,53286,52378]","[{""label"":""c1=Enc(m1)"",""active_slots"":32,""logical_bits_per_active_slot"":16,""payload_bits_per_block"":512,""ciphertext_size"":2,""chain_index"":6,""fingerprint64"":""31a06e0b58e57f6d""},{""label"":""c2=Enc(m2)"",""active_slots"":32,""logical_bits_per_active_slot"":16,""payload_bits_per_block"":512,""ciphertext_size"":2,""chain_index"":6,""fingerprint64"":""36183eb3169c6c33""}]","[35885,5320,40376,7163,44766,45306,23790,51067,39041,26384,49408,23351,16193,43506,28696,4668,20839,64180,19002,3011,3024,3531,62995,38259,32825,47666,14599,6900,3381,56624,48421,58413]","[36440,61095,58366,33929,45316,2985,43238,21183,56490,185,11086,31405,5811,2681,62225,33323,24607,29828,909,29538,45364,5750,22031,54803,50677,31361,38163,5101,16573,62011,48880,31920]","true","ciphertext_artifacts/mul_iter008_c1.seal","1835121","46c35ea29af5e3c8a191d0376a4905ee12efa4fe7bd9a74b3e5521e1848e316d","1835121","46c35ea29af5e3c8a191d0376a4905ee12efa4fe7bd9a74b3e5521e1848e316d","true","true","ciphertext_artifacts/mul_iter008_c2.seal","1835121","97cde815701ec1844b11e6f6b5d4e1b44554b202ea9aca9f1dcc1f39b53454d2","1835121","97cde815701ec1844b11e6f6b5d4e1b44554b202ea9aca9f1dcc1f39b53454d2","true","true","true","11.606400","11.017600","22.624000","0.002300","1.178400","13.232200","3.159000","3.131400","0.814700","10.373500","2.863100","5.920500","0.656700","10.289100","3.177500","10.217000","0.586500","6.320500","1.939600","10.049900","0.407800","4.137200","1.296800","11.365900","0.271500","2.571100","0.820900","30053599888100","30053617460000","30053599890400","30053601068800","30053614301000","30053617520000","30053634702700","30053620651400","30053621466100","30053631839600","30053634768100","30053654811900","30053640688600","30053641345300","30053651634400","30053655038400","30053674102000","30053665255400","30053665841900","30053672162400","30053674164300","30053690056000","30053684214200","30053684622000","30053688759200","30053690116300","30053705145700","30053701482200","30053701753700","30053704324800","0.619700","165.160900","0","25","total plaintext payload 1024bit; m1/m2 encrypted as c1/c2; each measured step includes operand alignment, multiply, relinearize, and result mod-switch; eval_chain_ms is continuous step1-to-step6 wall time"
"MUL","9","17.612400","17.272100","16.871800","16.393100","15.747300","14.934000","PACKAGE22_mul_100_20260825_142742_621","Multiplication depth6","42","1280216621613588610","1024","128","true","true","true","32","true","32","true","32","17.612400","17.272100","16.871800","16.393100","15.747300","14.934000","99.311300","98.830700","16.471783","{""m1"":[46945,14826,37394,58655,22558,22396,25470,52621,45570,21532,44231,32990,28986,59618,61319,42985,61815,63245,27871,61738,41417,8241,30851,48499,13626,13070,64053,4848,20701,60083,40378,58789],""m2"":[56388,1965,47505,4559,51644,33697,13768,53630,15316,46262,42546,23700,46045,10626,38132,43355,2662,40376,51158,9268,1418,48615,57132,56917,21376,16576,34722,34537,49585,49608,18457,39490]}","[18312,33389,38230,26845,40681,62207,17433,60710,33738,43092,59528,2960,52620,50153,38415,4303,51368,44690,24994,20345,64269,27435,18149,37055,53095,22906,56486,30577,65476,52202,58180,56982]","[18312,33389,38230,26845,40681,62207,17433,60710,33738,43092,59528,2960,52620,50153,38415,4303,51368,44690,24994,20345,64269,27435,18149,37055,53095,22906,56486,30577,65476,52202,58180,56982]","[{""label"":""c1=Enc(m1)"",""active_slots"":32,""logical_bits_per_active_slot"":16,""payload_bits_per_block"":512,""ciphertext_size"":2,""chain_index"":6,""fingerprint64"":""34f9db73fd05906a""},{""label"":""c2=Enc(m2)"",""active_slots"":32,""logical_bits_per_active_slot"":16,""payload_bits_per_block"":512,""ciphertext_size"":2,""chain_index"":6,""fingerprint64"":""a3a383e0a79fac16""}]","[46945,14826,37394,58655,22558,22396,25470,52621,45570,21532,44231,32990,28986,59618,61319,42985,61815,63245,27871,61738,41417,8241,30851,48499,13626,13070,64053,4848,20701,60083,40378,58789]","[56388,1965,47505,4559,51644,33697,13768,53630,15316,46262,42546,23700,46045,10626,38132,43355,2662,40376,51158,9268,1418,48615,57132,56917,21376,16576,34722,34537,49585,49608,18457,39490]","true","ciphertext_artifacts/mul_iter009_c1.seal","1835121","6d97b285a6fddeb6a4588790fac58cf0223eda0cff23d0ae253d0cb110be526d","1835121","6d97b285a6fddeb6a4588790fac58cf0223eda0cff23d0ae253d0cb110be526d","true","true","ciphertext_artifacts/mul_iter009_c2.seal","1835121","55d783910f3bdb04fc07dea8e9a6b6411ce996f98cb24c9358d0dfba2204263a","1835121","55d783910f3bdb04fc07dea8e9a6b6411ce996f98cb24c9358d0dfba2204263a","true","true","true","11.429600","11.045800","22.475400","0.002400","1.181100","13.222000","3.206900","3.213200","0.794400","10.405500","2.859000","5.906300","0.668100","7.937000","2.360400","8.156000","0.537400","5.831800","1.867900","10.013400","0.397500","4.068400","1.268000","11.254800","0.272000","2.609000","0.798200","30054451917200","30054469529600","30054451919600","30054453100700","30054466322700","30054469599800","30054486871900","30054472813000","30054473607400","30054484012900","30054486936100","30054503807900","30054492842400","30054493510500","30054501447500","30054503880700","30054520273800","30054512036700","30054512574100","30054518405900","30054520335000","30054536082300","30054530348400","30054530745900","30054534814300","30054536148200","30054551082200","30054547403000","30054547675000","30054550284000","0.647700","160.737700","0","25","total plaintext payload 1024bit; m1/m2 encrypted as c1/c2; each measured step includes operand alignment, multiply, relinearize, and result mod-switch; eval_chain_ms is continuous step1-to-step6 wall time"
"MUL","10","18.033500","17.491700","20.020500","17.615300","17.465700","15.767700","PACKAGE22_mul_100_20260825_142742_621","Multiplication depth6","42","-5756241856473946899","1024","128","true","true","true","32","true","32","true","32","18.033500","17.491700","20.020500","17.615300","17.465700","15.767700","107.038300","106.394400","17.732400","{""m1"":[59406,59519,41536,25062,565,9206,43034,32382,1356,402,43946,64424,3471,38278,30664,51836,23120,23999,35739,55382,62359,1771,36880,64206,9970,54206,42730,57068,44353,24482,50648,34655],""m2"":[33224,33563,29223,8810,44420,138,15223,62622,15666,6551,22642,17788,9713,49759,56059,36069,62314,34058,25540,24475,4538,62649,59064,62847,23606,47425,5251,28664,7429,18632,25864,35136]}","[23907,9385,36507,52655,31676,59183,2464,45796,54021,23831,60032,44563,56482,33588,33943,44764,43087,60573,51817,27302,35841,63450,45230,33917,55455,14016,7473,28111,5976,63593,12231,10039]","[23907,9385,36507,52655,31676,59183,2464,45796,54021,23831,60032,44563,56482,33588,33943,44764,43087,60573,51817,27302,35841,63450,45230,33917,55455,14016,7473,28111,5976,63593,12231,10039]","[{""label"":""c1=Enc(m1)"",""active_slots"":32,""logical_bits_per_active_slot"":16,""payload_bits_per_block"":512,""ciphertext_size"":2,""chain_index"":6,""fingerprint64"":""e262e774fa1ef9ad""},{""label"":""c2=Enc(m2)"",""active_slots"":32,""logical_bits_per_active_slot"":16,""payload_bits_per_block"":512,""ciphertext_size"":2,""chain_index"":6,""fingerprint64"":""24a3f85ce0b0b887""}]","[59406,59519,41536,25062,565,9206,43034,32382,1356,402,43946,64424,3471,38278,30664,51836,23120,23999,35739,55382,62359,1771,36880,64206,9970,54206,42730,57068,44353,24482,50648,34655]","[33224,33563,29223,8810,44420,138,15223,62622,15666,6551,22642,17788,9713,49759,56059,36069,62314,34058,25540,24475,4538,62649,59064,62847,23606,47425,5251,28664,7429,18632,25864,35136]","true","ciphertext_artifacts/mul_iter010_c1.seal","1835121","4d2dec9afe102c30fd84759f0532a4c383e1057f3aab25098e72ef13d24e6a72","1835121","4d2dec9afe102c30fd84759f0532a4c383e1057f3aab25098e72ef13d24e6a72","true","true","ciphertext_artifacts/mul_iter010_c2.seal","1835121","15db61865689acd07b1112fe674b9a20fda7e2992e398686b4d82bf6d3fc9f82","1835121","15db61865689acd07b1112fe674b9a20fda7e2992e398686b4d82bf6d3fc9f82","true","true","true","11.829200","14.917400","26.746600","0.002400","1.196500","13.579200","3.255400","3.209000","0.809300","10.574700","2.898700","6.016700","0.672600","10.134000","3.197200","8.639900","0.547300","6.294100","2.134000","11.621300","0.408200","4.142500","1.293700","11.731700","0.297600","2.914800","0.823600","30055325246600","30055343280100","30055325249000","30055326445500","30055340024700","30055343348100","30055360839800","30055346557100","30055347366400","30055357941100","30055360913500","30055380934000","30055366930200","30055367602800","30055377736800","30055381003800","30055398619100","30055389643700","30055390191000","30055396485100","30055398833100","30055416298800","30055410454400","30055410862600","30055415005100","30055416361600","30055432129300","30055428093300","30055428390900","30055431305700","0.609800","177.102500","0","25","total plaintext payload 1024bit; m1/m2 encrypted as c1/c2; each measured step includes operand alignment, multiply, relinearize, and result mod-switch; eval_chain_ms is continuous step1-to-step6 wall time"
"MUL","11","19.989700","17.862100","20.529300","17.978600","16.434100","15.081700","PACKAGE22_mul_100_20260825_142742_621","Multiplication depth6","42","5932722030707812568","1024","128","true","true","true","32","true","32","true","32","19.989700","17.862100","20.529300","17.978600","16.434100","15.081700","108.775300","107.875500","17.979250","{""m1"":[13571,52202,35938,63272,686,29866,65504,9078,18374,35912,16775,7867,42749,37951,19511,63913,11699,43808,50417,45088,41143,29583,33991,37617,59631,24604,53049,5909,19284,183,60232,49178],""m2"":[64016,18728,41719,22285,26859,21681,17159,3926,40001,12120,41891,28718,8743,65176,45702,22693,32881,15933,24485,11916,53982,9049,7656,56881,20132,52936,64754,43183,122,57906,15357,1712]}","[23418,29441,54442,9125,25232,50567,29897,27219,30930,49306,65278,64828,56448,14639,33603,26934,49757,10931,43516,25718,63153,33256,32089,52750,62079,21597,42226,52716,58184,16460,60298,54904]","[23418,29441,54442,9125,25232,50567,29897,27219,30930,49306,65278,64828,56448,14639,33603,26934,49757,10931,43516,25718,63153,33256,32089,52750,62079,21597,42226,52716,58184,16460,60298,54904]","[{""label"":""c1=Enc(m1)"",""active_slots"":32,""logical_bits_per_active_slot"":16,""payload_bits_per_block"":512,""ciphertext_size"":2,""chain_index"":6,""fingerprint64"":""be8ea3c20c2e6a18""},{""label"":""c2=Enc(m2)"",""active_slots"":32,""logical_bits_per_active_slot"":16,""payload_bits_per_block"":512,""ciphertext_size"":2,""chain_index"":6,""fingerprint64"":""54f522e9be02c196""}]","[13571,52202,35938,63272,686,29866,65504,9078,18374,35912,16775,7867,42749,37951,19511,63913,11699,43808,50417,45088,41143,29583,33991,37617,59631,24604,53049,5909,19284,183,60232,49178]","[64016,18728,41719,22285,26859,21681,17159,3926,40001,12120,41891,28718,8743,65176,45702,22693,32881,15933,24485,11916,53982,9049,7656,56881,20132,52936,64754,43183,122,57906,15357,1712]","true","ciphertext_artifacts/mul_iter011_c1.seal","1835121","50f33808a2112023050bde5707b5df40e259e1a776fb12ff1c6a532aedcee87b","1835121","50f33808a2112023050bde5707b5df40e259e1a776fb12ff1c6a532aedcee87b","true","true","ciphertext_artifacts/mul_iter011_c2.seal","1835121","7a894226e5abaf4ff63fffe9598e2f669bfbcc0aac7e90b07939075275f16705","1835121","7a894226e5abaf4ff63fffe9598e2f669bfbcc0aac7e90b07939075275f16705","true","true","true","11.662700","11.346400","23.009100","0.004600","1.578400","15.114200","3.292500","3.250600","0.828700","10.682900","3.099900","6.247300","0.704900","10.336900","3.240200","8.776000","0.554200","6.335500","2.312900","10.538900","0.406300","4.179700","1.309200","11.383000","0.272100","2.597100","0.829500","30056243537100","30056263526800","30056243541700","30056245120100","30056260234300","30056263601300","30056281463400","30056266851900","30056267680600","30056278363500","30056281532800","30056302062100","30056287780100","30056288485000","30056298821900","30056302180300","30056320158900","30056310956300","30056311510500","30056317846000","30056320396700","30056336830800","30056330935600","30056331341900","30056335521600","30056336891400","30056351973100","30056348274400","30056348546500","30056351143600","0.620100","172.908900","0","25","total plaintext payload 1024bit; m1/m2 encrypted as c1/c2; each measured step includes operand alignment, multiply, relinearize, and result mod-switch; eval_chain_ms is continuous step1-to-step6 wall time"
"MUL","12","19.986400","17.686100","17.416100","19.785700","18.589300","17.905600","PACKAGE22_mul_100_20260825_142742_621","Multiplication depth6","42","-815489045978698557","1024","128","true","true","true","32","true","32","true","32","19.986400","17.686100","17.416100","19.785700","18.589300","17.905600","112.105400","111.369200","18.561533","{""m1"":[37928,39379,45092,21853,22739,4965,32789,23488,32431,16172,21529,48099,55954,58622,57062,21959,49872,38601,7230,61767,6721,46921,8166,56995,19557,9925,33075,64366,24762,24248,6415,14682],""m2"":[31068,45576,9807,54478,31005,56361,38286,56910,14159,62580,56174,49467,23214,1388,45435,9938,52023,59370,21475,44879,22162,42303,15580,32724,30069,7373,21870,64724,54231,3948,55577,15765]}","[47531,19414,53343,57363,64439,30937,640,29116,52327,29532,59692,45984,46481,55017,56780,59571,51089,8904,17341,27363,65208,27974,61066,15810,51139,54501,2353,41267,2568,6890,48937,46456]","[47531,19414,53343,57363,64439,30937,640,29116,52327,29532,59692,45984,46481,55017,56780,59571,51089,8904,17341,27363,65208,27974,61066,15810,51139,54501,2353,41267,2568,6890,48937,46456]","[{""label"":""c1=Enc(m1)"",""active_slots"":32,""logical_bits_per_active_slot"":16,""payload_bits_per_block"":512,""ciphertext_size"":2,""chain_index"":6,""fingerprint64"":""92006e6fc9cdf122""},{""label"":""c2=Enc(m2)"",""active_slots"":32,""logical_bits_per_active_slot"":16,""payload_bits_per_block"":512,""ciphertext_size"":2,""chain_index"":6,""fingerprint64"":""4ce6d5ef517b92c7""}]","[37928,39379,45092,21853,22739,4965,32789,23488,32431,16172,21529,48099,55954,58622,57062,21959,49872,38601,7230,61767,6721,46921,8166,56995,19557,9925,33075,64366,24762,24248,6415,14682]","[31068,45576,9807,54478,31005,56361,38286,56910,14159,62580,56174,49467,23214,1388,45435,9938,52023,59370,21475,44879,22162,42303,15580,32724,30069,7373,21870,64724,54231,3948,55577,15765]","true","ciphertext_artifacts/mul_iter012_c1.seal","1835121","5ee9043c9354d8fa4f764db620d579e9467b260f0324a33b132591cae313379b","1835121","5ee9043c9354d8fa4f764db620d579e9467b260f0324a33b132591cae313379b","true","true","ciphertext_artifacts/mul_iter012_c2.seal","1835121","befc87015ba325ee8d474c48753eb686b7dd6de0489d08fbc0e6aa13bf4382df","1835121","befc87015ba325ee8d474c48753eb686b7dd6de0489d08fbc0e6aa13bf4382df","true","true","true","12.019600","11.171500","23.191100","0.006100","1.523800","15.178300","3.278200","3.202600","0.808600","10.690800","2.984100","5.965500","0.675100","8.223700","2.551800","8.527300","0.538900","8.408100","2.311400","11.635000","0.417400","4.629900","1.907000","13.237500","0.383500","3.416700","0.867900","30057169603600","30057189590000","30057169609700","30057171133500","30057186311800","30057189655200","30057207341300","30057192857800","30057193666400","30057204357200","30057207405900","30057224822000","30057213371400","30057214046500","30057222270200","30057224890500","30057244676200","30057233417800","30057233956700","30057242364800","30057244755700","30057263345000","30057256390700","30057256808100","30057261438000","30057263443600","30057281349200","30057276681100","30057277064600","30057280481300","0.658900","179.576900","0","25","total plaintext payload 1024bit; m1/m2 encrypted as c1/c2; each measured step includes operand alignment, multiply, relinearize, and result mod-switch; eval_chain_ms is continuous step1-to-step6 wall time"
"MUL","13","17.864100","17.277600","19.495300","20.245800","16.031900","15.112200","PACKAGE22_mul_100_20260825_142742_621","Multiplication depth6","42","-7573269163762634450","1024","128","true","true","true","32","true","32","true","32","17.864100","17.277600","19.495300","20.245800","16.031900","15.112200","106.705900","106.026900","17.671150","{""m1"":[29660,26196,42917,60130,34929,53080,49777,45355,62522,58895,28828,23512,63470,19191,26420,13205,27097,6230,836,18415,51615,31681,8505,49103,62691,4164,43661,40549,49510,54431,6514,44007],""m2"":[29947,16179,7935,56054,64127,5881,32035,64697,21144,7633,5108,33269,41303,44266,5983,39851,43837,4920,17430,13066,28250,44759,12607,44626,25793,54169,40054,34581,57876,3248,21284,13256]}","[2396,4686,53022,14356,53536,23593,45321,20502,19176,29719,14848,45184,31303,37855,8178,17844,51872,5206,30525,45101,10785,46342,9739,31488,19397,23712,5620,35193,3910,5367,41294,32554]","[2396,4686,53022,14356,53536,23593,45321,20502,19176,29719,14848,45184,31303,37855,8178,17844,51872,5206,30525,45101,10785,46342,9739,31488,19397,23712,5620,35193,3910,5367,41294,32554]","[{""label"":""c1=Enc(m1)"",""active_slots"":32,""logical_bits_per_active_slot"":16,""payload_bits_per_block"":512,""ciphertext_size"":2,""chain_index"":6,""fingerprint64"":""97467d8e59163a73""},{""label"":""c2=Enc(m2)"",""active_slots"":32,""logical_bits_per_active_slot"":16,""payload_bits_per_block"":512,""ciphertext_size"":2,""chain_index"":6,""fingerprint64"":""6b3cbcee54c6bad9""}]","[29660,26196,42917,60130,34929,53080,49777,45355,62522,58895,28828,23512,63470,19191,26420,13205,27097,6230,836,18415,51615,31681,8505,49103,62691,4164,43661,40549,49510,54431,6514,44007]","[29947,16179,7935,56054,64127,5881,32035,64697,21144,7633,5108,33269,41303,44266,5983,39851,43837,4920,17430,13066,28250,44759,12607,44626,25793,54169,40054,34581,57876,3248,21284,13256]","true","ciphertext_artifacts/mul_iter013_c1.seal","1835121","fd8b7d2e37e9085838aea4be40d7930f6dc8c0611cfbb78883626ed8ed3b6a3f","1835121","fd8b7d2e37e9085838aea4be40d7930f6dc8c0611cfbb78883626ed8ed3b6a3f","true","true","ciphertext_artifacts/mul_iter013_c2.seal","1835121","d92f55d747f72726160953b7eabd99806d78cfeecd7c1537238638bd0a302033","1835121","d92f55d747f72726160953b7eabd99806d78cfeecd7c1537238638bd0a302033","true","true","true","11.470300","11.058300","22.528600","0.002200","1.178700","13.220300","3.462900","3.169000","0.792000","10.446100","2.870500","5.876000","0.663500","8.155000","4.800800","10.777800","0.596800","6.695600","2.175600","10.182500","0.409900","4.132500","1.307000","11.454700","0.275500","2.573700","0.808300","30058056652500","30058074516600","30058056654700","30058057833400","30058071053700","30058074583000","30058091860600","30058077752000","30058078544000","30058088990100","30058091925100","30058111420400","30058097801100","30058098464600","30058106619600","30058111699800","30058131945600","30058122477600","30058123074400","30058129770000","30058132006800","30058148038700","30058142189300","30058142599200","30058146731700","30058148100700","30058163212900","30058159555400","30058159830900","30058162404600","0.635500","165.354400","0","25","total plaintext payload 1024bit; m1/m2 encrypted as c1/c2; each measured step includes operand alignment, multiply, relinearize, and result mod-switch; eval_chain_ms is continuous step1-to-step6 wall time"
"MUL","14","22.449500","19.501200","17.436600","16.752200","17.028800","18.006500","PACKAGE22_mul_100_20260825_142742_621","Multiplication depth6","42","4125246258239026457","1024","128","true","true","true","32","true","32","true","32","22.449500","19.501200","17.436600","16.752200","17.028800","18.006500","112.193200","111.174800","18.529133","{""m1"":[35963,44597,19508,57613,38199,2780,48325,22719,30608,10600,8479,62501,9884,9622,63478,166,4562,58962,18647,10976,4900,35705,32293,63142,25447,34865,11797,18368,7222,54283,64527,25513],""m2"":[56,9578,7245,21826,12750,27956,5404,7292,53260,43886,26891,11860,62476,47783,39688,8162,13244,25634,35239,6058,41503,17477,19158,17873,8602,64759,33833,51606,56999,12700,17932,5284]}","[20087,49914,57356,31305,59280,64518,46896,60069,54529,23212,44469,8459,31000,54131,18304,333,24479,34087,46641,29141,1279,61739,5968,2278,35199,28501,3840,53696,19238,10500,3300,13591]","[20087,49914,57356,31305,59280,64518,46896,60069,54529,23212,44469,8459,31000,54131,18304,333,24479,34087,46641,29141,1279,61739,5968,2278,35199,28501,3840,53696,19238,10500,3300,13591]","[{""label"":""c1=Enc(m1)"",""active_slots"":32,""logical_bits_per_active_slot"":16,""payload_bits_per_block"":512,""ciphertext_size"":2,""chain_index"":6,""fingerprint64"":""0734587d168adf7b""},{""label"":""c2=Enc(m2)"",""active_slots"":32,""logical_bits_per_active_slot"":16,""payload_bits_per_block"":512,""ciphertext_size"":2,""chain_index"":6,""fingerprint64"":""70b70d205e92aa0a""}]","[35963,44597,19508,57613,38199,2780,48325,22719,30608,10600,8479,62501,9884,9622,63478,166,4562,58962,18647,10976,4900,35705,32293,63142,25447,34865,11797,18368,7222,54283,64527,25513]","[56,9578,7245,21826,12750,27956,5404,7292,53260,43886,26891,11860,62476,47783,39688,8162,13244,25634,35239,6058,41503,17477,19158,17873,8602,64759,33833,51606,56999,12700,17932,5284]","true","ciphertext_artifacts/mul_iter014_c1.seal","1835121","e4b8d02515f1bb6feb73c969a9df62a2cde6abc822982f10dce49331fc79a95a","1835121","e4b8d02515f1bb6feb73c969a9df62a2cde6abc822982f10dce49331fc79a95a","true","true","ciphertext_artifacts/mul_iter014_c2.seal","1835121","da969f439564820a2af98fb0e195754c6f893cafadec47fc8fbaafe7ae8e4352","1835121","da969f439564820a2af98fb0e195754c6f893cafadec47fc8fbaafe7ae8e4352","true","true","true","12.346600","12.803100","25.149700","0.002900","1.217100","16.933300","4.296200","3.801900","0.851100","11.924800","2.923400","6.058100","0.691000","8.252000","2.435500","8.344300","0.563900","5.926600","1.917400","10.468600","0.419800","4.812700","1.327700","13.646900","0.445400","3.037500","0.876700","30058931275000","30058953724500","30058931277900","30058932495000","30058949428300","30058954201600","30058973702800","30058958003500","30058958854600","30058970779400","30058973765900","30058991202500","30058979824000","30058980515000","30058988767000","30058991266600","30059008018800","30058999610900","30059000174800","30059006101400","30059008085100","30059025113900","30059018553700","30059018973500","30059023786200","30059025188900","30059043195400","30059038835800","30059039281200","30059042318700","0.801000","178.299600","0","25","total plaintext payload 1024bit; m1/m2 encrypted as c1/c2; each measured step includes operand alignment, multiply, relinearize, and result mod-switch; eval_chain_ms is continuous step1-to-step6 wall time"
"MUL","15","21.323500","19.675400","20.202400","19.187900","17.022100","16.112300","PACKAGE22_mul_100_20260825_142742_621","Multiplication depth6","42","-2632538257600595708","1024","128","true","true","true","32","true","32","true","32","21.323500","19.675400","20.202400","19.187900","17.022100","16.112300","114.707300","113.523600","18.920600","{""m1"":[25357,24938,59426,13543,15496,6568,32633,55737,19245,56288,4227,38227,50433,14582,3837,642,50218,23115,64672,63689,11732,14378,56626,26899,32374,3572,33804,43829,30938,28256,24778,16068],""m2"":[60135,751,4028,1708,55210,12821,2573,28847,1683,33982,58795,49989,3308,62712,52864,35852,27754,4690,32785,15356,14981,52508,44558,17710,15387,23320,47491,60222,48084,28360,44866,24426]}","[13254,45748,28301,24783,13668,30776,41816,55450,40601,37353,30520,18418,61266,14881,5021,52915,26933,34030,26919,11670,42662,42789,2023,6161,34823,2750,23638,9734,45931,62777,31337,29660]","[13254,45748,28301,24783,13668,30776,41816,55450,40601,37353,30520,18418,61266,14881,5021,52915,26933,34030,26919,11670,42662,42789,2023,6161,34823,2750,23638,9734,45931,62777,31337,29660]","[{""label"":""c1=Enc(m1)"",""active_slots"":32,""logical_bits_per_active_slot"":16,""payload_bits_per_block"":512,""ciphertext_size"":2,""chain_index"":6,""fingerprint64"":""0706a211833c7ec5""},{""label"":""c2=Enc(m2)"",""active_slots"":32,""logical_bits_per_active_slot"":16,""payload_bits_per_block"":512,""ciphertext_size"":2,""chain_index"":6,""fingerprint64"":""2e16c1284ee0a128""}]","[25357,24938,59426,13543,15496,6568,32633,55737,19245,56288,4227,38227,50433,14582,3837,642,50218,23115,64672,63689,11732,14378,56626,26899,32374,3572,33804,43829,30938,28256,24778,16068]","[60135,751,4028,1708,55210,12821,2573,28847,1683,33982,58795,49989,3308,62712,52864,35852,27754,4690,32785,15356,14981,52508,44558,17710,15387,23320,47491,60222,48084,28360,44866,24426]","true","ciphertext_artifacts/mul_iter015_c1.seal","1835121","3c9381702b06c4bca04c822415e62fe29874b1a681ca3864ed333df1b8d8751c","1835121","3c9381702b06c4bca04c822415e62fe29874b1a681ca3864ed333df1b8d8751c","true","true","ciphertext_artifacts/mul_iter015_c2.seal","1835121","96c9d960a3b862adf04e1c67a70ab2ce97e4bc74a6b0dab22849e59ed59d23bc","1835121","96c9d960a3b862adf04e1c67a70ab2ce97e4bc74a6b0dab22849e59ed59d23bc","true","true","true","12.376600","11.466100","23.842700","0.004000","1.916900","15.360600","4.042000","3.432900","0.835800","11.849500","3.557200","7.347300","0.749400","8.989900","3.115800","9.790400","0.621100","6.723600","2.052800","10.815000","0.417300","4.342600","1.447200","12.374400","0.276600","2.613100","0.848200","30059849503600","30059870827100","30059849507600","30059851424500","30059866785100","30059870897500","30059890572900","30059874330400","30059875166200","30059887015700","30059890970900","30059911173300","30059898318200","30059899067600","30059908057500","30059911240200","30059930428100","30059921030600","30059921651700","30059928375300","30059930514500","30059947536600","30059941329500","30059941746800","30059946089400","30059947763000","30059963875300","30059960137400","30059960414000","30059963027100","0.623600","181.573800","0","25","total plaintext payload 1024bit; m1/m2 encrypted as c1/c2; each measured step includes operand alignment, multiply, relinearize, and result mod-switch; eval_chain_ms is continuous step1-to-step6 wall time"
"MUL","16","18.159000","17.409800","21.552100","18.877500","16.010600","15.300500","PACKAGE22_mul_100_20260825_142742_621","Multiplication depth6","42","9025462342794460527","1024","128","true","true","true","32","true","32","true","32","18.159000","17.409800","21.552100","18.877500","16.010600","15.300500","107.956300","107.309500","17.884917","{""m1"":[20644,60332,40013,13305,9485,23999,6569,34777,12288,3008,7504,22185,62874,56931,9812,53834,8120,44950,54927,59339,46824,56231,29221,19004,3245,34710,31917,49249,52371,44568,22249,41243],""m2"":[44779,20435,22325,9584,42815,54946,62609,44563,35630,42297,4371,49479,47436,53706,36633,17589,58856,16031,55633,10748,17475,53042,2205,52143,45081,18374,53894,37956,38865,35944,21762,3537]}","[38851,25871,39642,52900,37786,55576,47569,12317,389,59248,44602,2633,36790,43398,54161,18159,31536,17115,3528,40779,63371,55298,36671,48031,54146,5502,17124,16327,57267,55033,62040,11414]","[38851,25871,39642,52900,37786,55576,47569,12317,389,59248,44602,2633,36790,43398,54161,18159,31536,17115,3528,40779,63371,55298,36671,48031,54146,5502,17124,16327,57267,55033,62040,11414]","[{""label"":""c1=Enc(m1)"",""active_slots"":32,""logical_bits_per_active_slot"":16,""payload_bits_per_block"":512,""ciphertext_size"":2,""chain_index"":6,""fingerprint64"":""71cc6468f652ad23""},{""label"":""c2=Enc(m2)"",""active_slots"":32,""logical_bits_per_active_slot"":16,""payload_bits_per_block"":512,""ciphertext_size"":2,""chain_index"":6,""fingerprint64"":""ab615d75611a4c2f""}]","[20644,60332,40013,13305,9485,23999,6569,34777,12288,3008,7504,22185,62874,56931,9812,53834,8120,44950,54927,59339,46824,56231,29221,19004,3245,34710,31917,49249,52371,44568,22249,41243]","[44779,20435,22325,9584,42815,54946,62609,44563,35630,42297,4371,49479,47436,53706,36633,17589,58856,16031,55633,10748,17475,53042,2205,52143,45081,18374,53894,37956,38865,35944,21762,3537]","true","ciphertext_artifacts/mul_iter016_c1.seal","1835121","726b94919fa66d999ec1ed31c35ba21f826e93cb014a0edcf92e7b62fe0f30e4","1835121","726b94919fa66d999ec1ed31c35ba21f826e93cb014a0edcf92e7b62fe0f30e4","true","true","ciphertext_artifacts/mul_iter016_c2.seal","1835121","aa1c63dcfed4f2c0a5656d7b5daded8b2010055f0ecb08fb68951cab80515013","1835121","aa1c63dcfed4f2c0a5656d7b5daded8b2010055f0ecb08fb68951cab80515013","true","true","true","12.853900","11.323600","24.177500","0.002500","1.185100","13.485200","3.486200","3.187100","0.819900","10.498300","2.904500","6.093600","0.675800","11.628800","3.153900","9.828900","0.581900","6.539200","1.927500","10.049900","0.407200","4.241700","1.311800","11.649900","0.275900","2.559900","0.814800","30060776609000","30060794768000","30060776611500","30060777796600","30060791281800","30060794847300","30060812257100","30060798034400","30060798854300","30060809352600","30060812324300","30060833876400","30060818417900","30060819093700","30060830722500","30060834105900","30060852983400","30060843934800","30060844516700","30060851055900","30060853047500","30060869058100","30060863097400","30060863504600","30060867746300","30060869120700","30060884421200","30060880770600","30060881046500","30060883606400","0.651800","169.115900","0","25","total plaintext payload 1024bit; m1/m2 encrypted as c1/c2; each measured step includes operand alignment, multiply, relinearize, and result mod-switch; eval_chain_ms is continuous step1-to-step6 wall time"
"MUL","17","17.875400","17.514800","16.958600","16.396200","15.616500","14.697400","PACKAGE22_mul_100_20260825_142742_621","Multiplication depth6","42","2276689355537400154","1024","128","true","true","true","32","true","32","true","32","17.875400","17.514800","16.958600","16.396200","15.616500","14.697400","99.540100","99.058900","16.509817","{""m1"":[7092,23598,3075,14355,31389,34541,36009,27137,47559,18647,3097,49142,56483,24366,51428,29560,19174,63453,37931,59218,59696,34713,4870,33452,16102,6752,56639,63912,24659,9848,28417,54960],""m2"":[44744,61627,21129,58368,41679,63677,35225,25719,7502,53435,505,16318,46064,58242,22965,25183,12218,45312,4638,63918,9235,44231,63212,49541,10116,7853,48828,4186,170,40855,64536,55301]}","[5637,1962,41001,54519,4713,59003,37003,24735,50163,13077,43563,4254,33850,522,23430,47672,28096,21265,24887,8243,33624,26585,62272,27671,63657,63347,2091,55334,49609,5205,26585,61242]","[5637,1962,41001,54519,4713,59003,37003,24735,50163,13077,43563,4254,33850,522,23430,47672,28096,21265,24887,8243,33624,26585,62272,27671,63657,63347,2091,55334,49609,5205,26585,61242]","[{""label"":""c1=Enc(m1)"",""active_slots"":32,""logical_bits_per_active_slot"":16,""payload_bits_per_block"":512,""ciphertext_size"":2,""chain_index"":6,""fingerprint64"":""179fa8925fa97a1b""},{""label"":""c2=Enc(m2)"",""active_slots"":32,""logical_bits_per_active_slot"":16,""payload_bits_per_block"":512,""ciphertext_size"":2,""chain_index"":6,""fingerprint64"":""27e6c1282a872d16""}]","[7092,23598,3075,14355,31389,34541,36009,27137,47559,18647,3097,49142,56483,24366,51428,29560,19174,63453,37931,59218,59696,34713,4870,33452,16102,6752,56639,63912,24659,9848,28417,54960]","[44744,61627,21129,58368,41679,63677,35225,25719,7502,53435,505,16318,46064,58242,22965,25183,12218,45312,4638,63918,9235,44231,63212,49541,10116,7853,48828,4186,170,40855,64536,55301]","true","ciphertext_artifacts/mul_iter017_c1.seal","1835121","e9d047a4f8b5ad946c8303425188f1baa4da7c02198de1bed27ab79dcde9ef87","1835121","e9d047a4f8b5ad946c8303425188f1baa4da7c02198de1bed27ab79dcde9ef87","true","true","ciphertext_artifacts/mul_iter017_c2.seal","1835121","8a0c9a0a283c36ace8dfec6dd18b9c008037d8f4a988d0fd4de662a9593ca861","1835121","8a0c9a0a283c36ace8dfec6dd18b9c008037d8f4a988d0fd4de662a9593ca861","true","true","true","14.196800","13.328000","27.524800","0.002400","1.192000","13.449400","3.231600","3.175800","0.794900","10.533800","3.010300","5.858300","0.660700","8.002800","2.436800","8.096800","0.528000","5.881400","1.890000","9.840200","0.395700","4.086900","1.293700","11.116400","0.265000","2.516200","0.799800","30061687866000","30061705741400","30061687868400","30061689060400","30061702509800","30061705805500","30061723320300","30061708981300","30061709776200","30061720310000","30061723385800","30061740344400","30061729244100","30061729904800","30061737907600","30061740407300","30061756803500","30061748504100","30061749032100","30061754913500","30061756873100","30061772489600","30061766713300","30061767109000","30061771195900","30061772549100","30061787246500","30061783665500","30061783930500","30061786446700","0.645200","168.275400","0","25","total plaintext payload 1024bit; m1/m2 encrypted as c1/c2; each measured step includes operand alignment, multiply, relinearize, and result mod-switch; eval_chain_ms is continuous step1-to-step6 wall time"
"MUL","18","19.651700","17.645900","17.233900","16.739700","20.415700","16.809000","PACKAGE22_mul_100_20260825_142742_621","Multiplication depth6","42","-9092214921668147899","1024","128","true","true","true","32","true","32","true","32","19.651700","17.645900","17.233900","16.739700","20.415700","16.809000","109.234800","108.495900","18.082650","{""m1"":[45683,29612,4035,33531,23393,46929,13938,7198,21050,9611,28830,20990,15557,52758,36215,11762,65531,597,13691,18352,29986,58017,19813,10179,20450,39345,26312,31069,43493,60465,20085,36663],""m2"":[43297,60569,7078,7751,44659,62649,57570,39457,31147,5418,51393,38004,47351,14046,36251,62961,32796,61422,62051,252,5748,50473,49247,24770,52866,42176,248,62683,10346,53375,13796,21278]}","[13073,46497,47360,33644,59385,1846,55113,23196,45385,20804,36742,12676,33569,41403,15029,15700,17043,3342,12446,9790,21009,11007,46767,40467,4765,56954,51852,28250,22361,60557,59157,29370]","[13073,46497,47360,33644,59385,1846,55113,23196,45385,20804,36742,12676,33569,41403,15029,15700,17043,3342,12446,9790,21009,11007,46767,40467,4765,56954,51852,28250,22361,60557,59157,29370]","[{""label"":""c1=Enc(m1)"",""active_slots"":32,""logical_bits_per_active_slot"":16,""payload_bits_per_block"":512,""ciphertext_size"":2,""chain_index"":6,""fingerprint64"":""3edb2af8c4d014db""},{""label"":""c2=Enc(m2)"",""active_slots"":32,""logical_bits_per_active_slot"":16,""payload_bits_per_block"":512,""ciphertext_size"":2,""chain_index"":6,""fingerprint64"":""fbd43afb756512b2""}]","[45683,29612,4035,33531,23393,46929,13938,7198,21050,9611,28830,20990,15557,52758,36215,11762,65531,597,13691,18352,29986,58017,19813,10179,20450,39345,26312,31069,43493,60465,20085,36663]","[43297,60569,7078,7751,44659,62649,57570,39457,31147,5418,51393,38004,47351,14046,36251,62961,32796,61422,62051,252,5748,50473,49247,24770,52866,42176,248,62683,10346,53375,13796,21278]","true","ciphertext_artifacts/mul_iter018_c1.seal","1835121","ae23ab2f2d5c68e58b34e7350ef945f76f1148c2d350ff74c2125a66ebde1718","1835121","ae23ab2f2d5c68e58b34e7350ef945f76f1148c2d350ff74c2125a66ebde1718","true","true","ciphertext_artifacts/mul_iter018_c2.seal","1835121","70825c158cdb800d39fb8f912531ce0ccb4a3c0463f7597c64efccaffff8fa02","1835121","70825c158cdb800d39fb8f912531ce0ccb4a3c0463f7597c64efccaffff8fa02","true","true","true","11.853400","13.861400","25.714800","0.002900","1.268300","15.112600","3.267900","3.231100","0.812000","10.656400","2.946400","5.941800","0.681200","8.181600","2.429300","8.273400","0.545500","5.982300","1.938500","14.468500","0.415500","4.171500","1.360200","12.859400","0.294300","2.805000","0.850300","30062563644600","30062583296300","30062563647500","30062564915800","30062580028400","30062583367900","30062601013800","30062586599000","30062587411000","30062598067400","30062601075400","30062618309300","30062607017200","30062607698400","30062615880000","30062618377100","30062635116800","30062626650500","30062627196000","30062633178300","30062635180900","30062655596600","30062649649400","30062650064900","30062654236400","30062655665900","30062672474900","30062668525300","30062668819600","30062671624600","0.851700","179.844800","0","25","total plaintext payload 1024bit; m1/m2 encrypted as c1/c2; each measured step includes operand alignment, multiply, relinearize, and result mod-switch; eval_chain_ms is continuous step1-to-step6 wall time"
"MUL","19","17.693100","18.011000","19.793900","18.533500","19.511700","17.169900","PACKAGE22_mul_100_20260825_142742_621","Multiplication depth6","42","2317508265175239088","1024","128","true","true","true","32","true","32","true","32","17.693100","18.011000","19.793900","18.533500","19.511700","17.169900","111.372000","110.713100","18.452183","{""m1"":[26068,28598,46936,3681,50352,22684,36183,4318,63142,30604,10073,51342,21636,9102,19695,16551,13175,15324,26095,14912,14288,16819,62205,28988,13020,47461,29343,42598,19029,10906,55138,51348],""m2"":[22820,60729,292,10035,5495,11540,7028,16072,64126,37857,54762,37367,54663,52519,259,30368,25355,30891,56834,16483,17388,35361,47725,38035,8780,17147,39079,14230,16808,2155,23554,40404]}","[60834,52259,4358,45671,44448,49173,2753,41639,45459,17908,9490,23512,41213,22938,18794,60133,29813,62850,14371,49442,46617,59712,47957,56218,36299,16146,23071,15415,62454,54181,2800,21667]","[60834,52259,4358,45671,44448,49173,2753,41639,45459,17908,9490,23512,41213,22938,18794,60133,29813,62850,14371,49442,46617,59712,47957,56218,36299,16146,23071,15415,62454,54181,2800,21667]","[{""label"":""c1=Enc(m1)"",""active_slots"":32,""logical_bits_per_active_slot"":16,""payload_bits_per_block"":512,""ciphertext_size"":2,""chain_index"":6,""fingerprint64"":""5477060c45c25d46""},{""label"":""c2=Enc(m2)"",""active_slots"":32,""logical_bits_per_active_slot"":16,""payload_bits_per_block"":512,""ciphertext_size"":2,""chain_index"":6,""fingerprint64"":""f8b4acf63ed588e4""}]","[26068,28598,46936,3681,50352,22684,36183,4318,63142,30604,10073,51342,21636,9102,19695,16551,13175,15324,26095,14912,14288,16819,62205,28988,13020,47461,29343,42598,19029,10906,55138,51348]","[22820,60729,292,10035,5495,11540,7028,16072,64126,37857,54762,37367,54663,52519,259,30368,25355,30891,56834,16483,17388,35361,47725,38035,8780,17147,39079,14230,16808,2155,23554,40404]","true","ciphertext_artifacts/mul_iter019_c1.seal","1835121","59d78907b8db0d5ad2a94d53c9d52a764f98d82c33ae9efddabd7628f927a677","1835121","59d78907b8db0d5ad2a94d53c9d52a764f98d82c33ae9efddabd7628f927a677","true","true","ciphertext_artifacts/mul_iter019_c2.seal","1835121","78590fc1910420f047910dbc708575322954db435ed2ef169e491fd89e12f0b7","1835121","78590fc1910420f047910dbc708575322954db435ed2ef169e491fd89e12f0b7","true","true","true","12.827200","11.997300","24.824500","0.002300","1.182300","13.286600","3.221900","3.203200","0.790500","10.741400","3.275900","8.086100","0.700200","8.476600","2.531000","10.052300","0.543800","5.981800","1.955600","12.586000","0.610600","4.880000","1.435100","13.481500","0.273000","2.587300","0.828100","30063486254700","30063503947800","30063486257000","30063487439300","30063500725900","30063504020100","30063522031100","30063507223300","30063508013800","30063518755200","30063522103600","30063541897500","30063530189700","30063530889900","30063539366500","30063542112600","30063560646100","30063552164900","30063552708700","30063558690500","30063560710600","30063580222300","30063573296600","30063573907200","30063578787200","30063580300600","30063597470500","30063593782100","30063594055100","30063596642400","0.614400","172.120500","0","25","total plaintext payload 1024bit; m1/m2 encrypted as c1/c2; each measured step includes operand alignment, multiply, relinearize, and result mod-switch; eval_chain_ms is continuous step1-to-step6 wall time"
"MUL","20","18.366200","17.670700","17.131400","20.127600","17.857500","18.373000","PACKAGE22_mul_100_20260825_142742_621","Multiplication depth6","42","-4439709461009150565","1024","128","true","true","true","32","true","32","true","32","18.366200","17.670700","17.131400","20.127600","17.857500","18.373000","110.188900","109.526400","18.254400","{""m1"":[51471,39656,58200,39335,9095,1840,63867,61734,12587,47708,35862,31886,983,39141,33912,62618,50994,30743,3079,46166,57477,59680,46949,4259,57136,52292,62286,35072,46277,27307,25640,24446],""m2"":[35070,19466,33536,49562,5083,1016,23748,19268,45756,23883,25469,37355,32265,55922,45824,31360,32525,49360,16120,19817,34552,10923,15333,40276,15474,12086,6974,25022,44891,19478,60597,39086]}","[25348,23313,29260,40074,45448,54471,7203,35162,30152,32685,5510,63274,37611,35908,5978,24580,34975,24905,1731,51402,36945,44645,44879,59041,39781,4316,49669,11563,38655,46519,22435,61890]","[25348,23313,29260,40074,45448,54471,7203,35162,30152,32685,5510,63274,37611,35908,5978,24580,34975,24905,1731,51402,36945,44645,44879,59041,39781,4316,49669,11563,38655,46519,22435,61890]","[{""label"":""c1=Enc(m1)"",""active_slots"":32,""logical_bits_per_active_slot"":16,""payload_bits_per_block"":512,""ciphertext_size"":2,""chain_index"":6,""fingerprint64"":""3f2d0e25e8e8090d""},{""label"":""c2=Enc(m2)"",""active_slots"":32,""logical_bits_per_active_slot"":16,""payload_bits_per_block"":512,""ciphertext_size"":2,""chain_index"":6,""fingerprint64"":""5f471369c4d66053""}]","[51471,39656,58200,39335,9095,1840,63867,61734,12587,47708,35862,31886,983,39141,33912,62618,50994,30743,3079,46166,57477,59680,46949,4259,57136,52292,62286,35072,46277,27307,25640,24446]","[35070,19466,33536,49562,5083,1016,23748,19268,45756,23883,25469,37355,32265,55922,45824,31360,32525,49360,16120,19817,34552,10923,15333,40276,15474,12086,6974,25022,44891,19478,60597,39086]","true","ciphertext_artifacts/mul_iter020_c1.seal","1835121","fe98f2bf3fa1b27e6be548fdbaba40f24132ebd3abf48d3e69302e87f37981d6","1835121","fe98f2bf3fa1b27e6be548fdbaba40f24132ebd3abf48d3e69302e87f37981d6","true","true","ciphertext_artifacts/mul_iter020_c2.seal","1835121","d045092d308d82e389f2a2f9abd9745dcd4ca76153507ba9c00041483c7ed95a","1835121","d045092d308d82e389f2a2f9abd9745dcd4ca76153507ba9c00041483c7ed95a","true","true","true","11.579800","15.189100","26.768900","0.002200","1.277800","13.763200","3.323000","3.219500","0.844900","10.642100","2.964200","5.992100","0.710200","8.019500","2.409600","8.523300","0.586100","7.112900","3.905300","11.477300","0.451300","4.498200","1.430700","14.266600","0.320500","2.938300","0.847600","30064397734800","30064416101000","30064397737000","30064399014800","30064412778000","30064416165500","30064433836200","30064419385000","30064420229900","30064430872000","30064433903600","30064451035000","30064439895700","30064440605900","30064448625400","30064451101800","30064471229400","30064459625100","30064460211200","30064467324100","30064471299500","30064489157000","30064482776800","30064483228100","30064487726300","30064489373000","30064507746000","30064503639600","30064503960100","30064506898400","0.796800","182.153000","0","25","total plaintext payload 1024bit; m1/m2 encrypted as c1/c2; each measured step includes operand alignment, multiply, relinearize, and result mod-switch; eval_chain_ms is continuous step1-to-step6 wall time"
"MUL","21","17.665200","17.609600","21.726200","17.115900","16.045800","15.239200","PACKAGE22_mul_100_20260825_142742_621","Multiplication depth6","42","7258542069610074502","1024","128","true","true","true","32","true","32","true","32","17.665200","17.609600","21.726200","17.115900","16.045800","15.239200","105.918800","105.401900","17.566983","{""m1"":[64349,20472,1470,35754,40490,18138,283,15496,21838,30108,18138,49535,53315,6359,43591,38982,26474,12866,44893,19081,9837,6581,45103,50139,8097,28345,53958,19589,19264,33933,9126,11379],""m2"":[11527,14454,4877,47073,1416,12054,25993,61810,31360,54956,38524,21723,11072,59322,8562,41370,12480,14796,21098,42301,23899,18562,38503,40852,3316,49666,57994,43548,7395,12217,26237,6127]}","[1116,7562,21859,57031,12204,48771,7564,43178,59408,44875,10259,17956,47434,16414,27434,36050,208,5820,57657,33443,61922,7063,24839,13536,3880,14885,23849,65015,56127,12283,24419,24200]","[1116,7562,21859,57031,12204,48771,7564,43178,59408,44875,10259,17956,47434,16414,27434,36050,208,5820,57657,33443,61922,7063,24839,13536,3880,14885,23849,65015,56127,12283,24419,24200]","[{""label"":""c1=Enc(m1)"",""active_slots"":32,""logical_bits_per_active_slot"":16,""payload_bits_per_block"":512,""ciphertext_size"":2,""chain_index"":6,""fingerprint64"":""7a8d2e623607bc08""},{""label"":""c2=Enc(m2)"",""active_slots"":32,""logical_bits_per_active_slot"":16,""payload_bits_per_block"":512,""ciphertext_size"":2,""chain_index"":6,""fingerprint64"":""53d8ca4bb2b5be98""}]","[64349,20472,1470,35754,40490,18138,283,15496,21838,30108,18138,49535,53315,6359,43591,38982,26474,12866,44893,19081,9837,6581,45103,50139,8097,28345,53958,19589,19264,33933,9126,11379]","[11527,14454,4877,47073,1416,12054,25993,61810,31360,54956,38524,21723,11072,59322,8562,41370,12480,14796,21098,42301,23899,18562,38503,40852,3316,49666,57994,43548,7395,12217,26237,6127]","true","ciphertext_artifacts/mul_iter021_c1.seal","1835121","919f1dde22e19ec1cf86e2044f7ccd90fb59986f787284c957802eddd9aa50d1","1835121","919f1dde22e19ec1cf86e2044f7ccd90fb59986f787284c957802eddd9aa50d1","true","true","ciphertext_artifacts/mul_iter021_c2.seal","1835121","eb86775308e7264b1157c1767b486a7e1612693b78e031330c92bd9949a33b54","1835121","eb86775308e7264b1157c1767b486a7e1612693b78e031330c92bd9949a33b54","true","true","true","11.788200","11.165300","22.953500","0.002500","1.172100","13.250600","3.240000","3.153300","0.788200","10.608200","3.059900","8.336700","0.759800","9.730800","2.898900","8.635200","0.545300","6.002800","1.932600","10.204200","0.407200","4.128600","1.305800","11.490100","0.271400","2.599500","0.878200","30065295013500","30065312678700","30065295016000","30065296188100","30065309438700","30065312741500","30065330351100","30065315894800","30065316683000","30065327291200","30065330420600","30065352146800","30065338757300","30065339517100","30065349247900","30065352214200","30065369330100","30065360849400","30065361394700","30065367397500","30065369441200","30065385487000","30065379645400","30065380052600","30065384181200","30065385545200","30065400784400","30065397035300","30065397306700","30065399906200","0.631700","165.062600","0","25","total plaintext payload 1024bit; m1/m2 encrypted as c1/c2; each measured step includes operand alignment, multiply, relinearize, and result mod-switch; eval_chain_ms is continuous step1-to-step6 wall time"
"MUL","22","18.097800","17.785100","20.519500","19.037500","15.933100","15.080400","PACKAGE22_mul_100_20260825_142742_621","Multiplication depth6","42","500757493642483185","1024","128","true","true","true","32","true","32","true","32","18.097800","17.785100","20.519500","19.037500","15.933100","15.080400","107.127600","106.453400","17.742233","{""m1"":[58835,32655,4637,1885,26121,60814,61971,38210,28990,58782,45232,23442,17853,45683,9260,56706,44026,63514,57305,60847,16235,38260,43021,55174,24029,19341,1617,21708,60889,37178,41229,5995],""m2"":[4452,33947,36002,55162,57436,57367,43072,5960,6218,32528,10877,25600,60798,59635,64936,16801,1970,2508,22475,26595,49810,65251,8374,18148,19135,50927,26321,21292,59007,9224,32883,1996]}","[14360,18914,59642,52166,16302,41496,21723,6606,43295,31368,53731,58185,2444,38658,16500,43579,45278,53676,39474,56674,15252,38738,27406,64707,17665,12852,35889,28814,12769,4095,5679,48676]","[14360,18914,59642,52166,16302,41496,21723,6606,43295,31368,53731,58185,2444,38658,16500,43579,45278,53676,39474,56674,15252,38738,27406,64707,17665,12852,35889,28814,12769,4095,5679,48676]","[{""label"":""c1=Enc(m1)"",""active_slots"":32,""logical_bits_per_active_slot"":16,""payload_bits_per_block"":512,""ciphertext_size"":2,""chain_index"":6,""fingerprint64"":""775af9572d14caf1""},{""label"":""c2=Enc(m2)"",""active_slots"":32,""logical_bits_per_active_slot"":16,""payload_bits_per_block"":512,""ciphertext_size"":2,""chain_index"":6,""fingerprint64"":""e23a3676f28df71f""}]","[58835,32655,4637,1885,26121,60814,61971,38210,28990,58782,45232,23442,17853,45683,9260,56706,44026,63514,57305,60847,16235,38260,43021,55174,24029,19341,1617,21708,60889,37178,41229,5995]","[4452,33947,36002,55162,57436,57367,43072,5960,6218,32528,10877,25600,60798,59635,64936,16801,1970,2508,22475,26595,49810,65251,8374,18148,19135,50927,26321,21292,59007,9224,32883,1996]","true","ciphertext_artifacts/mul_iter022_c1.seal","1835121","0b8a6ba0aa7192866d3b436b153ee410585245aca3a5b75ecb80ad6b5edccb7e","1835121","0b8a6ba0aa7192866d3b436b153ee410585245aca3a5b75ecb80ad6b5edccb7e","true","true","ciphertext_artifacts/mul_iter022_c2.seal","1835121","a74fc052e4ce15531bfd893c55451ef80ea09632cf987484c7933f78bd7bcaee","1835121","a74fc052e4ce15531bfd893c55451ef80ea09632cf987484c7933f78bd7bcaee","true","true","true","11.557400","12.032500","23.589900","0.002300","1.183800","13.624500","3.287200","3.255100","0.811100","10.779100","2.939800","6.083200","0.673200","10.410500","3.352600","9.875500","0.582800","6.649700","1.929500","10.085700","0.413700","4.111400","1.322300","11.395900","0.276300","2.583300","0.824900","30066229328300","30066247426100","30066229330600","30066230514400","30066244138900","30066247497800","30066265282900","30066250752900","30066251564000","30066262343100","30066265353300","30066285872800","30066271436500","30066272109700","30066282520200","30066286095100","30066305132600","30066295970600","30066296553400","30066303203100","30066305199600","30066321132700","30066315285300","30066315699000","30066319810400","30066321211300","30066336291700","30066332607200","30066332883500","30066335466800","0.611600","179.346000","0","25","total plaintext payload 1024bit; m1/m2 encrypted as c1/c2; each measured step includes operand alignment, multiply, relinearize, and result mod-switch; eval_chain_ms is continuous step1-to-step6 wall time"
"MUL","23","21.697600","20.375600","18.300700","17.080800","20.623600","16.648600","PACKAGE22_mul_100_20260825_142742_621","Multiplication depth6","42","-6283482371455231524","1024","128","true","true","true","32","true","32","true","32","21.697600","20.375600","18.300700","17.080800","20.623600","16.648600","115.607600","114.726900","19.121150","{""m1"":[48850,12831,28837,64110,2567,57820,25025,9586,38096,51317,17523,35633,3882,27034,41123,25967,57986,53248,50982,59555,14755,32872,35227,59480,59669,23915,25015,59670,37922,159,22117,3701],""m2"":[338,14082,3896,45439,47055,63658,9840,11363,60737,15609,32100,58453,16530,3251,58759,18740,29460,3721,7145,7466,59605,27677,60720,36422,50872,44387,37667,9440,26812,33697,47083,36693]}","[52141,57922,53792,55895,59108,48490,53252,42188,41294,22698,15678,44832,36268,33211,37118,49955,48888,12375,20955,27215,6229,14620,63742,11152,26267,18197,8754,24780,10362,62485,8591,50302]","[52141,57922,53792,55895,59108,48490,53252,42188,41294,22698,15678,44832,36268,33211,37118,49955,48888,12375,20955,27215,6229,14620,63742,11152,26267,18197,8754,24780,10362,62485,8591,50302]","[{""label"":""c1=Enc(m1)"",""active_slots"":32,""logical_bits_per_active_slot"":16,""payload_bits_per_block"":512,""ciphertext_size"":2,""chain_index"":6,""fingerprint64"":""5db6bede1a470bea""},{""label"":""c2=Enc(m2)"",""active_slots"":32,""logical_bits_per_active_slot"":16,""payload_bits_per_block"":512,""ciphertext_size"":2,""chain_index"":6,""fingerprint64"":""647afcdbd453dd3b""}]","[48850,12831,28837,64110,2567,57820,25025,9586,38096,51317,17523,35633,3882,27034,41123,25967,57986,53248,50982,59555,14755,32872,35227,59480,59669,23915,25015,59670,37922,159,22117,3701]","[338,14082,3896,45439,47055,63658,9840,11363,60737,15609,32100,58453,16530,3251,58759,18740,29460,3721,7145,7466,59605,27677,60720,36422,50872,44387,37667,9440,26812,33697,47083,36693]","true","ciphertext_artifacts/mul_iter023_c1.seal","1835121","cf5cb5b8559d17e18490e51f1132bcb957207ac137ff184f56c8da2303f27cda","1835121","cf5cb5b8559d17e18490e51f1132bcb957207ac137ff184f56c8da2303f27cda","true","true","ciphertext_artifacts/mul_iter023_c2.seal","1835121","e0fde10bb221bf4a4e7b602c196077cc46c8c2132b1815e404a49c807aae7368","1835121","e0fde10bb221bf4a4e7b602c196077cc46c8c2132b1815e404a49c807aae7368","true","true","true","12.835200","11.358100","24.193300","0.002800","1.219100","16.103600","4.372100","3.907100","0.906800","12.027600","3.534100","6.913200","0.676100","8.200800","2.510600","8.454600","0.543900","6.066700","2.015600","13.501200","0.413900","4.645500","2.063000","12.956200","0.272600","2.603900","0.815900","30067134806800","30067156504400","30067134809600","30067136028700","30067152132300","30067156602900","30067176978500","30067160510000","30067161416800","30067173444400","30067177230600","30067195531300","30067184143800","30067184819900","30067193020700","30067195602600","30067212683400","30067204057200","30067204601100","30067210667800","30067212751500","30067233375100","30067226252700","30067226666600","30067231312100","30067233592800","30067250241400","30067246549000","30067246821600","30067249425500","0.616800","176.278600","0","25","total plaintext payload 1024bit; m1/m2 encrypted as c1/c2; each measured step includes operand alignment, multiply, relinearize, and result mod-switch; eval_chain_ms is continuous step1-to-step6 wall time"
"MUL","24","18.908200","17.853200","17.094800","16.630500","19.051600","16.505100","PACKAGE22_mul_100_20260825_142742_621","Multiplication depth6","42","5405463983684705735","1024","128","true","true","true","32","true","32","true","32","18.908200","17.853200","17.094800","16.630500","19.051600","16.505100","106.750000","106.043400","17.673900","{""m1"":[6272,34660,29016,2791,43187,32183,16818,35813,52582,8043,19428,38984,13639,31986,62307,7714,29556,23844,50411,25515,10163,22870,53949,45160,18060,7175,50203,27604,4201,42728,15081,4712],""m2"":[25356,63243,51960,51418,24527,58605,18736,35064,65521,43408,19736,11274,23411,56799,18105,31216,35812,34884,17147,4820,31431,53057,4761,2416,21112,64028,27640,62014,28214,48359,17436,50147]}","[41207,20988,40412,42856,30694,51227,35766,11951,40996,37494,36393,15747,660,45039,50286,7897,39609,58409,15077,65141,32356,42278,29020,41619,7457,28853,3684,6566,37274,38611,42525,56795]","[41207,20988,40412,42856,30694,51227,35766,11951,40996,37494,36393,15747,660,45039,50286,7897,39609,58409,15077,65141,32356,42278,29020,41619,7457,28853,3684,6566,37274,38611,42525,56795]","[{""label"":""c1=Enc(m1)"",""active_slots"":32,""logical_bits_per_active_slot"":16,""payload_bits_per_block"":512,""ciphertext_size"":2,""chain_index"":6,""fingerprint64"":""e6297f9da5cff848""},{""label"":""c2=Enc(m2)"",""active_slots"":32,""logical_bits_per_active_slot"":16,""payload_bits_per_block"":512,""ciphertext_size"":2,""chain_index"":6,""fingerprint64"":""28e1be798921b9d3""}]","[6272,34660,29016,2791,43187,32183,16818,35813,52582,8043,19428,38984,13639,31986,62307,7714,29556,23844,50411,25515,10163,22870,53949,45160,18060,7175,50203,27604,4201,42728,15081,4712]","[25356,63243,51960,51418,24527,58605,18736,35064,65521,43408,19736,11274,23411,56799,18105,31216,35812,34884,17147,4820,31431,53057,4761,2416,21112,64028,27640,62014,28214,48359,17436,50147]","true","ciphertext_artifacts/mul_iter024_c1.seal","1835121","469bf36578d6ae869d828562fbc8eb041b4ccbee64eef39387a9816c5a3b6ed6","1835121","469bf36578d6ae869d828562fbc8eb041b4ccbee64eef39387a9816c5a3b6ed6","true","true","ciphertext_artifacts/mul_iter024_c2.seal","1835121","5d0cb21b9031bc2ceee35662752db261343ce5f3abeb6200ca41af659c374363","1835121","5d0cb21b9031bc2ceee35662752db261343ce5f3abeb6200ca41af659c374363","true","true","true","11.500600","11.116900","22.617500","0.004100","1.510400","14.085600","3.308100","3.235300","0.820100","10.834900","2.962900","6.062200","0.678200","7.986500","2.367900","8.242000","0.527600","5.904000","1.956900","12.307100","0.450700","4.887600","1.406200","12.344500","0.299100","3.009500","0.852000","30068043025300","30068061933500","30068043029400","30068044539800","30068058625400","30068062002900","30068079856100","30068065238200","30068066058300","30068076893200","30068079927300","30068097022100","30068085989500","30068086667700","30068094654200","30068097092300","30068113722800","30068105334300","30068105861900","30068111765900","30068113795600","30068132847200","30068126102700","30068126553400","30068131441000","30068132941500","30068149446600","30068145286000","30068145585100","30068148594600","0.775400","169.927800","0","25","total plaintext payload 1024bit; m1/m2 encrypted as c1/c2; each measured step includes operand alignment, multiply, relinearize, and result mod-switch; eval_chain_ms is continuous step1-to-step6 wall time"
"MUL","25","17.820000","17.353000","16.988500","16.470200","15.725800","14.792000","PACKAGE22_mul_100_20260825_142742_621","Multiplication depth6","42","-1342747084435201486","1024","128","true","true","true","32","true","32","true","32","17.820000","17.353000","16.988500","16.470200","15.725800","14.792000","99.683000","99.149500","16.524917","{""m1"":[24908,24260,47555,60943,57103,47943,3168,54387,61828,57522,45731,52418,57426,49687,54306,9997,25304,46386,257,2730,5623,25084,50765,23442,58983,39241,14951,3898,34381,28997,44893,19414],""m2"":[11674,33990,39975,35206,48018,11264,35072,18408,10019,16653,46937,2400,58560,7157,63425,611,44284,30368,64872,47331,46836,34069,26847,61660,29437,4924,16891,24217,11847,37101,64702,34451]}","[52619,56843,48671,58199,50715,17033,8213,9691,33050,14162,38991,47886,59374,55298,8022,1481,9445,16840,60424,3581,3640,36817,37049,16335,711,45371,29776,59342,11764,9207,35351,43013]","[52619,56843,48671,58199,50715,17033,8213,9691,33050,14162,38991,47886,59374,55298,8022,1481,9445,16840,60424,3581,3640,36817,37049,16335,711,45371,29776,59342,11764,9207,35351,43013]","[{""label"":""c1=Enc(m1)"",""active_slots"":32,""logical_bits_per_active_slot"":16,""payload_bits_per_block"":512,""ciphertext_size"":2,""chain_index"":6,""fingerprint64"":""de1bb0cf4ddfe662""},{""label"":""c2=Enc(m2)"",""active_slots"":32,""logical_bits_per_active_slot"":16,""payload_bits_per_block"":512,""ciphertext_size"":2,""chain_index"":6,""fingerprint64"":""8f114006ec0fc92c""}]","[24908,24260,47555,60943,57103,47943,3168,54387,61828,57522,45731,52418,57426,49687,54306,9997,25304,46386,257,2730,5623,25084,50765,23442,58983,39241,14951,3898,34381,28997,44893,19414]","[11674,33990,39975,35206,48018,11264,35072,18408,10019,16653,46937,2400,58560,7157,63425,611,44284,30368,64872,47331,46836,34069,26847,61660,29437,4924,16891,24217,11847,37101,64702,34451]","true","ciphertext_artifacts/mul_iter025_c1.seal","1835121","d6b88ebf318d19d843492ae51b25bfb93722f2c1fddf9f925837370058482b11","1835121","d6b88ebf318d19d843492ae51b25bfb93722f2c1fddf9f925837370058482b11","true","true","ciphertext_artifacts/mul_iter025_c2.seal","1835121","6b3264e5e5819f63e2257281668759bb5a75f274f580b134fc465589c972005f","1835121","6b3264e5e5819f63e2257281668759bb5a75f274f580b134fc465589c972005f","true","true","true","11.444600","11.187700","22.632300","0.002400","1.173400","13.368800","3.275400","3.227500","0.799300","10.429100","2.897100","6.001300","0.659600","7.951500","2.376100","8.224400","0.527800","5.806300","1.911700","10.039500","0.396000","4.011600","1.278700","11.244300","0.266100","2.475800","0.805800","30068906486200","30068924306200","30068906488600","30068907662000","30068921030800","30068924373400","30068941726400","30068927600900","30068928400200","30068938829300","30068941788800","30068958777300","30068947790100","30068948449700","30068956401200","30068958841500","30068975311700","30068967065900","30068967593700","30068973400000","30068975424800","30068991150600","30068985464300","30068985860300","30068989871900","30068991216100","30069006008100","30069002460400","30069002726500","30069005202300","0.628200","158.150500","0","25","total plaintext payload 1024bit; m1/m2 encrypted as c1/c2; each measured step includes operand alignment, multiply, relinearize, and result mod-switch; eval_chain_ms is continuous step1-to-step6 wall time"
"MUL","26","18.286500","17.502600","18.650700","17.128800","16.043300","15.294100","PACKAGE22_mul_100_20260825_142742_621","Multiplication depth6","42","-8100527193620552163","1024","128","true","true","true","32","true","32","true","32","18.286500","17.502600","18.650700","17.128800","16.043300","15.294100","103.454600","102.906000","17.151000","{""m1"":[64248,29479,2893,48956,33306,59485,48653,31179,62847,5656,18284,23623,49017,2868,61617,49004,22460,25895,27256,26395,55080,728,52832,34196,56817,15341,30551,31161,46628,60664,44700,43291],""m2"":[19821,41337,44967,19214,45832,37002,16231,12478,64454,45022,65090,26601,17312,29117,2479,21575,20758,23165,49507,12972,29664,19926,44657,27060,46050,12313,65460,59769,24781,26190,7713,40411]}","[27547,56471,37889,39362,24674,58252,34620,52306,18456,20138,49898,29480,28502,34385,49946,13187,57093,58211,18967,1431,29190,15666,45322,34999,17206,33558,60456,819,50727,7286,14176,62441]","[27547,56471,37889,39362,24674,58252,34620,52306,18456,20138,49898,29480,28502,34385,49946,13187,57093,58211,18967,1431,29190,15666,45322,34999,17206,33558,60456,819,50727,7286,14176,62441]","[{""label"":""c1=Enc(m1)"",""active_slots"":32,""logical_bits_per_active_slot"":16,""payload_bits_per_block"":512,""ciphertext_size"":2,""chain_index"":6,""fingerprint64"":""9aea1a66309aa39c""},{""label"":""c2=Enc(m2)"",""active_slots"":32,""logical_bits_per_active_slot"":16,""payload_bits_per_block"":512,""ciphertext_size"":2,""chain_index"":6,""fingerprint64"":""3d9fbf4b509bc529""}]","[64248,29479,2893,48956,33306,59485,48653,31179,62847,5656,18284,23623,49017,2868,61617,49004,22460,25895,27256,26395,55080,728,52832,34196,56817,15341,30551,31161,46628,60664,44700,43291]","[19821,41337,44967,19214,45832,37002,16231,12478,64454,45022,65090,26601,17312,29117,2479,21575,20758,23165,49507,12972,29664,19926,44657,27060,46050,12313,65460,59769,24781,26190,7713,40411]","true","ciphertext_artifacts/mul_iter026_c1.seal","1835121","861d287494d176462bd2c910b962d98d3f5bfd585b9375f3734190ef6798a2e6","1835121","861d287494d176462bd2c910b962d98d3f5bfd585b9375f3734190ef6798a2e6","true","true","ciphertext_artifacts/mul_iter026_c2.seal","1835121","2b1029fead5c57172c0492101c708c6da60d43acdc0f6bfdda2be40248b6c1ec","1835121","2b1029fead5c57172c0492101c708c6da60d43acdc0f6bfdda2be40248b6c1ec","true","true","true","11.953500","14.754300","26.707800","0.002700","1.218100","13.778600","3.287100","3.192200","0.804400","10.571700","2.934300","5.916400","0.666400","9.559700","2.508200","8.616300","0.566100","6.009000","1.937400","10.175400","0.406900","4.146400","1.314600","11.536700","0.272900","2.589700","0.894800","30069770181100","30069788467600","30069770183800","30069771401900","30069785180500","30069788532400","30069806035000","30069791724600","30069792529000","30069803100700","30069806097400","30069824748100","30069812013800","30069812680200","30069822239900","30069824824900","30069841953700","30069833441200","30069834007300","30069840016300","30069842049200","30069858092500","30069852224600","30069852631500","30069856777900","30069858157200","30069873451300","30069869693900","30069869966800","30069872556500","0.683200","169.610000","0","25","total plaintext payload 1024bit; m1/m2 encrypted as c1/c2; each measured step includes operand alignment, multiply, relinearize, and result mod-switch; eval_chain_ms is continuous step1-to-step6 wall time"
"MUL","27","17.587000","17.137900","16.847700","16.350700","15.477900","14.816200","PACKAGE22_mul_100_20260825_142742_621","Multiplication depth6","42","3598005743272421896","1024","128","true","true","true","32","true","32","true","32","17.587000","17.137900","16.847700","16.350700","15.477900","14.816200","98.717100","98.217400","16.369567","{""m1"":[7111,50542,48912,61153,3202,56297,2004,37847,38172,60466,62856,42330,13432,7119,51672,25144,21071,17030,47504,39045,2482,16356,55286,31609,35322,6738,51989,7652,7459,7250,45254,28927],""m2"":[1084,35561,10856,33864,63186,53583,14222,6008,18455,25780,4071,18207,9007,40063,54102,34830,35480,36494,34122,44675,12627,14681,4891,55108,40799,42181,23018,46149,44452,19289,4365,792]}","[43963,55393,18520,62415,43951,3929,64409,53343,31920,36772,36063,35970,16200,17277,51744,36131,43676,7920,59034,48899,56628,10591,63401,13139,35918,21865,13398,64557,13847,45707,47340,3064]","[43963,55393,18520,62415,43951,3929,64409,53343,31920,36772,36063,35970,16200,17277,51744,36131,43676,7920,59034,48899,56628,10591,63401,13139,35918,21865,13398,64557,13847,45707,47340,3064]","[{""label"":""c1=Enc(m1)"",""active_slots"":32,""logical_bits_per_active_slot"":16,""payload_bits_per_block"":512,""ciphertext_size"":2,""chain_index"":6,""fingerprint64"":""6c628f4a9f0445d0""},{""label"":""c2=Enc(m2)"",""active_slots"":32,""logical_bits_per_active_slot"":16,""payload_bits_per_block"":512,""ciphertext_size"":2,""chain_index"":6,""fingerprint64"":""0fca4a55962b60c5""}]","[7111,50542,48912,61153,3202,56297,2004,37847,38172,60466,62856,42330,13432,7119,51672,25144,21071,17030,47504,39045,2482,16356,55286,31609,35322,6738,51989,7652,7459,7250,45254,28927]","[1084,35561,10856,33864,63186,53583,14222,6008,18455,25780,4071,18207,9007,40063,54102,34830,35480,36494,34122,44675,12627,14681,4891,55108,40799,42181,23018,46149,44452,19289,4365,792]","true","ciphertext_artifacts/mul_iter027_c1.seal","1835121","39d30d32db759a467452d4bcfe10b52e9a31fb187c74ff36751d920686277601","1835121","39d30d32db759a467452d4bcfe10b52e9a31fb187c74ff36751d920686277601","true","true","ciphertext_artifacts/mul_iter027_c2.seal","1835121","883039d48175336856c6fc1fa00b81a76087215a3de9cd168d9823ce7052efff","1835121","883039d48175336856c6fc1fa00b81a76087215a3de9cd168d9823ce7052efff","true","true","true","11.620400","11.278000","22.898400","0.002300","1.163800","13.258100","3.162800","3.120100","0.790300","10.358300","2.869200","5.826000","0.659500","7.938700","2.423500","8.062500","0.526900","5.876100","1.885200","9.808000","0.398700","4.007100","1.264100","11.191300","0.267200","2.552100","0.805600","30070628971700","30070646558700","30070628974000","30070630137800","30070643395900","30070646621400","30070663759300","30070649741500","30070650531800","30070660890100","30070663827100","30070680674800","30070669653100","30070670312600","30070678251300","30070680738500","30070697089200","30070688801000","30070689327900","30070695204000","30070697170800","30070712648700","30070706978800","30070707377500","30070711384600","30070712713300","30070727529500","30070723904600","30070724171800","30070726723900","0.602700","157.087800","0","25","total plaintext payload 1024bit; m1/m2 encrypted as c1/c2; each measured step includes operand alignment, multiply, relinearize, and result mod-switch; eval_chain_ms is continuous step1-to-step6 wall time"
"MUL","28","17.825100","17.414500","17.269400","16.348800","15.611300","14.779600","PACKAGE22_mul_100_20260825_142742_621","Multiplication depth6","42","-3448022351463059853","1024","128","true","true","true","32","true","32","true","32","17.825100","17.414500","17.269400","16.348800","15.611300","14.779600","99.730500","99.248700","16.541450","{""m1"":[2629,57787,8764,21913,26121,17639,64933,14672,1049,25819,53633,46688,11021,36701,44009,25456,56446,33016,57989,30591,5503,5691,30473,13758,58077,10645,38888,43894,20785,59132,10805,12470],""m2"":[61349,14140,61676,35972,11144,21898,63911,9327,40992,26928,23835,39479,52265,32371,25734,5777,44215,2994,25073,35284,37493,8955,8379,55959,64441,691,14448,22416,18217,45147,63489,39389]}","[26640,14479,34958,42712,40235,33011,3937,47287,18065,10442,23629,2109,37108,9707,35399,52686,18963,54979,39260,18891,3555,55174,54209,48880,34445,18347,35284,17129,59320,21336,54375,62938]","[26640,14479,34958,42712,40235,33011,3937,47287,18065,10442,23629,2109,37108,9707,35399,52686,18963,54979,39260,18891,3555,55174,54209,48880,34445,18347,35284,17129,59320,21336,54375,62938]","[{""label"":""c1=Enc(m1)"",""active_slots"":32,""logical_bits_per_active_slot"":16,""payload_bits_per_block"":512,""ciphertext_size"":2,""chain_index"":6,""fingerprint64"":""1c592625fb037edb""},{""label"":""c2=Enc(m2)"",""active_slots"":32,""logical_bits_per_active_slot"":16,""payload_bits_per_block"":512,""ciphertext_size"":2,""chain_index"":6,""fingerprint64"":""d757ef3372c1b52b""}]","[2629,57787,8764,21913,26121,17639,64933,14672,1049,25819,53633,46688,11021,36701,44009,25456,56446,33016,57989,30591,5503,5691,30473,13758,58077,10645,38888,43894,20785,59132,10805,12470]","[61349,14140,61676,35972,11144,21898,63911,9327,40992,26928,23835,39479,52265,32371,25734,5777,44215,2994,25073,35284,37493,8955,8379,55959,64441,691,14448,22416,18217,45147,63489,39389]","true","ciphertext_artifacts/mul_iter028_c1.seal","1835121","d5b71be241d7fa106a69958f23c3019005d764f547b72dd9b2e304da92885d38","1835121","d5b71be241d7fa106a69958f23c3019005d764f547b72dd9b2e304da92885d38","true","true","ciphertext_artifacts/mul_iter028_c2.seal","1835121","4b6f64fb57ec3b2530192de42b231a0b9a0fc6a2fce824f78c1e6320fa1a2cd3","1835121","4b6f64fb57ec3b2530192de42b231a0b9a0fc6a2fce824f78c1e6320fa1a2cd3","true","true","true","11.688200","11.424900","23.113100","0.002600","1.223400","13.374900","3.224200","3.186300","0.802300","10.542300","2.883600","5.939400","0.706900","8.240300","2.382800","8.140800","0.526800","5.811500","1.869700","9.890200","0.395900","4.054600","1.270600","11.207800","0.264700","2.507500","0.799600","30071495354100","30071513179200","30071495356700","30071496580100","30071509955000","30071513245400","30071530659900","30071516431700","30071517234000","30071527776300","30071530723300","30071547992700","30071536662700","30071537369600","30071545609900","30071548054500","30071564403300","30071556195300","30071556722100","30071562533600","30071564466400","30071580077700","30071574356600","30071574752500","30071578807100","30071580139600","30071594919200","30071591347400","30071591612100","30071594119600","0.597200","158.769000","0","25","total plaintext payload 1024bit; m1/m2 encrypted as c1/c2; each measured step includes operand alignment, multiply, relinearize, and result mod-switch; eval_chain_ms is continuous step1-to-step6 wall time"
"MUL","29","17.616200","20.677800","19.923400","16.912500","16.180600","15.186900","PACKAGE22_mul_100_20260825_142742_621","Multiplication depth6","42","8250510654150701662","1024","128","true","true","true","32","true","32","true","32","17.616200","20.677800","19.923400","16.912500","16.180600","15.186900","107.248600","106.497400","17.749567","{""m1"":[44666,10246,59853,10179,41299,6040,50668,6088,14378,14960,39806,40324,11272,59429,13062,52642,21841,61402,36298,61439,31928,30306,7959,38785,23139,40258,28169,44323,63661,31878,57125,63363],""m2"":[23243,27600,64691,26950,42453,40808,11738,61649,45243,15815,40770,15203,34252,16347,53841,13274,29063,20097,41969,21909,10417,51582,65474,51706,29397,56615,64719,62485,23314,32706,50068,1373]}","[45905,48520,50442,46462,56647,43116,58622,14718,21119,47539,52445,64238,46930,24556,10015,23225,47043,14723,2632,39811,20659,57000,9397,44567,64245,11606,16991,39249,32904,18304,23490,24392]","[45905,48520,50442,46462,56647,43116,58622,14718,21119,47539,52445,64238,46930,24556,10015,23225,47043,14723,2632,39811,20659,57000,9397,44567,64245,11606,16991,39249,32904,18304,23490,24392]","[{""label"":""c1=Enc(m1)"",""active_slots"":32,""logical_bits_per_active_slot"":16,""payload_bits_per_block"":512,""ciphertext_size"":2,""chain_index"":6,""fingerprint64"":""a0aae84c9d216942""},{""label"":""c2=Enc(m2)"",""active_slots"":32,""logical_bits_per_active_slot"":16,""payload_bits_per_block"":512,""ciphertext_size"":2,""chain_index"":6,""fingerprint64"":""776b48ae9b3838de""}]","[44666,10246,59853,10179,41299,6040,50668,6088,14378,14960,39806,40324,11272,59429,13062,52642,21841,61402,36298,61439,31928,30306,7959,38785,23139,40258,28169,44323,63661,31878,57125,63363]","[23243,27600,64691,26950,42453,40808,11738,61649,45243,15815,40770,15203,34252,16347,53841,13274,29063,20097,41969,21909,10417,51582,65474,51706,29397,56615,64719,62485,23314,32706,50068,1373]","true","ciphertext_artifacts/mul_iter029_c1.seal","1835121","0759b3d0683d509e40161bc48f052bcefae847b2071b95b79c4dbbdc7b219b44","1835121","0759b3d0683d509e40161bc48f052bcefae847b2071b95b79c4dbbdc7b219b44","true","true","ciphertext_artifacts/mul_iter029_c2.seal","1835121","b2e81e743d5c032f45e0d62b67c02d8b412b524a8998b5039f937bbfe24f31f5","1835121","b2e81e743d5c032f45e0d62b67c02d8b412b524a8998b5039f937bbfe24f31f5","true","true","true","11.423000","11.667200","23.090200","0.002500","1.166400","13.248500","3.198800","3.193400","0.793000","12.621200","4.070200","7.601400","0.752100","9.089500","2.480400","8.434500","0.543600","6.006100","1.928300","10.284400","0.408700","4.195800","1.291700","11.526000","0.270700","2.573100","0.817100","30072343185800","30072360802000","30072343188300","30072344354700","30072357603200","30072360868800","30072381546600","30072364062200","30072364855200","30072377476400","30072381866600","30072401790000","30072389468000","30072390220100","30072399309600","30072401855900","30072418768400","30072410290400","30072410834000","30072416840100","30072418836600","30072435017200","30072429121000","30072429529700","30072433725500","30072435081800","30072450268700","30072446607800","30072446878500","30072449451600","0.605100","164.441200","0","25","total plaintext payload 1024bit; m1/m2 encrypted as c1/c2; each measured step includes operand alignment, multiply, relinearize, and result mod-switch; eval_chain_ms is continuous step1-to-step6 wall time"
"MUL","30","17.634100","17.285800","16.864900","16.397800","15.667500","14.815900","PACKAGE22_mul_100_20260825_142742_621","Multiplication depth6","42","1492725597161453129","1024","128","true","true","true","32","true","32","true","32","17.634100","17.285800","16.864900","16.397800","15.667500","14.815900","99.173800","98.666000","16.444333","{""m1"":[39674,7538,29200,55255,47707,11137,29749,64547,43792,55556,20475,52083,29398,4521,4662,56424,56945,55897,18604,15191,6952,18276,20063,4729,37765,33251,9826,41867,9284,6541,38737,48165],""m2"":[29209,48043,12424,19127,38055,38570,26575,59191,55388,16165,17157,8345,7062,10812,50025,31710,50575,60701,29635,58139,13968,57753,56286,2954,44837,18208,2311,48491,8564,39083,50887,26163]}","[35592,34168,22782,60850,4789,52532,10633,16827,12383,18398,55069,48062,35315,8387,63674,7462,8240,52133,53625,37981,7306,11024,38230,27851,48513,21099,15378,41402,1722,25284,34487,39851]","[35592,34168,22782,60850,4789,52532,10633,16827,12383,18398,55069,48062,35315,8387,63674,7462,8240,52133,53625,37981,7306,11024,38230,27851,48513,21099,15378,41402,1722,25284,34487,39851]","[{""label"":""c1=Enc(m1)"",""active_slots"":32,""logical_bits_per_active_slot"":16,""payload_bits_per_block"":512,""ciphertext_size"":2,""chain_index"":6,""fingerprint64"":""f7b2b4eb597d427f""},{""label"":""c2=Enc(m2)"",""active_slots"":32,""logical_bits_per_active_slot"":16,""payload_bits_per_block"":512,""ciphertext_size"":2,""chain_index"":6,""fingerprint64"":""df99786a7330dd90""}]","[39674,7538,29200,55255,47707,11137,29749,64547,43792,55556,20475,52083,29398,4521,4662,56424,56945,55897,18604,15191,6952,18276,20063,4729,37765,33251,9826,41867,9284,6541,38737,48165]","[29209,48043,12424,19127,38055,38570,26575,59191,55388,16165,17157,8345,7062,10812,50025,31710,50575,60701,29635,58139,13968,57753,56286,2954,44837,18208,2311,48491,8564,39083,50887,26163]","true","ciphertext_artifacts/mul_iter030_c1.seal","1835121","30a46ce2056c433b72159d3f87f516c52c559cbcf05558b3f773689bee8c6c9a","1835121","30a46ce2056c433b72159d3f87f516c52c559cbcf05558b3f773689bee8c6c9a","true","true","ciphertext_artifacts/mul_iter030_c2.seal","1835121","2676eb19fdaed5321d8ed2b6d5fe0a7cd8dc00e5e0277693151b411a808ac0ec","1835121","2676eb19fdaed5321d8ed2b6d5fe0a7cd8dc00e5e0277693151b411a808ac0ec","true","true","true","11.464000","10.988000","22.452000","0.002400","1.165000","13.264300","3.202400","3.173200","0.796700","10.451500","2.864400","5.911800","0.661300","7.936600","2.355200","8.196400","0.535800","5.806200","1.859400","9.987900","0.402600","4.002600","1.274400","11.240500","0.265200","2.507000","0.803200","30073201656900","30073219291000","30073201659300","30073202824300","30073216088600","30073219361700","30073236647500","30073222534900","30073223331600","30073233783100","30073236718200","30073253583100","30073242630000","30073243291300","30073251227900","30073253646100","30073270043900","30073261842500","30073262378300","30073268184500","30073270117400","30073285784900","30073280105300","30073280507900","30073284510500","30073285851800","30073300667700","30073297092300","30073297357500","30073299864500","0.610100","157.737500","0","25","total plaintext payload 1024bit; m1/m2 encrypted as c1/c2; each measured step includes operand alignment, multiply, relinearize, and result mod-switch; eval_chain_ms is continuous step1-to-step6 wall time"
"MUL","31","17.822700","17.382600","16.983000","16.370500","15.565000","14.746700","PACKAGE22_mul_100_20260825_142742_621","Multiplication depth6","42","-5296016768092898636","1024","128","true","true","true","32","true","32","true","32","17.822700","17.382600","16.983000","16.370500","15.565000","14.746700","99.354400","98.870500","16.478417","{""m1"":[50191,1900,30102,52141,42877,14010,40321,19135,24693,16985,28756,11377,39914,19755,53774,57708,16634,18642,45322,32780,60157,12141,63893,23107,55699,30893,11476,35841,31169,38510,29091,48587],""m2"":[58310,2567,63815,10662,18716,33956,27050,18963,24454,19972,19384,18789,57977,9458,34002,21906,29097,18424,48980,18952,32466,44748,333,62911,15799,48854,58243,48539,19491,33811,28869,62936]}","[33587,46434,2294,47895,8644,50803,2510,62735,29470,16720,22879,31198,56525,39060,31376,57242,30521,7364,40759,62699,59409,32641,29432,22797,44716,61089,4645,12860,25283,47664,52746,11039]","[33587,46434,2294,47895,8644,50803,2510,62735,29470,16720,22879,31198,56525,39060,31376,57242,30521,7364,40759,62699,59409,32641,29432,22797,44716,61089,4645,12860,25283,47664,52746,11039]","[{""label"":""c1=Enc(m1)"",""active_slots"":32,""logical_bits_per_active_slot"":16,""payload_bits_per_block"":512,""ciphertext_size"":2,""chain_index"":6,""fingerprint64"":""fe520ad9664a485f""},{""label"":""c2=Enc(m2)"",""active_slots"":32,""logical_bits_per_active_slot"":16,""payload_bits_per_block"":512,""ciphertext_size"":2,""chain_index"":6,""fingerprint64"":""d9f86cfc03236703""}]","[50191,1900,30102,52141,42877,14010,40321,19135,24693,16985,28756,11377,39914,19755,53774,57708,16634,18642,45322,32780,60157,12141,63893,23107,55699,30893,11476,35841,31169,38510,29091,48587]","[58310,2567,63815,10662,18716,33956,27050,18963,24454,19972,19384,18789,57977,9458,34002,21906,29097,18424,48980,18952,32466,44748,333,62911,15799,48854,58243,48539,19491,33811,28869,62936]","true","ciphertext_artifacts/mul_iter031_c1.seal","1835121","9da62c81005873e55ba90a8c3066a7f2d03f5b740bd5016a8bce3502ba644fb2","1835121","9da62c81005873e55ba90a8c3066a7f2d03f5b740bd5016a8bce3502ba644fb2","true","true","ciphertext_artifacts/mul_iter031_c2.seal","1835121","2914bf9255a89f2d9f0d04d33147e89aa5f59acbb86db8456fae73934d45a7d8","1835121","2914bf9255a89f2d9f0d04d33147e89aa5f59acbb86db8456fae73934d45a7d8","true","true","true","11.879300","11.372000","23.251300","0.002400","1.168500","13.379000","3.272800","3.231200","0.802000","10.409000","2.940400","5.856400","0.661100","8.001800","2.463700","8.067000","0.526200","5.911000","1.866300","9.811200","0.396300","4.088700","1.268800","11.134400","0.288400","2.516200","0.807700","30074058764000","30074076586700","30074058766400","30074059934900","30074073313900","30074076650900","30074094033500","30074079882100","30074080684100","30074091093100","30074094101900","30074111084900","30074099958300","30074100619400","30074108621200","30074111149900","30074127520400","30074119216900","30074119743100","30074125654100","30074127585800","30074143150800","30074137397000","30074137793300","30074141882000","30074143210600","30074157957300","30074154345000","30074154633400","30074157149600","0.624500","158.383600","0","25","total plaintext payload 1024bit; m1/m2 encrypted as c1/c2; each measured step includes operand alignment, multiply, relinearize, and result mod-switch; eval_chain_ms is continuous step1-to-step6 wall time"
"MUL","32","17.875600","17.467900","17.021100","16.580700","15.695200","14.802100","PACKAGE22_mul_100_20260825_142742_621","Multiplication depth6","42","6401953278976196255","1024","128","true","true","true","32","true","32","true","32","17.875600","17.467900","17.021100","16.580700","15.695200","14.802100","99.930400","99.442600","16.573767","{""m1"":[2935,12725,9701,6369,14598,45813,46996,2173,65155,60404,13733,24566,27510,55204,51317,44554,21568,45154,29242,30685,21571,10926,50036,11436,46635,45933,44223,64334,19107,25328,57693,41286],""m2"":[29895,23731,38801,50578,34536,47243,59489,31657,15142,28843,3462,21386,62585,22089,5325,55439,26455,22774,27146,54930,30067,15652,49232,39787,56755,38317,64707,52421,51329,22744,50359,25087]}","[64206,17533,11618,28630,40438,36883,31777,11180,53824,40745,35416,10486,32511,39707,24400,35572,54053,1964,65434,6204,43229,1296,25324,46673,21717,17465,107,39641,37661,35763,46652,20345]","[64206,17533,11618,28630,40438,36883,31777,11180,53824,40745,35416,10486,32511,39707,24400,35572,54053,1964,65434,6204,43229,1296,25324,46673,21717,17465,107,39641,37661,35763,46652,20345]","[{""label"":""c1=Enc(m1)"",""active_slots"":32,""logical_bits_per_active_slot"":16,""payload_bits_per_block"":512,""ciphertext_size"":2,""chain_index"":6,""fingerprint64"":""45ba5103b293fac7""},{""label"":""c2=Enc(m2)"",""active_slots"":32,""logical_bits_per_active_slot"":16,""payload_bits_per_block"":512,""ciphertext_size"":2,""chain_index"":6,""fingerprint64"":""ea2fd757fa0f6a00""}]","[2935,12725,9701,6369,14598,45813,46996,2173,65155,60404,13733,24566,27510,55204,51317,44554,21568,45154,29242,30685,21571,10926,50036,11436,46635,45933,44223,64334,19107,25328,57693,41286]","[29895,23731,38801,50578,34536,47243,59489,31657,15142,28843,3462,21386,62585,22089,5325,55439,26455,22774,27146,54930,30067,15652,49232,39787,56755,38317,64707,52421,51329,22744,50359,25087]","true","ciphertext_artifacts/mul_iter032_c1.seal","1835121","d10c5ba55e660da85e73835c2575adfe6fee59cf9efbeb994520923cb5b7d4ab","1835121","d10c5ba55e660da85e73835c2575adfe6fee59cf9efbeb994520923cb5b7d4ab","true","true","ciphertext_artifacts/mul_iter032_c2.seal","1835121","7af5fe1855877a9dbfdd4fbf5778688fceef4d1acdfbc77b62bfbeb5a9b9c6b5","1835121","7af5fe1855877a9dbfdd4fbf5778688fceef4d1acdfbc77b62bfbeb5a9b9c6b5","true","true","true","11.841700","11.487700","23.329400","0.002600","1.177400","13.392000","3.303600","3.213800","0.792400","10.471400","2.990300","5.877000","0.666400","8.035500","2.442200","8.179000","0.529100","5.978200","1.894400","9.952500","0.399100","4.052700","1.290900","11.240200","0.274800","2.496400","0.790700","30074911258100","30074929133700","30074911260700","30074912438100","30074925830100","30074929201800","30074946669700","30074932415600","30074933208000","30074943679400","30074946737300","30074963758400","30074952614300","30074953280700","30074961316200","30074963824500","30074980405200","30074972003500","30074972532600","30074978510800","30074980469500","30074996164700","30074990422000","30074990821100","30074994873800","30074996227000","30075011029100","30075007467200","30075007742000","30075010238400","0.617900","162.250200","0","25","total plaintext payload 1024bit; m1/m2 encrypted as c1/c2; each measured step includes operand alignment, multiply, relinearize, and result mod-switch; eval_chain_ms is continuous step1-to-step6 wall time"
"MUL","33","17.716200","17.509500","16.966300","16.312900","15.512300","14.748200","PACKAGE22_mul_100_20260825_142742_621","Multiplication depth6","42","-355281549751254390","1024","128","true","true","true","32","true","32","true","32","17.716200","17.509500","16.966300","16.312900","15.512300","14.748200","99.266200","98.765400","16.460900","{""m1"":[27704,24408,19421,37474,5740,16961,42379,1817,3655,60640,11924,33056,36118,13162,41515,17809,24280,41376,56238,7085,24201,3128,2203,21856,10170,56862,5909,57240,44186,22053,14080,29003],""m2"":[5783,29150,35834,58412,38311,61453,17183,31891,7161,55935,58409,18419,37421,17135,52677,3707,12145,12412,62304,57535,22306,5267,6136,53556,296,50879,45009,3083,59829,13609,16651,13714]}","[61125,26983,54912,44134,59062,44969,36740,40753,20590,51116,43876,10632,32825,57673,8041,1635,24157,35941,56849,38215,41416,17769,22142,44588,39334,39550,738,12812,13672,46814,33150,63869]","[61125,26983,54912,44134,59062,44969,36740,40753,20590,51116,43876,10632,32825,57673,8041,1635,24157,35941,56849,38215,41416,17769,22142,44588,39334,39550,738,12812,13672,46814,33150,63869]","[{""label"":""c1=Enc(m1)"",""active_slots"":32,""logical_bits_per_active_slot"":16,""payload_bits_per_block"":512,""ciphertext_size"":2,""chain_index"":6,""fingerprint64"":""6cd1ed883b8c8ea4""},{""label"":""c2=Enc(m2)"",""active_slots"":32,""logical_bits_per_active_slot"":16,""payload_bits_per_block"":512,""ciphertext_size"":2,""chain_index"":6,""fingerprint64"":""5632ad39403bcf90""}]","[27704,24408,19421,37474,5740,16961,42379,1817,3655,60640,11924,33056,36118,13162,41515,17809,24280,41376,56238,7085,24201,3128,2203,21856,10170,56862,5909,57240,44186,22053,14080,29003]","[5783,29150,35834,58412,38311,61453,17183,31891,7161,55935,58409,18419,37421,17135,52677,3707,12145,12412,62304,57535,22306,5267,6136,53556,296,50879,45009,3083,59829,13609,16651,13714]","true","ciphertext_artifacts/mul_iter033_c1.seal","1835121","c9b9545bf2984774562cfc269c3abb98bd95efc2b29dd239bf75c17340f0971b","1835121","c9b9545bf2984774562cfc269c3abb98bd95efc2b29dd239bf75c17340f0971b","true","true","ciphertext_artifacts/mul_iter033_c2.seal","1835121","17b0259d21f2b899b2706fac98ac76de7fa8cbc059a3fe85ba69395e93a988b7","1835121","17b0259d21f2b899b2706fac98ac76de7fa8cbc059a3fe85ba69395e93a988b7","true","true","true","11.357000","11.096600","22.453600","0.002300","1.168700","13.229800","3.315400","3.206600","0.806100","10.529800","2.967000","5.826100","0.668900","8.069000","2.402300","8.076200","0.528400","5.838300","1.870000","9.826800","0.396600","3.989500","1.299400","11.132200","0.266300","2.537600","0.812100","30075777232600","30075794948800","30075777234900","30075778403600","30075791633400","30075795024100","30075812533600","30075798230700","30075799036800","30075809566600","30075812605000","30075829571300","30075818431100","30075819100000","30075827169000","30075829654000","30075845966900","30075837730200","30075838258600","30075844096900","30075846030400","30075861542700","30075855857200","30075856253800","30075860243300","30075861605700","30075876353900","30075872737900","30075873004200","30075875541800","0.580600","155.730100","0","25","total plaintext payload 1024bit; m1/m2 encrypted as c1/c2; each measured step includes operand alignment, multiply, relinearize, and result mod-switch; eval_chain_ms is continuous step1-to-step6 wall time"
"MUL","34","18.107200","17.701900","17.231500","16.503800","15.649600","14.848300","PACKAGE22_mul_100_20260825_142742_621","Multiplication depth6","42","-7104055559209482507","1024","128","true","true","true","32","true","32","true","32","18.107200","17.701900","17.231500","16.503800","15.649600","14.848300","100.531000","100.042300","16.673717","{""m1"":[21808,19192,53019,41065,21865,41676,44157,22208,25163,40115,56804,26235,12998,29712,60996,41694,6896,3327,37267,26376,40954,31821,25561,33205,20775,35616,56465,3646,41334,24858,43622,50958],""m2"":[49993,6570,28248,53345,12686,25300,48325,64125,46818,5421,56560,54400,55723,19612,41987,43013,53035,22838,48713,41165,26213,21322,11401,1281,37974,38621,30492,12765,55559,17605,52685,48879]}","[8276,17262,49104,63611,17353,17329,1398,1798,6615,16388,24971,58628,35035,12010,53126,54663,54861,62147,60003,11502,30235,9635,9317,42195,45398,50155,20003,11549,10956,43069,65518,33281]","[8276,17262,49104,63611,17353,17329,1398,1798,6615,16388,24971,58628,35035,12010,53126,54663,54861,62147,60003,11502,30235,9635,9317,42195,45398,50155,20003,11549,10956,43069,65518,33281]","[{""label"":""c1=Enc(m1)"",""active_slots"":32,""logical_bits_per_active_slot"":16,""payload_bits_per_block"":512,""ciphertext_size"":2,""chain_index"":6,""fingerprint64"":""e3b12607cc5b5a5f""},{""label"":""c2=Enc(m2)"",""active_slots"":32,""logical_bits_per_active_slot"":16,""payload_bits_per_block"":512,""ciphertext_size"":2,""chain_index"":6,""fingerprint64"":""60fa86ee5e9623e8""}]","[21808,19192,53019,41065,21865,41676,44157,22208,25163,40115,56804,26235,12998,29712,60996,41694,6896,3327,37267,26376,40954,31821,25561,33205,20775,35616,56465,3646,41334,24858,43622,50958]","[49993,6570,28248,53345,12686,25300,48325,64125,46818,5421,56560,54400,55723,19612,41987,43013,53035,22838,48713,41165,26213,21322,11401,1281,37974,38621,30492,12765,55559,17605,52685,48879]","true","ciphertext_artifacts/mul_iter034_c1.seal","1835121","6347fd198cf0aa74b533b8fd5a56d1d7cde9c55e9198be9042c5130799ce6cf2","1835121","6347fd198cf0aa74b533b8fd5a56d1d7cde9c55e9198be9042c5130799ce6cf2","true","true","ciphertext_artifacts/mul_iter034_c2.seal","1835121","7d59ef0745d54fba8c93d657ebb9711a077a81c13579133cba8809f7ee291e0d","1835121","7d59ef0745d54fba8c93d657ebb9711a077a81c13579133cba8809f7ee291e0d","true","true","true","11.488900","11.265600","22.754500","0.002400","1.181200","13.642800","3.280800","3.231900","0.816100","10.719600","2.934300","5.964400","0.667600","8.186500","2.413000","8.186000","0.548900","5.867100","1.901800","9.929400","0.417600","4.041700","1.260900","11.259500","0.266300","2.509100","0.813400","30076640973600","30076659080800","30076640976000","30076642157200","30076655800000","30076659154600","30076676856500","30076662386500","30076663202600","30076673922200","30076676921400","30076694152900","30076682885800","30076683553400","30076691739900","30076694224600","30076710728400","30076702410600","30076702959500","30076708826600","30076710791400","30076726441000","30076720720800","30076721138400","30076725180100","30076726514500","30076741362800","30076737774000","30076738040300","30076740549400","0.605500","167.801400","0","25","total plaintext payload 1024bit; m1/m2 encrypted as c1/c2; each measured step includes operand alignment, multiply, relinearize, and result mod-switch; eval_chain_ms is continuous step1-to-step6 wall time"
"MUL","35","17.942900","17.618200","17.044600","16.378900","15.628300","14.776500","PACKAGE22_mul_100_20260825_142742_621","Multiplication depth6","42","4585471346643077856","1024","128","true","true","true","32","true","32","true","32","17.942900","17.618200","17.044600","16.378900","15.628300","14.776500","99.852500","99.389400","16.564900","{""m1"":[45188,6354,63465,58190,32193,64921,64006,47777,19050,39438,38423,15349,42881,62469,63827,51864,52304,17070,51236,8267,58372,25531,708,25389,14539,51100,32766,35217,23882,30733,12339,26430],""m2"":[63505,8923,43387,54008,45385,15404,1410,62693,27831,31078,45395,27185,58173,53655,6815,37434,25008,17845,64452,52330,41062,64659,7878,3006,26990,7168,16607,40534,3666,8057,37735,39118]}","[21997,40127,5116,63693,62694,9669,12837,55513,27754,20558,51778,16258,23874,9344,6536,7604,32392,60729,49827,39879,1495,39299,1906,50180,39616,46744,17024,40819,29536,24188,19677,11878]","[21997,40127,5116,63693,62694,9669,12837,55513,27754,20558,51778,16258,23874,9344,6536,7604,32392,60729,49827,39879,1495,39299,1906,50180,39616,46744,17024,40819,29536,24188,19677,11878]","[{""label"":""c1=Enc(m1)"",""active_slots"":32,""logical_bits_per_active_slot"":16,""payload_bits_per_block"":512,""ciphertext_size"":2,""chain_index"":6,""fingerprint64"":""5fa96d7b60b541d0""},{""label"":""c2=Enc(m2)"",""active_slots"":32,""logical_bits_per_active_slot"":16,""payload_bits_per_block"":512,""ciphertext_size"":2,""chain_index"":6,""fingerprint64"":""e7fd97d8e888dc8c""}]","[45188,6354,63465,58190,32193,64921,64006,47777,19050,39438,38423,15349,42881,62469,63827,51864,52304,17070,51236,8267,58372,25531,708,25389,14539,51100,32766,35217,23882,30733,12339,26430]","[63505,8923,43387,54008,45385,15404,1410,62693,27831,31078,45395,27185,58173,53655,6815,37434,25008,17845,64452,52330,41062,64659,7878,3006,26990,7168,16607,40534,3666,8057,37735,39118]","true","ciphertext_artifacts/mul_iter035_c1.seal","1835121","529626423dade782d3c71fd3b1732945345d2b6b97215cdfbfa466a521906924","1835121","529626423dade782d3c71fd3b1732945345d2b6b97215cdfbfa466a521906924","true","true","ciphertext_artifacts/mul_iter035_c2.seal","1835121","99ed7c5af6fb5e7528af5ae773b5acd39d2fa899ac8d76ff52d1cb9fe8ea517c","1835121","99ed7c5af6fb5e7528af5ae773b5acd39d2fa899ac8d76ff52d1cb9fe8ea517c","true","true","true","11.483000","12.733900","24.216900","0.002100","1.178300","13.485200","3.277300","3.312600","0.804400","10.551500","2.949700","5.987800","0.665900","8.000500","2.390400","8.160600","0.527000","5.835700","1.855600","9.910800","0.400800","4.031400","1.285300","11.160600","0.265900","2.548300","0.801700","30077493596800","30077511539700","30077493598900","30077494777200","30077508262400","30077511604900","30077529223100","30077514917500","30077515721900","30077526273400","30077529286600","30077546331200","30077535274400","30077535940300","30077543940800","30077546393700","30077562772600","30077554554300","30077555081300","30077560917000","30077562842900","30077578471200","30077572753700","30077573154500","30077577185900","30077578532100","30077593308600","30077589692700","30077589958600","30077592506900","0.610800","162.502700","0","25","total plaintext payload 1024bit; m1/m2 encrypted as c1/c2; each measured step includes operand alignment, multiply, relinearize, and result mod-switch; eval_chain_ms is continuous step1-to-step6 wall time"
"MUL","36","17.719400","17.393400","16.870100","16.336700","15.501300","14.869900","PACKAGE22_mul_100_20260825_142742_621","Multiplication depth6","42","-6774988698423193909","1024","128","true","true","true","32","true","32","true","32","17.719400","17.393400","16.870100","16.336700","15.501300","14.869900","99.202500","98.690800","16.448467","{""m1"":[42419,56186,45837,40608,57179,54885,10820,25318,59801,52313,60912,59086,57930,55536,31509,53218,3542,28389,27638,59608,15024,475,24548,28397,22186,15460,62013,6179,65529,3525,596,62570],""m2"":[52601,13581,10394,50329,30861,34403,302,64849,43879,57193,26541,5176,7820,45314,24598,14417,30438,12925,62398,10596,45110,57850,2383,35824,36307,48994,32806,54630,51404,45465,44031,21806]}","[18317,7628,28614,36065,3664,44764,61156,49514,17932,47662,51580,49752,34597,29672,41548,41194,3339,51849,14523,16027,38577,59414,64612,11352,62207,56478,41899,29528,22532,62502,11757,41277]","[18317,7628,28614,36065,3664,44764,61156,49514,17932,47662,51580,49752,34597,29672,41548,41194,3339,51849,14523,16027,38577,59414,64612,11352,62207,56478,41899,29528,22532,62502,11757,41277]","[{""label"":""c1=Enc(m1)"",""active_slots"":32,""logical_bits_per_active_slot"":16,""payload_bits_per_block"":512,""ciphertext_size"":2,""chain_index"":6,""fingerprint64"":""7fab5ace9bdffe05""},{""label"":""c2=Enc(m2)"",""active_slots"":32,""logical_bits_per_active_slot"":16,""payload_bits_per_block"":512,""ciphertext_size"":2,""chain_index"":6,""fingerprint64"":""382fb0745b822fb4""}]","[42419,56186,45837,40608,57179,54885,10820,25318,59801,52313,60912,59086,57930,55536,31509,53218,3542,28389,27638,59608,15024,475,24548,28397,22186,15460,62013,6179,65529,3525,596,62570]","[52601,13581,10394,50329,30861,34403,302,64849,43879,57193,26541,5176,7820,45314,24598,14417,30438,12925,62398,10596,45110,57850,2383,35824,36307,48994,32806,54630,51404,45465,44031,21806]","true","ciphertext_artifacts/mul_iter036_c1.seal","1835121","204ca600d33c64b02fab48e7e44e5b0e61660efd2624e58b744adc8a41240209","1835121","204ca600d33c64b02fab48e7e44e5b0e61660efd2624e58b744adc8a41240209","true","true","ciphertext_artifacts/mul_iter036_c2.seal","1835121","30a1584e4d06e88a0b4a2426063dc06edc9dbbaec5a4fdbb58f1921d8f7f2a06","1835121","30a1584e4d06e88a0b4a2426063dc06edc9dbbaec5a4fdbb58f1921d8f7f2a06","true","true","true","11.723200","11.226900","22.950100","0.002100","1.181000","13.325200","3.211100","3.170000","0.789300","10.561000","2.873100","5.848100","0.663900","7.952200","2.405900","8.127200","0.541600","5.802800","1.865100","9.848100","0.396600","3.984200","1.272400","11.258700","0.266000","2.540400","0.804800","30078351455100","30078369174500","30078351457200","30078352638200","30078365963400","30078369247200","30078386640600","30078372417200","30078373206500","30078383767500","30078386711400","30078403581500","30078392559500","30078393223400","30078401175600","30078403648100","30078419984800","30078411775300","30078412316900","30078418119700","30078420051600","30078435552900","30078429899700","30078430296300","30078434280500","30078435615200","30078450485100","30078446873900","30078447139900","30078449680300","0.613100","158.630900","0","25","total plaintext payload 1024bit; m1/m2 encrypted as c1/c2; each measured step includes operand alignment, multiply, relinearize, and result mod-switch; eval_chain_ms is continuous step1-to-step6 wall time"
"MUL","37","17.654200","17.388500","17.045000","18.726200","18.939200","15.220700","PACKAGE22_mul_100_20260825_142742_621","Multiplication depth6","42","4626303433258406710","1024","128","true","true","true","32","true","32","true","32","17.654200","17.388500","17.045000","18.726200","18.939200","15.220700","105.762500","104.973800","17.495633","{""m1"":[2920,19848,43584,18915,48362,861,65280,48439,47745,31998,3162,48324,51421,28339,62743,12331,31028,18540,22251,40930,27555,37086,22646,33106,48236,13222,303,25624,53062,31817,49466,43879],""m2"":[64416,55754,64138,46654,46109,57997,20500,54800,16193,42519,10057,18846,5135,46262,27603,6666,12449,23446,12247,10174,60640,31861,11927,62082,15785,32377,9207,46135,19367,53570,9607,25850]}","[37095,45392,52716,40674,21312,36943,55686,48272,48211,15201,50052,48416,30972,49541,7211,18905,44431,32390,64033,50712,31455,10613,56135,21893,19636,52345,12507,18458,32449,18971,32398,27466]","[37095,45392,52716,40674,21312,36943,55686,48272,48211,15201,50052,48416,30972,49541,7211,18905,44431,32390,64033,50712,31455,10613,56135,21893,19636,52345,12507,18458,32449,18971,32398,27466]","[{""label"":""c1=Enc(m1)"",""active_slots"":32,""logical_bits_per_active_slot"":16,""payload_bits_per_block"":512,""ciphertext_size"":2,""chain_index"":6,""fingerprint64"":""1945038b07e209dc""},{""label"":""c2=Enc(m2)"",""active_slots"":32,""logical_bits_per_active_slot"":16,""payload_bits_per_block"":512,""ciphertext_size"":2,""chain_index"":6,""fingerprint64"":""0190d1b89e52a901""}]","[2920,19848,43584,18915,48362,861,65280,48439,47745,31998,3162,48324,51421,28339,62743,12331,31028,18540,22251,40930,27555,37086,22646,33106,48236,13222,303,25624,53062,31817,49466,43879]","[64416,55754,64138,46654,46109,57997,20500,54800,16193,42519,10057,18846,5135,46262,27603,6666,12449,23446,12247,10174,60640,31861,11927,62082,15785,32377,9207,46135,19367,53570,9607,25850]","true","ciphertext_artifacts/mul_iter037_c1.seal","1835121","424ec4bed7e0480846911a765494513efb44a577189bf296c1314efb66a91762","1835121","424ec4bed7e0480846911a765494513efb44a577189bf296c1314efb66a91762","true","true","ciphertext_artifacts/mul_iter037_c2.seal","1835121","caa1f936414080a309df169f3db5e30f66c8e883dc2d80b6ac32440dd9238ee9","1835121","caa1f936414080a309df169f3db5e30f66c8e883dc2d80b6ac32440dd9238ee9","true","true","true","11.497800","11.208000","22.705800","0.002300","1.168600","13.270000","3.213300","3.159400","0.794400","10.471000","2.963700","5.941800","0.668400","8.033900","2.400900","8.272500","0.530900","7.735800","2.187000","12.822900","0.409200","4.372300","1.334800","11.556900","0.275600","2.561000","0.827200","30079200968300","30079218622500","30079200970600","30079202139200","30079215409200","30079218696300","30079236084800","30079221855700","30079222650100","30079233121100","30079236149700","30079253194700","30079242091500","30079242759900","30079250793800","30079253271500","30079271997700","30079261544000","30079262074900","30079269810700","30079272357500","30079291296700","30079285180400","30079285589600","30079289961900","30079291360600","30079306581300","30079302917500","30079303193100","30079305754100","0.622300","163.961000","0","25","total plaintext payload 1024bit; m1/m2 encrypted as c1/c2; each measured step includes operand alignment, multiply, relinearize, and result mod-switch; eval_chain_ms is continuous step1-to-step6 wall time"
"MUL","38","17.563500","17.485000","17.021200","16.468800","15.675500","14.934600","PACKAGE22_mul_100_20260825_142742_621","Multiplication depth6","42","-2158517034143181023","1024","128","true","true","true","32","true","32","true","32","17.563500","17.485000","17.021200","16.468800","15.675500","14.934600","99.669600","99.148600","16.524767","{""m1"":[63011,35923,57992,48089,34118,60766,37128,31991,55803,22914,46872,7570,63275,9821,25564,26601,14058,6014,1748,13649,11287,54325,44731,25883,42364,61554,26441,12384,46433,9655,41097,63871],""m2"":[47902,50629,43072,32613,35523,18091,61628,23726,18865,38256,64483,64588,16597,2589,62206,32703,64609,19977,64991,55304,18300,40750,8780,26006,10525,36298,18622,62931,16337,5708,11103,1402]}","[61102,43179,37870,24049,38802,52395,16243,45445,18463,44846,6148,42034,59851,37896,20080,57692,3072,6684,63802,29283,47930,30087,25093,17663,50873,18380,27071,29704,8139,24381,56823,13895]","[61102,43179,37870,24049,38802,52395,16243,45445,18463,44846,6148,42034,59851,37896,20080,57692,3072,6684,63802,29283,47930,30087,25093,17663,50873,18380,27071,29704,8139,24381,56823,13895]","[{""label"":""c1=Enc(m1)"",""active_slots"":32,""logical_bits_per_active_slot"":16,""payload_bits_per_block"":512,""ciphertext_size"":2,""chain_index"":6,""fingerprint64"":""8750c962e9ba366c""},{""label"":""c2=Enc(m2)"",""active_slots"":32,""logical_bits_per_active_slot"":16,""payload_bits_per_block"":512,""ciphertext_size"":2,""chain_index"":6,""fingerprint64"":""c4d804c04052a169""}]","[63011,35923,57992,48089,34118,60766,37128,31991,55803,22914,46872,7570,63275,9821,25564,26601,14058,6014,1748,13649,11287,54325,44731,25883,42364,61554,26441,12384,46433,9655,41097,63871]","[47902,50629,43072,32613,35523,18091,61628,23726,18865,38256,64483,64588,16597,2589,62206,32703,64609,19977,64991,55304,18300,40750,8780,26006,10525,36298,18622,62931,16337,5708,11103,1402]","true","ciphertext_artifacts/mul_iter038_c1.seal","1835121","d85462698c0d886f43b8d304f18da4826c3b4f5519c69ca16c042bd40bab0a22","1835121","d85462698c0d886f43b8d304f18da4826c3b4f5519c69ca16c042bd40bab0a22","true","true","ciphertext_artifacts/mul_iter038_c2.seal","1835121","7c4bf1644fa220a99a45bc3b74259533629fdf5c329c009cb71022035d25da9a","1835121","7c4bf1644fa220a99a45bc3b74259533629fdf5c329c009cb71022035d25da9a","true","true","true","11.436300","10.998800","22.435100","0.002700","1.244600","13.129700","3.186500","3.248800","0.800600","10.504400","2.931200","6.022100","0.660900","7.948100","2.390100","8.210300","0.538000","5.817700","1.902800","9.981700","0.400000","4.012700","1.281100","11.282200","0.264800","2.582200","0.805400","30080066176000","30080083739500","30080066178700","30080067423300","30080080553000","30080083806400","30080101291400","30080087055200","30080087855800","30080098360200","30080101366400","30080118387600","30080107388500","30080108049400","30080115997500","30080118450900","30080134919700","30080126661200","30080127199200","30080133016900","30080134985800","30080150661300","30080144967500","30080145367500","30080149380200","30080150739100","30080165673700","30080162021300","30080162286100","30080164868300","0.596100","157.562100","0","25","total plaintext payload 1024bit; m1/m2 encrypted as c1/c2; each measured step includes operand alignment, multiply, relinearize, and result mod-switch; eval_chain_ms is continuous step1-to-step6 wall time"
"MUL","39","17.996300","17.376700","17.003300","16.396700","15.573100","14.760900","PACKAGE22_mul_100_20260825_142742_621","Multiplication depth6","42","-8915734201981822196","1024","128","true","true","true","32","true","32","true","32","17.996300","17.376700","17.003300","16.396700","15.573100","14.760900","99.604300","99.107000","16.517833","{""m1"":[64252,24997,42720,12167,64542,8570,34882,52750,39677,15811,50904,4144,11420,32786,8648,49673,37044,32990,56555,22327,37523,11012,4360,6135,29842,23479,48441,52328,3142,58104,37378,46061],""m2"":[45789,20472,41473,53523,34382,50375,33767,10840,43589,3947,4572,22647,950,11886,61647,47085,37581,48683,63901,44488,9124,64968,60802,3687,34923,48901,49705,51204,44255,22738,44041,17997]}","[32320,13586,24443,18032,6800,16165,64007,15775,21553,31024,57970,40276,38715,50445,48517,25642,26220,2428,50886,14310,13836,12154,1557,11929,16002,23656,43192,59647,39052,29566,40251,30254]","[32320,13586,24443,18032,6800,16165,64007,15775,21553,31024,57970,40276,38715,50445,48517,25642,26220,2428,50886,14310,13836,12154,1557,11929,16002,23656,43192,59647,39052,29566,40251,30254]","[{""label"":""c1=Enc(m1)"",""active_slots"":32,""logical_bits_per_active_slot"":16,""payload_bits_per_block"":512,""ciphertext_size"":2,""chain_index"":6,""fingerprint64"":""5759219b80dacbc4""},{""label"":""c2=Enc(m2)"",""active_slots"":32,""logical_bits_per_active_slot"":16,""payload_bits_per_block"":512,""ciphertext_size"":2,""chain_index"":6,""fingerprint64"":""c1c791e0cdb66edd""}]","[64252,24997,42720,12167,64542,8570,34882,52750,39677,15811,50904,4144,11420,32786,8648,49673,37044,32990,56555,22327,37523,11012,4360,6135,29842,23479,48441,52328,3142,58104,37378,46061]","[45789,20472,41473,53523,34382,50375,33767,10840,43589,3947,4572,22647,950,11886,61647,47085,37581,48683,63901,44488,9124,64968,60802,3687,34923,48901,49705,51204,44255,22738,44041,17997]","true","ciphertext_artifacts/mul_iter039_c1.seal","1835121","366c2e96af9a85c2efadf5af0b8ec9f4da75fa4ef36d7847fdb9daa92a8c3080","1835121","366c2e96af9a85c2efadf5af0b8ec9f4da75fa4ef36d7847fdb9daa92a8c3080","true","true","ciphertext_artifacts/mul_iter039_c2.seal","1835121","3137c9c5615dd8edf6146eddf7cf39f44f556cdb34e2e600267fae849674521a","1835121","3137c9c5615dd8edf6146eddf7cf39f44f556cdb34e2e600267fae849674521a","true","true","true","14.111200","11.561200","25.672400","0.002300","1.181800","13.592700","3.219500","3.187700","0.794600","10.509100","2.885300","5.910200","0.666000","7.986700","2.440400","8.158500","0.540100","5.826000","1.872100","9.886300","0.395300","3.980600","1.310900","11.230500","0.266900","2.476700","0.786800","30080922786300","30080940782600","30080922788600","30080923970400","30080937563100","30080940851100","30080958227800","30080944038800","30080944833400","30080955342500","30080958303300","30080975306600","30080964213500","30080964879500","30080972866200","30080975371300","30080991768000","30080983529800","30080984069900","30080989895900","30080991830100","30081007403200","30081001716400","30081002111700","30081006092300","30081007467000","30081022227900","30081018697500","30081018964400","30081021441100","0.614800","162.302500","0","25","total plaintext payload 1024bit; m1/m2 encrypted as c1/c2; each measured step includes operand alignment, multiply, relinearize, and result mod-switch; eval_chain_ms is continuous step1-to-step6 wall time"
"MUL","40","17.698500","17.340600","17.034100","16.414300","15.584500","15.041500","PACKAGE22_mul_100_20260825_142742_621","Multiplication depth6","42","2782236394861961079","1024","128","true","true","true","32","true","32","true","32","17.698500","17.340600","17.034100","16.414300","15.584500","15.041500","99.589400","99.113500","16.518917","{""m1"":[65206,46211,60473,61580,6299,22983,40076,42203,61350,62387,45950,63258,24619,61354,8110,15570,47223,7842,34549,3679,27813,19667,5248,4452,31236,22943,61830,18453,42191,64670,27656,24768],""m2"":[56850,11691,59634,45920,12621,61171,57918,63162,21433,20858,35093,33591,12946,4864,29578,8829,25283,51979,53539,37888,59277,54009,10596,5064,17887,19622,34150,50446,5724,12920,25863,39415]}","[25303,49200,41187,58744,13446,28172,37078,20973,58427,10272,4616,21847,50547,18419,19440,12647,12313,54965,53301,61094,61493,63911,40439,48424,64944,58074,22176,13214,25231,13618,7560,16326]","[25303,49200,41187,58744,13446,28172,37078,20973,58427,10272,4616,21847,50547,18419,19440,12647,12313,54965,53301,61094,61493,63911,40439,48424,64944,58074,22176,13214,25231,13618,7560,16326]","[{""label"":""c1=Enc(m1)"",""active_slots"":32,""logical_bits_per_active_slot"":16,""payload_bits_per_block"":512,""ciphertext_size"":2,""chain_index"":6,""fingerprint64"":""4b3fd483b5689bf1""},{""label"":""c2=Enc(m2)"",""active_slots"":32,""logical_bits_per_active_slot"":16,""payload_bits_per_block"":512,""ciphertext_size"":2,""chain_index"":6,""fingerprint64"":""c1c3e951970827fc""}]","[65206,46211,60473,61580,6299,22983,40076,42203,61350,62387,45950,63258,24619,61354,8110,15570,47223,7842,34549,3679,27813,19667,5248,4452,31236,22943,61830,18453,42191,64670,27656,24768]","[56850,11691,59634,45920,12621,61171,57918,63162,21433,20858,35093,33591,12946,4864,29578,8829,25283,51979,53539,37888,59277,54009,10596,5064,17887,19622,34150,50446,5724,12920,25863,39415]","true","ciphertext_artifacts/mul_iter040_c1.seal","1835121","bacde67528bb5e32635a4400d17c5e4e7809e4be1774d29325f3018306658bfa","1835121","bacde67528bb5e32635a4400d17c5e4e7809e4be1774d29325f3018306658bfa","true","true","ciphertext_artifacts/mul_iter040_c2.seal","1835121","4b266eb3cfa03f67b82c13339136da565e44c4a201827d9936fc4a355151e248","1835121","4b266eb3cfa03f67b82c13339136da565e44c4a201827d9936fc4a355151e248","true","true","true","11.425700","11.153000","22.578700","0.003000","1.208500","13.267700","3.219300","3.145900","0.800200","10.474600","2.919900","5.962700","0.692200","8.009100","2.370100","8.200200","0.530400","5.813100","1.870600","9.886100","0.413000","3.994200","1.291200","11.405900","0.276200","2.551800","0.807600","30081776833800","30081794532300","30081776836800","30081778045300","30081791313000","30081794603600","30081811944200","30081797749500","30081798549700","30081809024300","30081812008200","30081829042300","30081817970900","30081818663100","30081826672200","30081829109400","30081845523700","30081837309600","30081837840000","30081843653100","30081845585800","30081861170300","30081855471900","30081855884900","30081859879100","30081861234300","30081876275800","30081872640200","30081872916400","30081875468200","0.604100","158.880300","0","25","total plaintext payload 1024bit; m1/m2 encrypted as c1/c2; each measured step includes operand alignment, multiply, relinearize, and result mod-switch; eval_chain_ms is continuous step1-to-step6 wall time"
"MUL","41","18.238800","17.272800","16.965600","16.476900","15.783800","14.832100","PACKAGE22_mul_100_20260825_142742_621","Multiplication depth6","42","-3975263347466067102","1024","128","true","true","true","32","true","32","true","32","18.238800","17.272800","16.965600","16.476900","15.783800","14.832100","100.279700","99.570000","16.595000","{""m1"":[48964,5233,62236,58237,36187,15764,46500,62795,4077,60519,5547,59323,54544,30743,15669,47797,15500,2872,27082,38856,32585,56619,1185,65331,54975,25499,14600,45356,32406,63714,30409,54925],""m2"":[55940,18657,16701,5304,20758,3755,7272,18181,18533,4781,20092,31437,25891,18703,57725,13580,58543,36287,47225,63173,34935,60986,45484,52043,60151,14713,4105,16811,13691,17941,4220,42579]}","[56931,38570,53502,45976,35449,10748,56541,52870,20052,19895,47217,20354,34150,63571,9056,63190,19803,43167,21464,56777,59201,32450,31568,12192,49770,48620,13221,54778,50686,37593,61132,11408]","[56931,38570,53502,45976,35449,10748,56541,52870,20052,19895,47217,20354,34150,63571,9056,63190,19803,43167,21464,56777,59201,32450,31568,12192,49770,48620,13221,54778,50686,37593,61132,11408]","[{""label"":""c1=Enc(m1)"",""active_slots"":32,""logical_bits_per_active_slot"":16,""payload_bits_per_block"":512,""ciphertext_size"":2,""chain_index"":6,""fingerprint64"":""648c6d4e69276ed3""},{""label"":""c2=Enc(m2)"",""active_slots"":32,""logical_bits_per_active_slot"":16,""payload_bits_per_block"":512,""ciphertext_size"":2,""chain_index"":6,""fingerprint64"":""e0fb4c226fb482c0""}]","[48964,5233,62236,58237,36187,15764,46500,62795,4077,60519,5547,59323,54544,30743,15669,47797,15500,2872,27082,38856,32585,56619,1185,65331,54975,25499,14600,45356,32406,63714,30409,54925]","[55940,18657,16701,5304,20758,3755,7272,18181,18533,4781,20092,31437,25891,18703,57725,13580,58543,36287,47225,63173,34935,60986,45484,52043,60151,14713,4105,16811,13691,17941,4220,42579]","true","ciphertext_artifacts/mul_iter041_c1.seal","1835121","737daba0f88781975d4c8639e24e48975f2c1efd1f9a4dcbe7248daa289780cc","1835121","737daba0f88781975d4c8639e24e48975f2c1efd1f9a4dcbe7248daa289780cc","true","true","ciphertext_artifacts/mul_iter041_c2.seal","1835121","3c2da2eacc7e33760c74cff9007d492b18b82481f1fe3c929d1a69259c61206b","1835121","3c2da2eacc7e33760c74cff9007d492b18b82481f1fe3c929d1a69259c61206b","true","true","true","11.518100","11.056500","22.574600","0.003800","1.538000","13.460300","3.236700","3.173000","0.815900","10.397700","2.886200","5.940200","0.714400","7.935500","2.375500","8.169700","0.551100","5.815000","1.941100","10.005900","0.422900","4.048600","1.306400","11.270100","0.265300","2.495700","0.801000","30082644324800","30082662563600","30082644328600","30082645866600","30082659326900","30082662630800","30082679903600","30082665803800","30082666619700","30082677017400","30082679975000","30082696940600","30082685915200","30082686629600","30082694565100","30082697007100","30082713484000","30082705176800","30082705727900","30082711542900","30082713560200","30082729344000","30082723566100","30082723989000","30082728037600","30082729409100","30082744241200","30082740679200","30082740944500","30082743440200","0.637300","162.254100","0","25","total plaintext payload 1024bit; m1/m2 encrypted as c1/c2; each measured step includes operand alignment, multiply, relinearize, and result mod-switch; eval_chain_ms is continuous step1-to-step6 wall time"
"MUL","42","21.797900","18.449600","17.397300","16.922200","15.802000","14.902900","PACKAGE22_mul_100_20260825_142742_621","Multiplication depth6","42","7723253174046435149","1024","128","true","true","true","32","true","32","true","32","21.797900","18.449600","17.397300","16.922200","15.802000","14.902900","105.943100","105.271900","17.545317","{""m1"":[58350,52500,15813,16032,57689,60086,48164,14258,64243,36476,17126,33122,26219,10222,56296,29933,4623,50792,62816,35749,38803,42646,64251,10504,49293,63848,65277,56966,21079,8083,22375,49650],""m2"":[36494,55871,55411,5880,61996,11707,46986,58257,31780,6460,60720,6770,46033,24642,33922,19419,4333,33657,33714,680,44062,48464,61571,39002,47344,45906,54849,43854,13036,25529,55666,57546]}","[59459,37104,65485,36118,3609,62864,36551,43713,45798,31313,52118,53184,42843,10754,37673,23072,48172,2683,70,49346,8451,45643,34921,42239,65219,4273,23570,60466,57682,60852,35247,63086]","[59459,37104,65485,36118,3609,62864,36551,43713,45798,31313,52118,53184,42843,10754,37673,23072,48172,2683,70,49346,8451,45643,34921,42239,65219,4273,23570,60466,57682,60852,35247,63086]","[{""label"":""c1=Enc(m1)"",""active_slots"":32,""logical_bits_per_active_slot"":16,""payload_bits_per_block"":512,""ciphertext_size"":2,""chain_index"":6,""fingerprint64"":""105b9a50120f0369""},{""label"":""c2=Enc(m2)"",""active_slots"":32,""logical_bits_per_active_slot"":16,""payload_bits_per_block"":512,""ciphertext_size"":2,""chain_index"":6,""fingerprint64"":""ad325bdcad3ded3e""}]","[58350,52500,15813,16032,57689,60086,48164,14258,64243,36476,17126,33122,26219,10222,56296,29933,4623,50792,62816,35749,38803,42646,64251,10504,49293,63848,65277,56966,21079,8083,22375,49650]","[36494,55871,55411,5880,61996,11707,46986,58257,31780,6460,60720,6770,46033,24642,33922,19419,4333,33657,33714,680,44062,48464,61571,39002,47344,45906,54849,43854,13036,25529,55666,57546]","true","ciphertext_artifacts/mul_iter042_c1.seal","1835121","418e97be08262c059ef495216a18e23c43783048a6de2fecf5827bebb5e77347","1835121","418e97be08262c059ef495216a18e23c43783048a6de2fecf5827bebb5e77347","true","true","ciphertext_artifacts/mul_iter042_c2.seal","1835121","f8c0462eb35b9446c714e3b4d562530339fb682e660d2082aa4a5d92171d41b3","1835121","f8c0462eb35b9446c714e3b4d562530339fb682e660d2082aa4a5d92171d41b3","true","true","true","11.563100","11.389500","22.952600","0.002500","1.220900","16.927000","3.647500","3.615900","0.883300","10.951100","2.999300","6.016800","0.677600","8.206900","2.496000","8.409500","0.547900","5.960400","2.004400","10.038300","0.407600","4.067400","1.288700","11.303600","0.268700","2.529000","0.801600","30083496061400","30083517859300","30083496063900","30083497284800","30083514211800","30083518115400","30083536565000","30083521731300","30083522614600","30083533565700","30083536632700","30083554030000","30083542649500","30083543327100","30083551534000","30083554097400","30083571019600","30083562506900","30083563054800","30083569015200","30083571082500","30083586884500","30083581120800","30083581528400","30083585595800","30083586951400","30083601854300","30083598255000","30083598523700","30083601052700","0.618700","167.265600","0","25","total plaintext payload 1024bit; m1/m2 encrypted as c1/c2; each measured step includes operand alignment, multiply, relinearize, and result mod-switch; eval_chain_ms is continuous step1-to-step6 wall time"
"MUL","43","17.658900","17.338100","16.910400","16.338900","15.608000","14.809600","PACKAGE22_mul_100_20260825_142742_621","Multiplication depth6","42","965471888032181176","1024","128","true","true","true","32","true","32","true","32","17.658900","17.338100","16.910400","16.338900","15.608000","14.809600","99.176900","98.663900","16.443983","{""m1"":[55982,38533,50104,23494,30614,22294,1712,41289,12976,4772,23721,6188,58779,35917,50223,10959,6267,40812,51704,42728,37256,56684,36720,52611,65130,48833,47869,36840,28608,8141,26637,16594],""m2"":[19988,53579,49291,10145,53693,12266,1199,20786,12963,36704,25703,14701,29904,32304,63730,20081,22319,22762,452,30548,7742,43110,26430,51963,43624,15700,62140,10810,7498,17058,15625,31363]}","[42237,17928,58814,42343,17284,51647,36928,64627,52916,4422,63423,3253,56208,61061,19937,1942,30496,7555,24905,53723,50677,17411,54883,17386,16487,37415,47268,62732,25677,13915,1627,62545]","[42237,17928,58814,42343,17284,51647,36928,64627,52916,4422,63423,3253,56208,61061,19937,1942,30496,7555,24905,53723,50677,17411,54883,17386,16487,37415,47268,62732,25677,13915,1627,62545]","[{""label"":""c1=Enc(m1)"",""active_slots"":32,""logical_bits_per_active_slot"":16,""payload_bits_per_block"":512,""ciphertext_size"":2,""chain_index"":6,""fingerprint64"":""803d3d45da2f1c17""},{""label"":""c2=Enc(m2)"",""active_slots"":32,""logical_bits_per_active_slot"":16,""payload_bits_per_block"":512,""ciphertext_size"":2,""chain_index"":6,""fingerprint64"":""b712715bb9fd2b98""}]","[55982,38533,50104,23494,30614,22294,1712,41289,12976,4772,23721,6188,58779,35917,50223,10959,6267,40812,51704,42728,37256,56684,36720,52611,65130,48833,47869,36840,28608,8141,26637,16594]","[19988,53579,49291,10145,53693,12266,1199,20786,12963,36704,25703,14701,29904,32304,63730,20081,22319,22762,452,30548,7742,43110,26430,51963,43624,15700,62140,10810,7498,17058,15625,31363]","true","ciphertext_artifacts/mul_iter043_c1.seal","1835121","44e97f60d1a994d3becd32666acf9220fa9ba5b346b270b6675f4528c0326123","1835121","44e97f60d1a994d3becd32666acf9220fa9ba5b346b270b6675f4528c0326123","true","true","ciphertext_artifacts/mul_iter043_c2.seal","1835121","e861aa73ee47b71ad811c1b2cef26df7297254ae2a1ceaed02ae45f2f6056015","1835121","e861aa73ee47b71ad811c1b2cef26df7297254ae2a1ceaed02ae45f2f6056015","true","true","true","11.397600","11.080500","22.478100","0.002500","1.171400","13.264300","3.220700","3.181200","0.792600","10.422500","2.941800","5.905100","0.660700","7.953900","2.390700","8.108300","0.532100","5.823800","1.874700","9.909100","0.397400","4.031000","1.270500","11.243700","0.267600","2.491900","0.806400","30084349089200","30084366748100","30084349091700","30084350263100","30084363527400","30084366820000","30084384158100","30084370001200","30084370793800","30084381216300","30084384224700","30084401135100","30084390129800","30084390790500","30084398744400","30084401213200","30084417552100","30084409321500","30084409853600","30084415677400","30084417632400","30084433240400","30084427541500","30084427938900","30084431969900","30084433308100","30084448117700","30084444551800","30084444819400","30084447311300","0.624900","157.846600","0","25","total plaintext payload 1024bit; m1/m2 encrypted as c1/c2; each measured step includes operand alignment, multiply, relinearize, and result mod-switch; eval_chain_ms is continuous step1-to-step6 wall time"
"MUL","44","17.674500","17.280800","16.939200","16.321800","15.584500","14.727700","PACKAGE22_mul_100_20260825_142742_621","Multiplication depth6","42","-5782742487189213277","1024","128","true","true","true","32","true","32","true","32","17.674500","17.280800","16.939200","16.321800","15.584500","14.727700","99.021100","98.528500","16.421417","{""m1"":[4571,50828,27242,33873,11029,62063,59553,6882,292,33800,20723,14296,48096,29949,32301,8502,49219,62508,38471,54786,30516,23015,44666,38509,58531,10132,18545,11662,49562,31217,46885,39081],""m2"":[41165,59481,41860,42257,24955,19917,9913,9863,58764,10649,35969,42455,45273,29709,20330,39473,59054,36821,30678,6387,41967,29304,1956,11661,51454,59167,3483,22836,15104,4571,11611,8268]}","[12058,20642,27326,64208,58909,22423,36253,51642,41668,59632,5835,27764,45812,56999,46738,37405,54650,23775,64628,49444,1601,49402,45245,6849,49207,8311,38383,55460,65102,14040,31455,32834]","[12058,20642,27326,64208,58909,22423,36253,51642,41668,59632,5835,27764,45812,56999,46738,37405,54650,23775,64628,49444,1601,49402,45245,6849,49207,8311,38383,55460,65102,14040,31455,32834]","[{""label"":""c1=Enc(m1)"",""active_slots"":32,""logical_bits_per_active_slot"":16,""payload_bits_per_block"":512,""ciphertext_size"":2,""chain_index"":6,""fingerprint64"":""92fe82510f2448af""},{""label"":""c2=Enc(m2)"",""active_slots"":32,""logical_bits_per_active_slot"":16,""payload_bits_per_block"":512,""ciphertext_size"":2,""chain_index"":6,""fingerprint64"":""467fc70735e84864""}]","[4571,50828,27242,33873,11029,62063,59553,6882,292,33800,20723,14296,48096,29949,32301,8502,49219,62508,38471,54786,30516,23015,44666,38509,58531,10132,18545,11662,49562,31217,46885,39081]","[41165,59481,41860,42257,24955,19917,9913,9863,58764,10649,35969,42455,45273,29709,20330,39473,59054,36821,30678,6387,41967,29304,1956,11661,51454,59167,3483,22836,15104,4571,11611,8268]","true","ciphertext_artifacts/mul_iter044_c1.seal","1835121","ee9ff194e8e4f74e19c1e5f1e3cf05df1abf273ddbbf01e9c92c607f3221c6c5","1835121","ee9ff194e8e4f74e19c1e5f1e3cf05df1abf273ddbbf01e9c92c607f3221c6c5","true","true","ciphertext_artifacts/mul_iter044_c2.seal","1835121","5773cd34635053bd7197d51322c768476cc44aa65b2a03094bc632199855a01b","1835121","5773cd34635053bd7197d51322c768476cc44aa65b2a03094bc632199855a01b","true","true","true","11.575700","11.258400","22.834100","0.002500","1.173200","13.309500","3.189300","3.153600","0.800100","10.452300","2.874800","5.915000","0.656100","7.936000","2.432100","8.123400","0.528800","5.782800","1.886800","9.876400","0.396300","4.015200","1.296600","11.184600","0.269000","2.484600","0.789500","30085222284700","30085239959200","30085222287200","30085223460400","30085236769900","30085240022900","30085257303700","30085243176500","30085243976600","30085254428900","30085257372600","30085274311800","30085263287600","30085263943700","30085271879700","30085274382600","30085290704400","30085282506000","30085283034800","30085288817600","30085290769600","30085306354100","30085300646000","30085301042300","30085305057500","30085306416100","30085321143800","30085317600700","30085317869700","30085320354300","0.619400","159.300600","0","25","total plaintext payload 1024bit; m1/m2 encrypted as c1/c2; each measured step includes operand alignment, multiply, relinearize, and result mod-switch; eval_chain_ms is continuous step1-to-step6 wall time"
"MUL","45","17.639300","17.503100","17.062800","16.888800","20.886700","15.830600","PACKAGE22_mul_100_20260825_142742_621","Multiplication depth6","42","5906220369200395150","1024","128","true","true","true","32","true","32","true","32","17.639300","17.503100","17.062800","16.888800","20.886700","15.830600","106.467700","105.811300","17.635217","{""m1"":[24604,49718,26499,25751,59475,51071,44181,13761,27974,41958,39641,39428,27339,41133,23223,908,60346,43687,60941,17890,39667,22672,18476,49570,27951,32080,8779,29843,61236,25927,63759,515],""m2"":[45405,16162,3045,13678,42965,32292,22877,23207,51511,36659,32224,43294,37996,41121,30159,37447,10630,11127,17491,54935,47081,49719,4983,52240,20982,54864,29233,35967,26257,21142,54283,13514]}","[47481,36120,50844,43298,14306,20007,63924,14728,43955,2764,5698,32244,4441,22736,17974,11076,52842,5710,5853,47974,37477,40678,53080,39128,23699,14901,3947,34348,10726,63464,51225,7235]","[47481,36120,50844,43298,14306,20007,63924,14728,43955,2764,5698,32244,4441,22736,17974,11076,52842,5710,5853,47974,37477,40678,53080,39128,23699,14901,3947,34348,10726,63464,51225,7235]","[{""label"":""c1=Enc(m1)"",""active_slots"":32,""logical_bits_per_active_slot"":16,""payload_bits_per_block"":512,""ciphertext_size"":2,""chain_index"":6,""fingerprint64"":""6ba6e14f8b7ef419""},{""label"":""c2=Enc(m2)"",""active_slots"":32,""logical_bits_per_active_slot"":16,""payload_bits_per_block"":512,""ciphertext_size"":2,""chain_index"":6,""fingerprint64"":""082e5d655eeb58f5""}]","[24604,49718,26499,25751,59475,51071,44181,13761,27974,41958,39641,39428,27339,41133,23223,908,60346,43687,60941,17890,39667,22672,18476,49570,27951,32080,8779,29843,61236,25927,63759,515]","[45405,16162,3045,13678,42965,32292,22877,23207,51511,36659,32224,43294,37996,41121,30159,37447,10630,11127,17491,54935,47081,49719,4983,52240,20982,54864,29233,35967,26257,21142,54283,13514]","true","ciphertext_artifacts/mul_iter045_c1.seal","1835121","4e428a29cf6ce9cee27a88c85e437991932c3bc157afc0f52aed5c230be98e8d","1835121","4e428a29cf6ce9cee27a88c85e437991932c3bc157afc0f52aed5c230be98e8d","true","true","ciphertext_artifacts/mul_iter045_c2.seal","1835121","b0787fd766d2684d01ce72a07924fb5065811d6bc2e1329f5e967cc2310ae235","1835121","b0787fd766d2684d01ce72a07924fb5065811d6bc2e1329f5e967cc2310ae235","true","true","true","11.489300","11.076300","22.565600","0.002700","1.200000","13.195100","3.241500","3.239000","0.787900","10.489300","2.986900","5.945900","0.661700","8.027200","2.428000","8.483200","0.533900","5.955500","1.916200","14.026600","0.417800","4.475300","1.967000","12.064700","0.273300","2.642300","0.850300","30086083842400","30086101481700","30086083845100","30086085045100","30086098240200","30086101546100","30086119049200","30086104785100","30086105573000","30086116062300","30086119118400","30086136181200","30086125064300","30086125726000","30086133753200","30086136246400","30086153135200","30086144729600","30086145263500","30086151219000","30086153211300","30086174098000","30086167237900","30086167655700","30086172131000","30086174325100","30086190155700","30086186389800","30086186663100","30086189305400","0.633500","168.073200","0","25","total plaintext payload 1024bit; m1/m2 encrypted as c1/c2; each measured step includes operand alignment, multiply, relinearize, and result mod-switch; eval_chain_ms is continuous step1-to-step6 wall time"
"MUL","46","17.704800","17.397700","16.903800","16.405100","15.620400","14.795200","PACKAGE22_mul_100_20260825_142742_621","Multiplication depth6","42","-882521987440166919","1024","128","true","true","true","32","true","32","true","32","17.704800","17.397700","16.903800","16.405100","15.620400","14.795200","99.305700","98.827000","16.471167","{""m1"":[25627,20552,60618,20191,11593,13921,14579,54664,49198,25622,54437,29536,48564,14114,61873,29481,24738,3118,24591,26145,38739,45097,64347,29803,60414,59473,13799,48770,47374,20775,19112,25197],""m2"":[20860,48387,48359,5021,19880,31453,27614,2326,49003,29560,10791,441,49190,50596,12760,54210,60131,19413,41770,40343,294,22184,38189,17924,6937,36590,64789,25222,24305,3640,54152,26270]}","[43929,38573,2125,27948,46529,40709,8921,40582,11807,21537,54490,7105,54388,46557,28416,49318,624,24560,38645,14106,27657,63476,14148,21812,4838,54748,52386,21933,8314,39224,11034,39301]","[43929,38573,2125,27948,46529,40709,8921,40582,11807,21537,54490,7105,54388,46557,28416,49318,624,24560,38645,14106,27657,63476,14148,21812,4838,54748,52386,21933,8314,39224,11034,39301]","[{""label"":""c1=Enc(m1)"",""active_slots"":32,""logical_bits_per_active_slot"":16,""payload_bits_per_block"":512,""ciphertext_size"":2,""chain_index"":6,""fingerprint64"":""d8c94313ec057aa8""},{""label"":""c2=Enc(m2)"",""active_slots"":32,""logical_bits_per_active_slot"":16,""payload_bits_per_block"":512,""ciphertext_size"":2,""chain_index"":6,""fingerprint64"":""63918e57e552d85f""}]","[25627,20552,60618,20191,11593,13921,14579,54664,49198,25622,54437,29536,48564,14114,61873,29481,24738,3118,24591,26145,38739,45097,64347,29803,60414,59473,13799,48770,47374,20775,19112,25197]","[20860,48387,48359,5021,19880,31453,27614,2326,49003,29560,10791,441,49190,50596,12760,54210,60131,19413,41770,40343,294,22184,38189,17924,6937,36590,64789,25222,24305,3640,54152,26270]","true","ciphertext_artifacts/mul_iter046_c1.seal","1835121","02432e6022d599508ad421076b393ade0cf97796da20ba58c222a4ebd3e2f29a","1835121","02432e6022d599508ad421076b393ade0cf97796da20ba58c222a4ebd3e2f29a","true","true","ciphertext_artifacts/mul_iter046_c2.seal","1835121","84337254afe17dacaf3ae7f934c0c1e566a9f61c52eecf1a4488f883e8a7a98a","1835121","84337254afe17dacaf3ae7f934c0c1e566a9f61c52eecf1a4488f883e8a7a98a","true","true","true","11.485000","11.172500","22.657500","0.002400","1.173500","13.274700","3.254200","3.249200","0.798400","10.463900","2.886200","5.880400","0.663800","7.978500","2.381100","8.189600","0.528600","5.830000","1.856900","9.933200","0.395900","4.014600","1.276700","11.260500","0.264700","2.480700","0.789300","30086960186400","30086977891200","30086960188800","30086961362300","30086974637000","30086977962100","30086995359800","30086981211300","30086982009700","30086992473600","30086995428600","30087012332400","30087001309000","30087001972800","30087009951300","30087012395100","30087028800200","30087020584700","30087021113300","30087026943300","30087028861100","30087044481500","30087038794300","30087039190200","30087043204800","30087044542800","30087059338000","30087055803300","30087056068000","30087058548700","0.614700","159.795700","0","25","total plaintext payload 1024bit; m1/m2 encrypted as c1/c2; each measured step includes operand alignment, multiply, relinearize, and result mod-switch; eval_chain_ms is continuous step1-to-step6 wall time"
"MUL","47","18.021400","17.337000","17.033000","16.818200","15.776600","14.847500","PACKAGE22_mul_100_20260825_142742_621","Multiplication depth6","42","-7919543973811143708","1024","128","true","true","true","32","true","32","true","32","18.021400","17.337000","17.033000","16.818200","15.776600","14.847500","100.349100","99.833700","16.638950","{""m1"":[41384,37236,42608,28315,65119,8872,41981,59927,19806,27074,50518,58250,47932,4709,58762,4124,2410,2504,29442,40500,5765,43949,642,62578,23608,49075,7796,38061,6029,10140,41113,10867],""m2"":[50744,60116,53040,44256,13037,10344,38609,49854,32637,36267,60215,9458,12376,21911,40266,33589,35795,11811,25664,16544,17826,18266,62973,55303,16923,40059,20844,33073,6354,2022,5809,29621]}","[24069,53679,27045,46329,54593,62226,56022,7038,61893,6744,28432,36344,49300,51352,5975,49671,22923,37759,40903,19712,36695,49708,12329,29241,7883,19527,22990,42679,55005,5049,43698,52451]","[24069,53679,27045,46329,54593,62226,56022,7038,61893,6744,28432,36344,49300,51352,5975,49671,22923,37759,40903,19712,36695,49708,12329,29241,7883,19527,22990,42679,55005,5049,43698,52451]","[{""label"":""c1=Enc(m1)"",""active_slots"":32,""logical_bits_per_active_slot"":16,""payload_bits_per_block"":512,""ciphertext_size"":2,""chain_index"":6,""fingerprint64"":""88f3dc38dc149dd1""},{""label"":""c2=Enc(m2)"",""active_slots"":32,""logical_bits_per_active_slot"":16,""payload_bits_per_block"":512,""ciphertext_size"":2,""chain_index"":6,""fingerprint64"":""4732a1007f093f99""}]","[41384,37236,42608,28315,65119,8872,41981,59927,19806,27074,50518,58250,47932,4709,58762,4124,2410,2504,29442,40500,5765,43949,642,62578,23608,49075,7796,38061,6029,10140,41113,10867]","[50744,60116,53040,44256,13037,10344,38609,49854,32637,36267,60215,9458,12376,21911,40266,33589,35795,11811,25664,16544,17826,18266,62973,55303,16923,40059,20844,33073,6354,2022,5809,29621]","true","ciphertext_artifacts/mul_iter047_c1.seal","1835121","704007ddb0cf3b1adc39d6313b9e901b91dd8ddeb3de97c81cc357650f60a038","1835121","704007ddb0cf3b1adc39d6313b9e901b91dd8ddeb3de97c81cc357650f60a038","true","true","ciphertext_artifacts/mul_iter047_c2.seal","1835121","2cf35708ee457db7fc7cddb11fa90fc51aa7a1aac2a10b57594dc65f12e73c48","1835121","2cf35708ee457db7fc7cddb11fa90fc51aa7a1aac2a10b57594dc65f12e73c48","true","true","true","11.871700","11.479000","23.350700","0.002500","1.203700","13.514500","3.300700","3.201200","0.795600","10.451400","2.888800","5.880600","0.667600","8.025800","2.459000","8.476100","0.528600","5.921400","1.892100","10.016300","0.404900","4.067200","1.288200","11.279200","0.272300","2.488300","0.807700","30087826721100","30087844742500","30087826723600","30087827927300","30087841441800","30087844811300","30087862148300","30087848012500","30087848808100","30087859259500","30087862209700","30087879242700","30087868090300","30087868757900","30087876783700","30087879316100","30087896134300","30087887792200","30087888320800","30087894242200","30087896205500","30087911982100","30087906221800","30087906626700","30087910693900","30087912047600","30087926895100","30087923326800","30087923599100","30087926087400","0.612100","159.647500","0","25","total plaintext payload 1024bit; m1/m2 encrypted as c1/c2; each measured step includes operand alignment, multiply, relinearize, and result mod-switch; eval_chain_ms is continuous step1-to-step6 wall time"
"MUL","48","17.909100","18.041300","17.018300","16.431400","15.594800","14.772400","PACKAGE22_mul_100_20260825_142742_621","Multiplication depth6","42","3769982923470356431","1024","128","true","true","true","32","true","32","true","32","17.909100","18.041300","17.018300","16.431400","15.594800","14.772400","100.257900","99.767300","16.627883","{""m1"":[17568,29007,20414,48218,43283,2932,57314,60828,39104,19429,36744,14701,40543,41412,9524,12962,3828,23643,14502,60486,41279,16978,19766,15585,59386,19031,43654,4111,25559,25716,41585,48351],""m2"":[59275,29123,5761,40206,56530,12339,37989,32721,49609,11192,39699,133,5392,45951,9625,34755,19927,20992,19508,48093,29876,14161,23176,7604,52424,46368,43401,35153,57207,13524,16265,18672]}","[6137,31167,16460,47790,26709,57864,3965,64588,46276,30340,606,27169,28490,32010,24544,48394,47415,32107,59069,33192,53399,36392,5354,18868,63889,46804,58180,12494,2743,940,44709,9693]","[6137,31167,16460,47790,26709,57864,3965,64588,46276,30340,606,27169,28490,32010,24544,48394,47415,32107,59069,33192,53399,36392,5354,18868,63889,46804,58180,12494,2743,940,44709,9693]","[{""label"":""c1=Enc(m1)"",""active_slots"":32,""logical_bits_per_active_slot"":16,""payload_bits_per_block"":512,""ciphertext_size"":2,""chain_index"":6,""fingerprint64"":""8ff023b05ccde85a""},{""label"":""c2=Enc(m2)"",""active_slots"":32,""logical_bits_per_active_slot"":16,""payload_bits_per_block"":512,""ciphertext_size"":2,""chain_index"":6,""fingerprint64"":""9c5d2d126befcebe""}]","[17568,29007,20414,48218,43283,2932,57314,60828,39104,19429,36744,14701,40543,41412,9524,12962,3828,23643,14502,60486,41279,16978,19766,15585,59386,19031,43654,4111,25559,25716,41585,48351]","[59275,29123,5761,40206,56530,12339,37989,32721,49609,11192,39699,133,5392,45951,9625,34755,19927,20992,19508,48093,29876,14161,23176,7604,52424,46368,43401,35153,57207,13524,16265,18672]","true","ciphertext_artifacts/mul_iter048_c1.seal","1835121","bfd1fa4ea387aa54e83bc90d94889a6a852ddac1ad2f4567c1c153b1f3e03f9d","1835121","bfd1fa4ea387aa54e83bc90d94889a6a852ddac1ad2f4567c1c153b1f3e03f9d","true","true","ciphertext_artifacts/mul_iter048_c2.seal","1835121","7cbe459aebaf6dbcb6a6bcdd8678c974955d699d8f9430fdc71a7e4c3117ce7f","1835121","7cbe459aebaf6dbcb6a6bcdd8678c974955d699d8f9430fdc71a7e4c3117ce7f","true","true","true","11.410500","10.988500","22.399000","0.002600","1.189500","13.210300","3.506700","3.639300","0.836500","10.643300","2.922200","5.865800","0.656400","7.979300","2.516800","8.108800","0.529300","5.901700","1.891600","9.820800","0.399200","4.072500","1.302300","11.159400","0.266200","2.536100","0.810700","30088699797100","30088717706200","30088699799700","30088700989200","30088714199500","30088717775300","30088735816600","30088721414600","30088722251100","30088732894400","30088735882000","30088752900300","30088741747800","30088742404200","30088750383500","30088752967000","30088769398400","30088761075800","30088761605100","30088767506800","30088769465000","30088785059800","30088779285800","30088779685000","30088783757500","30088785127600","30088799900000","30088796287000","30088796553200","30088799089300","0.614900","162.455000","0","25","total plaintext payload 1024bit; m1/m2 encrypted as c1/c2; each measured step includes operand alignment, multiply, relinearize, and result mod-switch; eval_chain_ms is continuous step1-to-step6 wall time"
"MUL","49","17.587000","17.421600","16.868500","16.385100","15.646700","14.867300","PACKAGE22_mul_100_20260825_142742_621","Multiplication depth6","42","-2978791163323237318","1024","128","true","true","true","32","true","32","true","32","17.587000","17.421600","16.868500","16.385100","15.646700","14.867300","99.246000","98.776200","16.462700","{""m1"":[34206,30796,22506,2900,29316,3813,38590,59732,7115,52920,24019,40122,19941,11950,52460,63044,58846,58320,59553,63211,22328,27671,2741,52349,48005,13143,48434,60414,19862,4556,16167,35450],""m2"":[27849,49139,51185,47238,28151,47895,55911,46698,3550,17286,20990,3972,63617,64277,40556,48611,42709,38422,2100,47900,48072,17304,33358,56639,7583,13578,550,18742,49851,24438,10558,61490]}","[13808,61684,29410,44377,44672,57990,4822,5363,32305,26330,57188,47677,41386,13637,61767,31851,1780,9324,4561,11839,12250,45941,62425,6109,61072,21794,19990,22327,43575,32297,9292,21594]","[13808,61684,29410,44377,44672,57990,4822,5363,32305,26330,57188,47677,41386,13637,61767,31851,1780,9324,4561,11839,12250,45941,62425,6109,61072,21794,19990,22327,43575,32297,9292,21594]","[{""label"":""c1=Enc(m1)"",""active_slots"":32,""logical_bits_per_active_slot"":16,""payload_bits_per_block"":512,""ciphertext_size"":2,""chain_index"":6,""fingerprint64"":""1233969d36bb6d10""},{""label"":""c2=Enc(m2)"",""active_slots"":32,""logical_bits_per_active_slot"":16,""payload_bits_per_block"":512,""ciphertext_size"":2,""chain_index"":6,""fingerprint64"":""4ca9b1142a4920dd""}]","[34206,30796,22506,2900,29316,3813,38590,59732,7115,52920,24019,40122,19941,11950,52460,63044,58846,58320,59553,63211,22328,27671,2741,52349,48005,13143,48434,60414,19862,4556,16167,35450]","[27849,49139,51185,47238,28151,47895,55911,46698,3550,17286,20990,3972,63617,64277,40556,48611,42709,38422,2100,47900,48072,17304,33358,56639,7583,13578,550,18742,49851,24438,10558,61490]","true","ciphertext_artifacts/mul_iter049_c1.seal","1835121","830fd46f48b23f6ba43c0cd30ff125a89814d0ecef4bb7b6e7886854bcd9eae0","1835121","830fd46f48b23f6ba43c0cd30ff125a89814d0ecef4bb7b6e7886854bcd9eae0","true","true","ciphertext_artifacts/mul_iter049_c2.seal","1835121","251a5caa097bfe05254d2afe9f272e0e4d35a6890f0a358ff71117b7d3637ee6","1835121","251a5caa097bfe05254d2afe9f272e0e4d35a6890f0a358ff71117b7d3637ee6","true","true","true","11.445000","11.089400","22.534400","0.002400","1.173100","13.193200","3.218300","3.209800","0.800600","10.537200","2.874000","5.953900","0.663700","7.906200","2.344700","8.247400","0.527800","5.752000","1.857900","9.994700","0.395900","3.976500","1.279600","11.282500","0.265200","2.504200","0.815400","30089577178900","30089594765900","30089577181300","30089578354400","30089591547600","30089594832900","30089612254500","30089598042700","30089598843300","30089609380500","30089612314300","30089629182800","30089618268200","30089618931900","30089626838100","30089629247700","30089645632800","30089637495100","30089638022900","30089643774900","30089645692800","30089661339500","30089655687500","30089656083400","30089660059900","30089661403500","30089676270800","30089672686000","30089672951200","30089675455400","0.604400","157.454600","0","25","total plaintext payload 1024bit; m1/m2 encrypted as c1/c2; each measured step includes operand alignment, multiply, relinearize, and result mod-switch; eval_chain_ms is continuous step1-to-step6 wall time"
"MUL","50","18.947000","19.088800","17.465900","17.428900","17.101500","20.314300","PACKAGE22_mul_100_20260825_142742_621","Multiplication depth6","42","8710735201397260325","1024","128","true","true","true","32","true","32","true","32","18.947000","19.088800","17.465900","17.428900","17.101500","20.314300","111.025800","110.346400","18.391067","{""m1"":[29880,41592,22888,30925,43149,9982,45804,43698,64638,31322,48320,18376,48791,23046,6020,58395,63458,5127,31571,2304,24120,10696,43325,64993,58030,32935,11218,5319,58519,14354,33981,31187],""m2"":[8153,51473,37133,46042,15446,3508,11288,53361,841,19328,50603,53820,21037,2878,32996,9975,30638,61554,32860,45225,10774,30439,33301,2715,28633,24711,13807,18874,52626,5066,49474,57445]}","[34217,47095,7606,61061,63868,29805,62091,22760,38183,25856,42184,30231,30081,45457,30474,27892,65170,15932,28105,51872,64099,17172,53656,59745,7255,50235,60248,2282,62902,36250,3398,30116]","[34217,47095,7606,61061,63868,29805,62091,22760,38183,25856,42184,30231,30081,45457,30474,27892,65170,15932,28105,51872,64099,17172,53656,59745,7255,50235,60248,2282,62902,36250,3398,30116]","[{""label"":""c1=Enc(m1)"",""active_slots"":32,""logical_bits_per_active_slot"":16,""payload_bits_per_block"":512,""ciphertext_size"":2,""chain_index"":6,""fingerprint64"":""ad1e676545ce1933""},{""label"":""c2=Enc(m2)"",""active_slots"":32,""logical_bits_per_active_slot"":16,""payload_bits_per_block"":512,""ciphertext_size"":2,""chain_index"":6,""fingerprint64"":""50b0548bef6943d2""}]","[29880,41592,22888,30925,43149,9982,45804,43698,64638,31322,48320,18376,48791,23046,6020,58395,63458,5127,31571,2304,24120,10696,43325,64993,58030,32935,11218,5319,58519,14354,33981,31187]","[8153,51473,37133,46042,15446,3508,11288,53361,841,19328,50603,53820,21037,2878,32996,9975,30638,61554,32860,45225,10774,30439,33301,2715,28633,24711,13807,18874,52626,5066,49474,57445]","true","ciphertext_artifacts/mul_iter050_c1.seal","1835121","5794ebbc078957bb3fcf8ab96db90a70e6581299159e813a3da50072101a01d8","1835121","5794ebbc078957bb3fcf8ab96db90a70e6581299159e813a3da50072101a01d8","true","true","ciphertext_artifacts/mul_iter050_c2.seal","1835121","3716429793a41e553184264612dc3ba4b55565edbc9d7402dd0a6bc16e4dcdfc","1835121","3716429793a41e553184264612dc3ba4b55565edbc9d7402dd0a6bc16e4dcdfc","true","true","true","12.035300","11.464200","23.499500","0.002800","1.216700","14.358400","3.369100","3.435000","0.823300","11.806900","3.023600","6.157000","0.687900","8.187000","2.434000","8.587500","0.548200","6.038200","2.255000","11.180100","0.407900","4.206400","1.307100","16.373500","0.283100","2.767200","0.890500","30090482623500","30090501570500","30090482626300","30090483843000","30090498201400","30090501652000","30090520740800","30090505087000","30090505910300","30090517717200","30090520812400","30090538278300","30090526969400","30090527657300","30090535844300","30090538340800","30090555769700","30090546928300","30090547476500","30090553514700","30090555998100","30090573099600","30090567178200","30090567586100","30090571792500","30090573164600","30090593478900","30090589538100","30090589821200","30090592588400","0.882100","182.837200","0","25","total plaintext payload 1024bit; m1/m2 encrypted as c1/c2; each measured step includes operand alignment, multiply, relinearize, and result mod-switch; eval_chain_ms is continuous step1-to-step6 wall time"
"MUL","51","19.048700","19.296400","17.646700","17.035500","16.194600","18.475600","PACKAGE22_mul_100_20260825_142742_621","Multiplication depth6","42","1961957884813952016","1024","128","true","true","true","32","true","32","true","32","19.048700","19.296400","17.646700","17.035500","16.194600","18.475600","108.325700","107.697500","17.949583","{""m1"":[58380,26910,18602,18055,40260,11902,52060,62385,54647,62923,36032,59434,63570,55684,15361,9057,15089,60708,49893,7272,1937,60086,37895,25899,34946,4367,35124,48070,59297,27638,34450,20995],""m2"":[31859,26279,469,41225,44252,35091,37371,47553,18101,59656,55364,38871,57334,28067,10292,8628,39482,39551,41984,53503,11723,29984,32365,33889,28258,46085,18932,58749,21601,52634,17772,54566]}","[9970,37279,20976,31331,8546,40642,5229,27874,39469,13507,2205,19204,2607,52217,53651,40264,17860,2928,49986,47946,25699,42560,20927,40798,44517,8116,32412,36191,50383,48043,52756,40006]","[9970,37279,20976,31331,8546,40642,5229,27874,39469,13507,2205,19204,2607,52217,53651,40264,17860,2928,49986,47946,25699,42560,20927,40798,44517,8116,32412,36191,50383,48043,52756,40006]","[{""label"":""c1=Enc(m1)"",""active_slots"":32,""logical_bits_per_active_slot"":16,""payload_bits_per_block"":512,""ciphertext_size"":2,""chain_index"":6,""fingerprint64"":""d20fb7a67d3a9f3a""},{""label"":""c2=Enc(m2)"",""active_slots"":32,""logical_bits_per_active_slot"":16,""payload_bits_per_block"":512,""ciphertext_size"":2,""chain_index"":6,""fingerprint64"":""570fa472e46e3b73""}]","[58380,26910,18602,18055,40260,11902,52060,62385,54647,62923,36032,59434,63570,55684,15361,9057,15089,60708,49893,7272,1937,60086,37895,25899,34946,4367,35124,48070,59297,27638,34450,20995]","[31859,26279,469,41225,44252,35091,37371,47553,18101,59656,55364,38871,57334,28067,10292,8628,39482,39551,41984,53503,11723,29984,32365,33889,28258,46085,18932,58749,21601,52634,17772,54566]","true","ciphertext_artifacts/mul_iter051_c1.seal","1835121","c2d2588e4d0ed41519c7a7224006c0772d12a0a2669533dabdcff7c2b33fbfca","1835121","c2d2588e4d0ed41519c7a7224006c0772d12a0a2669533dabdcff7c2b33fbfca","true","true","ciphertext_artifacts/mul_iter051_c2.seal","1835121","ac20f9534520ce1c656adc36601645caa1c775e457dbf99963e2482dbb98fb0b","1835121","ac20f9534520ce1c656adc36601645caa1c775e457dbf99963e2482dbb98fb0b","true","true","true","11.747800","11.485400","23.233200","0.002900","1.229600","14.268100","3.548100","3.477000","0.891300","11.840900","3.087200","6.186900","0.696900","8.213300","2.549600","8.459500","0.548700","6.053600","1.973700","10.211500","0.418700","4.215600","1.348800","14.695500","0.277900","2.617300","0.884900","30091436408800","30091455457500","30091436411700","30091437641300","30091451909400","30091455571700","30091474868100","30091459048700","30091459940000","30091471780900","30091474946100","30091492592800","30091481133000","30091481829900","30091490043200","30091492670100","30091509705600","30091501129600","30091501678300","30091507731900","30091509773000","30091525967600","30091519984500","30091520403200","30091524618800","30091526038300","30091544513900","30091540733800","30091541011700","30091543629000","0.911900","174.958600","0","25","total plaintext payload 1024bit; m1/m2 encrypted as c1/c2; each measured step includes operand alignment, multiply, relinearize, and result mod-switch; eval_chain_ms is continuous step1-to-step6 wall time"
"MUL","52","20.563800","17.854000","17.697400","16.756200","15.799600","14.969100","PACKAGE22_mul_100_20260825_142742_621","Multiplication depth6","42","-4795277983329073029","1024","128","true","true","true","32","true","32","true","32","20.563800","17.854000","17.697400","16.756200","15.799600","14.969100","104.639800","103.640100","17.273350","{""m1"":[49190,19951,54942,29174,20544,6204,34397,47656,7567,21625,54140,52761,27059,15859,42326,62210,53466,41788,45569,25953,24409,39016,50319,60098,37677,53725,53322,45010,22043,18658,36392,38621],""m2"":[30913,27675,7048,41044,6413,30264,56367,55881,55619,14767,28641,64227,43653,2638,63869,52127,5733,14496,57949,20545,34062,55008,39286,50541,32577,8502,65351,28983,56593,43007,859,62014]}","[49641,37786,1014,2954,56715,57385,24646,56489,11467,34914,14310,52516,7326,16587,35713,47410,8832,8642,44562,56156,15207,35377,38531,8905,8914,60834,51755,56130,14367,19254,10831,21065]","[49641,37786,1014,2954,56715,57385,24646,56489,11467,34914,14310,52516,7326,16587,35713,47410,8832,8642,44562,56156,15207,35377,38531,8905,8914,60834,51755,56130,14367,19254,10831,21065]","[{""label"":""c1=Enc(m1)"",""active_slots"":32,""logical_bits_per_active_slot"":16,""payload_bits_per_block"":512,""ciphertext_size"":2,""chain_index"":6,""fingerprint64"":""fbbed95b79381c2f""},{""label"":""c2=Enc(m2)"",""active_slots"":32,""logical_bits_per_active_slot"":16,""payload_bits_per_block"":512,""ciphertext_size"":2,""chain_index"":6,""fingerprint64"":""98005b8e1d834295""}]","[49190,19951,54942,29174,20544,6204,34397,47656,7567,21625,54140,52761,27059,15859,42326,62210,53466,41788,45569,25953,24409,39016,50319,60098,37677,53725,53322,45010,22043,18658,36392,38621]","[30913,27675,7048,41044,6413,30264,56367,55881,55619,14767,28641,64227,43653,2638,63869,52127,5733,14496,57949,20545,34062,55008,39286,50541,32577,8502,65351,28983,56593,43007,859,62014]","true","ciphertext_artifacts/mul_iter052_c1.seal","1835121","56cdea20c866ba22ac82971f87b79869f5a8e1f73e79c544f99886fbb08bc536","1835121","56cdea20c866ba22ac82971f87b79869f5a8e1f73e79c544f99886fbb08bc536","true","true","ciphertext_artifacts/mul_iter052_c2.seal","1835121","001daaeb0a2f9e654356bccf7fe7827a62d8af610c94989e6f19c5f42a503d8d","1835121","001daaeb0a2f9e654356bccf7fe7827a62d8af610c94989e6f19c5f42a503d8d","true","true","true","13.614700","13.071600","26.686300","0.007800","1.819200","14.719600","4.017200","3.255500","0.825000","10.821400","2.952100","6.075300","0.678700","8.385400","2.558000","8.328700","0.549300","5.958600","1.919600","10.004800","0.403300","4.102900","1.288600","11.258500","0.268700","2.632300","0.809600","30092376722600","30092397286400","30092376730400","30092378549600","30092393269200","30092397500100","30092415354100","30092400755600","30092401580600","30092412402000","30092415421400","30092433118800","30092421496700","30092422175400","30092430560800","30092433183700","30092449939900","30092441512400","30092442061700","30092448020300","30092450013400","30092465813000","30092460018200","30092460421500","30092464524400","30092465889300","30092480858400","30092477147800","30092477416500","30092480048800","0.609700","171.500600","0","25","total plaintext payload 1024bit; m1/m2 encrypted as c1/c2; each measured step includes operand alignment, multiply, relinearize, and result mod-switch; eval_chain_ms is continuous step1-to-step6 wall time"
"MUL","53","18.838100","18.205000","19.185500","18.614200","17.764200","15.615300","PACKAGE22_mul_100_20260825_142742_621","Multiplication depth6","42","6866664374822620262","1024","128","true","true","true","32","true","32","true","32","18.838100","18.205000","19.185500","18.614200","17.764200","15.615300","108.910500","108.222300","18.037050","{""m1"":[61674,51222,52222,18019,31615,54350,34809,30021,14369,37410,45079,6947,6899,58966,8555,20928,12738,39368,47149,6103,58115,30803,51467,389,2428,30029,10611,44697,15174,4009,25769,57061],""m2"":[46766,50440,57176,54600,8417,44984,20501,27637,25721,50207,63905,62936,33025,39381,40032,23787,19946,47370,5725,41282,17843,58803,14445,3141,30347,18447,43573,42370,9621,31185,39161,23660]}","[19081,38777,14237,9979,52513,5979,29809,11316,38516,7419,49656,8856,23327,8091,35029,21159,50708,26264,44061,18077,43966,44900,33259,64765,15028,60717,45825,26910,13192,55297,49685,14281]","[19081,38777,14237,9979,52513,5979,29809,11316,38516,7419,49656,8856,23327,8091,35029,21159,50708,26264,44061,18077,43966,44900,33259,64765,15028,60717,45825,26910,13192,55297,49685,14281]","[{""label"":""c1=Enc(m1)"",""active_slots"":32,""logical_bits_per_active_slot"":16,""payload_bits_per_block"":512,""ciphertext_size"":2,""chain_index"":6,""fingerprint64"":""7b811314cf68a42b""},{""label"":""c2=Enc(m2)"",""active_slots"":32,""logical_bits_per_active_slot"":16,""payload_bits_per_block"":512,""ciphertext_size"":2,""chain_index"":6,""fingerprint64"":""788a45dec0ec5dad""}]","[61674,51222,52222,18019,31615,54350,34809,30021,14369,37410,45079,6947,6899,58966,8555,20928,12738,39368,47149,6103,58115,30803,51467,389,2428,30029,10611,44697,15174,4009,25769,57061]","[46766,50440,57176,54600,8417,44984,20501,27637,25721,50207,63905,62936,33025,39381,40032,23787,19946,47370,5725,41282,17843,58803,14445,3141,30347,18447,43573,42370,9621,31185,39161,23660]","true","ciphertext_artifacts/mul_iter053_c1.seal","1835121","bf19b505ff87ae4f2abe69aed83bda33f82e9e37f475b00809c03d82134f1314","1835121","bf19b505ff87ae4f2abe69aed83bda33f82e9e37f475b00809c03d82134f1314","true","true","ciphertext_artifacts/mul_iter053_c2.seal","1835121","0afcf962636d4b1628f7d444188c23253b100df8a8a03c6bf3ab58ec192b1f32","1835121","0afcf962636d4b1628f7d444188c23253b100df8a8a03c6bf3ab58ec192b1f32","true","true","true","12.834200","13.353400","26.187600","0.004300","1.533000","13.995400","3.305400","3.264500","0.816600","11.140500","2.983400","6.196000","0.695400","9.264600","3.029500","10.043300","0.543500","6.056000","1.971400","11.296400","0.412200","4.582500","1.473100","11.947100","0.283500","2.560400","0.824300","30093313248200","30093332086300","30093313252500","30093314785500","30093328780900","30093332154800","30093350359800","30093335419300","30093336235900","30093347376400","30093350426900","30093369612400","30093356622900","30093357318300","30093366582900","30093369687300","30093388301500","30093379730600","30093380274100","30093386330100","30093388375200","30093406139400","30093399671600","30093400083800","30093404666300","30093406212100","30093421827400","30093418159200","30093418442700","30093421003100","0.609900","174.733500","0","25","total plaintext payload 1024bit; m1/m2 encrypted as c1/c2; each measured step includes operand alignment, multiply, relinearize, and result mod-switch; eval_chain_ms is continuous step1-to-step6 wall time"
"MUL","54","18.762600","17.781600","17.304400","16.869400","18.392300","15.678000","PACKAGE22_mul_100_20260825_142742_621","Multiplication depth6","42","-4502239971067015087","1024","128","true","true","true","32","true","32","true","32","18.762600","17.781600","17.304400","16.869400","18.392300","15.678000","105.670400","104.788300","17.464717","{""m1"":[41443,30256,16692,35135,46513,6242,30792,57217,9631,11789,33924,25124,7216,54349,59364,58552,9224,32497,5838,30901,19857,54261,3949,25061,42168,42352,20465,55364,3864,64031,17610,58268],""m2"":[52086,63209,26227,46926,41438,62943,16360,25688,62812,30170,49463,8186,26081,51427,33359,25187,55108,13368,39754,35585,11508,37839,57598,62034,62970,29985,3044,45982,16467,33483,42186,55569]}","[41653,55031,14216,21115,61483,51345,52907,62066,49896,27653,27223,45161,18529,59022,53900,51145,50152,57756,46397,59475,46993,7362,36140,11931,6727,53812,14931,35057,7482,46353,34151,1715]","[41653,55031,14216,21115,61483,51345,52907,62066,49896,27653,27223,45161,18529,59022,53900,51145,50152,57756,46397,59475,46993,7362,36140,11931,6727,53812,14931,35057,7482,46353,34151,1715]","[{""label"":""c1=Enc(m1)"",""active_slots"":32,""logical_bits_per_active_slot"":16,""payload_bits_per_block"":512,""ciphertext_size"":2,""chain_index"":6,""fingerprint64"":""29400e1642ff2f80""},{""label"":""c2=Enc(m2)"",""active_slots"":32,""logical_bits_per_active_slot"":16,""payload_bits_per_block"":512,""ciphertext_size"":2,""chain_index"":6,""fingerprint64"":""3f8c865cd4812e1c""}]","[41443,30256,16692,35135,46513,6242,30792,57217,9631,11789,33924,25124,7216,54349,59364,58552,9224,32497,5838,30901,19857,54261,3949,25061,42168,42352,20465,55364,3864,64031,17610,58268]","[52086,63209,26227,46926,41438,62943,16360,25688,62812,30170,49463,8186,26081,51427,33359,25187,55108,13368,39754,35585,11508,37839,57598,62034,62970,29985,3044,45982,16467,33483,42186,55569]","true","ciphertext_artifacts/mul_iter054_c1.seal","1835121","91bd423eced3377113086370a2da0b96614073b68665f630ed3fc923e919feb8","1835121","91bd423eced3377113086370a2da0b96614073b68665f630ed3fc923e919feb8","true","true","ciphertext_artifacts/mul_iter054_c2.seal","1835121","4253364e0856e26ecf48ea7bd8b6764e969bffe89ab6074645f9741a3b09bfb9","1835121","4253364e0856e26ecf48ea7bd8b6764e969bffe89ab6074645f9741a3b09bfb9","true","true","true","11.672600","11.365100","23.037700","0.004700","1.536200","13.935900","3.285800","3.225600","0.822500","10.773600","2.959900","5.999600","0.702100","8.176600","2.426100","8.245800","0.549100","6.124000","1.950500","11.714700","0.466800","4.723900","1.486900","11.972500","0.273600","2.575400","0.856500","30094234003800","30094252766400","30094234008500","30094235544700","30094249480600","30094252833600","30094270615200","30094256059200","30094256881700","30094267655300","30094270686100","30094287990500","30094276685700","30094277387800","30094285564400","30094288056700","30094304926100","30094296302500","30094296851600","30094302975600","30094304993900","30094323386200","30094316708600","30094317175400","30094321899300","30094323617200","30094339295200","30094335589700","30094335863300","30094338438700","0.627500","173.159700","0","25","total plaintext payload 1024bit; m1/m2 encrypted as c1/c2; each measured step includes operand alignment, multiply, relinearize, and result mod-switch; eval_chain_ms is continuous step1-to-step6 wall time"
"MUL","55","22.999000","18.277900","17.448200","16.935200","15.874600","15.528000","PACKAGE22_mul_100_20260825_142742_621","Multiplication depth6","42","7195731184080049340","1024","128","true","true","true","32","true","32","true","32","22.999000","18.277900","17.448200","16.935200","15.874600","15.528000","107.739200","107.062900","17.843817","{""m1"":[41763,38888,13401,1486,35460,581,1815,61678,40291,1245,27837,29136,22913,29864,22079,4047,47382,15313,21060,59675,22255,40557,59773,44205,46064,26542,16206,15619,64459,448,2696,21991],""m2"":[44875,29130,35627,589,14032,37825,48653,23989,3441,51247,60973,42900,53628,13825,15703,50384,38568,43565,30435,18776,16661,44217,52428,44409,35757,30485,2416,5467,65458,62164,63966,52046]}","[36481,48430,12939,17283,62233,2689,23381,17690,62736,10813,4353,36736,4937,16937,35259,50427,3350,45651,25656,21339,2707,17076,60854,15762,6795,38543,23133,2110,15119,31932,7546,13575]","[36481,48430,12939,17283,62233,2689,23381,17690,62736,10813,4353,36736,4937,16937,35259,50427,3350,45651,25656,21339,2707,17076,60854,15762,6795,38543,23133,2110,15119,31932,7546,13575]","[{""label"":""c1=Enc(m1)"",""active_slots"":32,""logical_bits_per_active_slot"":16,""payload_bits_per_block"":512,""ciphertext_size"":2,""chain_index"":6,""fingerprint64"":""918eec352a439209""},{""label"":""c2=Enc(m2)"",""active_slots"":32,""logical_bits_per_active_slot"":16,""payload_bits_per_block"":512,""ciphertext_size"":2,""chain_index"":6,""fingerprint64"":""37111524aea22e67""}]","[41763,38888,13401,1486,35460,581,1815,61678,40291,1245,27837,29136,22913,29864,22079,4047,47382,15313,21060,59675,22255,40557,59773,44205,46064,26542,16206,15619,64459,448,2696,21991]","[44875,29130,35627,589,14032,37825,48653,23989,3441,51247,60973,42900,53628,13825,15703,50384,38568,43565,30435,18776,16661,44217,52428,44409,35757,30485,2416,5467,65458,62164,63966,52046]","true","ciphertext_artifacts/mul_iter055_c1.seal","1835121","fa70780c6a0163753cb0cfac890405fb27896658cb54c472da8650a7c90048a2","1835121","fa70780c6a0163753cb0cfac890405fb27896658cb54c472da8650a7c90048a2","true","true","ciphertext_artifacts/mul_iter055_c2.seal","1835121","ffefac42b1b3696f722683a2e2cfdb9c979cae000e75c38a521c30ae5f93b5d1","1835121","ffefac42b1b3696f722683a2e2cfdb9c979cae000e75c38a521c30ae5f93b5d1","true","true","true","12.705200","11.327000","24.032200","0.003700","2.601900","16.340800","4.052600","3.551400","0.840400","10.928900","2.957200","6.085900","0.679400","8.189000","2.493900","8.502700","0.551300","5.946500","1.934700","10.115200","0.405800","4.054700","1.298900","11.720200","0.297600","2.653400","0.856800","30095155609800","30095178608800","30095155613500","30095158215400","30095174556200","30095178827300","30095197105200","30095182378700","30095183219100","30095194148000","30095197169600","30095214617800","30095203255500","30095203934900","30095212123900","30095214682400","30095231617600","30095223185100","30095223736400","30095229682900","30095231691700","30095247566300","30095241806900","30095242212700","30095246267400","30095247635100","30095263163100","30095259355300","30095259652900","30095262306300","0.672800","174.182600","0","25","total plaintext payload 1024bit; m1/m2 encrypted as c1/c2; each measured step includes operand alignment, multiply, relinearize, and result mod-switch; eval_chain_ms is continuous step1-to-step6 wall time"
"MUL","56","17.615300","17.408000","16.954700","16.542700","15.853400","15.131500","PACKAGE22_mul_100_20260825_142742_621","Multiplication depth6","42","150264939800516775","1024","128","true","true","true","32","true","32","true","32","17.615300","17.408000","16.954700","16.542700","15.853400","15.131500","99.999600","99.505600","16.584267","{""m1"":[48514,38015,57373,30279,6361,12996,11789,26641,11778,17861,47720,35904,19123,50216,3211,480,40856,58539,927,11436,39095,42375,2458,36216,55905,51997,22573,14688,17003,55171,7728,10232],""m2"":[63303,51955,18687,10238,12803,12415,8279,55074,47583,31427,3822,63979,32015,26209,53659,61558,50907,5022,44510,19718,13271,12328,26907,15090,13589,26173,26716,6376,65180,10836,9494,17780]}","[48266,65340,53537,62032,58892,53784,5230,22236,31157,30921,6383,27648,45298,20557,42393,19922,19647,39336,16680,62747,6863,33609,22829,16155,49404,19777,28007,37776,5589,39917,2215,48610]","[48266,65340,53537,62032,58892,53784,5230,22236,31157,30921,6383,27648,45298,20557,42393,19922,19647,39336,16680,62747,6863,33609,22829,16155,49404,19777,28007,37776,5589,39917,2215,48610]","[{""label"":""c1=Enc(m1)"",""active_slots"":32,""logical_bits_per_active_slot"":16,""payload_bits_per_block"":512,""ciphertext_size"":2,""chain_index"":6,""fingerprint64"":""05c57b5492529fa7""},{""label"":""c2=Enc(m2)"",""active_slots"":32,""logical_bits_per_active_slot"":16,""payload_bits_per_block"":512,""ciphertext_size"":2,""chain_index"":6,""fingerprint64"":""69e8588c82b73155""}]","[48514,38015,57373,30279,6361,12996,11789,26641,11778,17861,47720,35904,19123,50216,3211,480,40856,58539,927,11436,39095,42375,2458,36216,55905,51997,22573,14688,17003,55171,7728,10232]","[63303,51955,18687,10238,12803,12415,8279,55074,47583,31427,3822,63979,32015,26209,53659,61558,50907,5022,44510,19718,13271,12328,26907,15090,13589,26173,26716,6376,65180,10836,9494,17780]","true","ciphertext_artifacts/mul_iter056_c1.seal","1835121","68576d483d77a66c61c4c609e246f420daa0a11e9b5057d84a67e2ef4cc56d97","1835121","68576d483d77a66c61c4c609e246f420daa0a11e9b5057d84a67e2ef4cc56d97","true","true","ciphertext_artifacts/mul_iter056_c2.seal","1835121","5a3b5fa6e6424fa339515d94066f645dede6d0eaf7ea468318676d85e7900444","1835121","5a3b5fa6e6424fa339515d94066f645dede6d0eaf7ea468318676d85e7900444","true","true","true","11.473900","11.075400","22.549300","0.002300","1.199700","13.200700","3.212600","3.200300","0.818500","10.517500","2.871700","5.978400","0.698000","7.918800","2.359500","8.273300","0.554600","5.821800","1.893000","10.131500","0.418000","4.014600","1.289300","11.504000","0.275400","2.525700","0.826400","30096061362900","30096078978200","30096061365200","30096062564900","30096075765600","30096079049500","30096096457500","30096082249800","30096083068300","30096093585800","30096096529600","30096113484300","30096102508000","30096103206000","30096111124800","30096113545100","30096130087800","30096121818400","30096122373000","30096128194800","30096130153000","30096146006400","30096140284500","30096140702500","30096144717100","30096146072000","30096161203500","30096157576000","30096157851400","30096160377100","0.599700","160.687200","0","25","total plaintext payload 1024bit; m1/m2 encrypted as c1/c2; each measured step includes operand alignment, multiply, relinearize, and result mod-switch; eval_chain_ms is continuous step1-to-step6 wall time"
"MUL","57","17.975200","17.338500","16.846900","16.389800","15.729100","14.778900","PACKAGE22_mul_100_20260825_142742_621","Multiplication depth6","42","-6598507978718978926","1024","128","true","true","true","32","true","32","true","32","17.975200","17.338500","16.846900","16.389800","15.729100","14.778900","99.561000","99.058400","16.509733","{""m1"":[5017,33920,43397,34577,54397,7347,14417,43087,19173,50766,53995,32986,16774,4205,50057,42450,34986,64597,55562,1636,48099,13840,41431,20677,37477,31116,43619,38546,60313,40889,36230,48675],""m2"":[33008,3326,36762,34345,45310,55563,821,28329,10916,21404,57200,29724,7512,60406,34341,31082,36645,40612,48271,41385,33,43765,52351,9766,54705,2138,1587,17764,39423,3110,51941,52587]}","[46867,45734,18517,45840,57949,44782,64990,20771,21011,33108,61370,3843,52385,37034,54751,38046,32972,8112,11798,56192,37203,25925,52221,21941,57813,14743,34783,42183,12959,19628,35325,28616]","[46867,45734,18517,45840,57949,44782,64990,20771,21011,33108,61370,3843,52385,37034,54751,38046,32972,8112,11798,56192,37203,25925,52221,21941,57813,14743,34783,42183,12959,19628,35325,28616]","[{""label"":""c1=Enc(m1)"",""active_slots"":32,""logical_bits_per_active_slot"":16,""payload_bits_per_block"":512,""ciphertext_size"":2,""chain_index"":6,""fingerprint64"":""06620d74971f2a5f""},{""label"":""c2=Enc(m2)"",""active_slots"":32,""logical_bits_per_active_slot"":16,""payload_bits_per_block"":512,""ciphertext_size"":2,""chain_index"":6,""fingerprint64"":""ab626c62a7d481d1""}]","[5017,33920,43397,34577,54397,7347,14417,43087,19173,50766,53995,32986,16774,4205,50057,42450,34986,64597,55562,1636,48099,13840,41431,20677,37477,31116,43619,38546,60313,40889,36230,48675]","[33008,3326,36762,34345,45310,55563,821,28329,10916,21404,57200,29724,7512,60406,34341,31082,36645,40612,48271,41385,33,43765,52351,9766,54705,2138,1587,17764,39423,3110,51941,52587]","true","ciphertext_artifacts/mul_iter057_c1.seal","1835121","0dcab67dc748f4ce8e73756e14a7e7e01915f4f8460b37dda3afa891c71bd80a","1835121","0dcab67dc748f4ce8e73756e14a7e7e01915f4f8460b37dda3afa891c71bd80a","true","true","ciphertext_artifacts/mul_iter057_c2.seal","1835121","46c8171062930864565178e4f92f0ad9942d9f24d3f944096f7ecf6fc073494f","1835121","46c8171062930864565178e4f92f0ad9942d9f24d3f944096f7ecf6fc073494f","true","true","true","11.659200","15.381500","27.040700","0.002400","1.192000","13.497200","3.283600","3.207000","0.809100","10.435900","2.886500","5.914800","0.662000","7.911900","2.358200","8.167800","0.528200","5.810100","1.883700","10.007200","0.397500","4.041600","1.282800","11.240500","0.265700","2.481800","0.790900","30096935312800","30096953288000","30096935315200","30096936507200","30096950004400","30096953356100","30096970694600","30096956563100","30096957372200","30096967808100","30096970760700","30096987607600","30096976675500","30096977337500","30096985249400","30096987677400","30097004067200","30096995845200","30096996373400","30097002183500","30097004134800","30097019863900","30097014142000","30097014539500","30097018581100","30097019928900","30097034707800","30097031169400","30097031435100","30097033916900","0.596600","169.573900","0","25","total plaintext payload 1024bit; m1/m2 encrypted as c1/c2; each measured step includes operand alignment, multiply, relinearize, and result mod-switch; eval_chain_ms is continuous step1-to-step6 wall time"
"MUL","58","17.940900","21.702700","19.987400","17.910000","18.961600","17.340500","PACKAGE22_mul_100_20260825_142742_621","Multiplication depth6","42","5091017836229976317","1024","128","true","true","true","32","true","32","true","32","17.940900","21.702700","19.987400","17.910000","18.961600","17.340500","114.705500","113.843100","18.973850","{""m1"":[13680,21829,45303,7814,65004,58554,2444,37755,17155,58157,13236,23472,3899,24848,34775,2835,48289,37361,38463,58008,49049,61321,50962,25924,36578,12737,33014,24110,40217,37811,4701,19302],""m2"":[54192,19123,48637,16489,39834,48710,54566,61043,47927,21439,12742,63110,43480,25202,51877,16545,25849,56259,26257,52861,34257,17977,53484,2348,21669,55499,17639,20486,21881,40145,20069,23415]}","[13404,32806,2635,3865,14025,50743,19568,9716,52240,64338,36135,33143,228,53663,5793,7026,29580,50817,36120,17896,15121,15001,37382,41073,55828,63874,64831,8110,30586,55271,47121,16340]","[13404,32806,2635,3865,14025,50743,19568,9716,52240,64338,36135,33143,228,53663,5793,7026,29580,50817,36120,17896,15121,15001,37382,41073,55828,63874,64831,8110,30586,55271,47121,16340]","[{""label"":""c1=Enc(m1)"",""active_slots"":32,""logical_bits_per_active_slot"":16,""payload_bits_per_block"":512,""ciphertext_size"":2,""chain_index"":6,""fingerprint64"":""dc9101b6eeafa7a0""},{""label"":""c2=Enc(m2)"",""active_slots"":32,""logical_bits_per_active_slot"":16,""payload_bits_per_block"":512,""ciphertext_size"":2,""chain_index"":6,""fingerprint64"":""64fe82719f4510d5""}]","[13680,21829,45303,7814,65004,58554,2444,37755,17155,58157,13236,23472,3899,24848,34775,2835,48289,37361,38463,58008,49049,61321,50962,25924,36578,12737,33014,24110,40217,37811,4701,19302]","[54192,19123,48637,16489,39834,48710,54566,61043,47927,21439,12742,63110,43480,25202,51877,16545,25849,56259,26257,52861,34257,17977,53484,2348,21669,55499,17639,20486,21881,40145,20069,23415]","true","ciphertext_artifacts/mul_iter058_c1.seal","1835121","494a5f6d7a2e8b0df74d3b449f93c068b854fd6e4a4d85c9fa74046a1a65ff8c","1835121","494a5f6d7a2e8b0df74d3b449f93c068b854fd6e4a4d85c9fa74046a1a65ff8c","true","true","ciphertext_artifacts/mul_iter058_c2.seal","1835121","346cc820b8de21a476463f304220da4507fca92bc197fede05c0a5970dd4c842","1835121","346cc820b8de21a476463f304220da4507fca92bc197fede05c0a5970dd4c842","true","true","true","13.014700","12.408700","25.423400","0.002900","1.176100","13.453900","3.308000","3.275800","0.808000","14.464100","3.154800","7.091200","0.718400","9.607000","2.570800","8.757100","0.587700","6.357500","2.207700","12.160800","0.444800","4.834700","1.521300","13.613900","0.274900","2.609900","0.841800","30097810113000","30097828053900","30097810115900","30097811292000","30097824745900","30097828120500","30097849823200","30097831396300","30097832204300","30097846668400","30097850051600","30097870039000","30097857142800","30097857861200","30097867468200","30097870121000","30097888031000","30097878878100","30097879465800","30097885823300","30097888104700","30097907066300","30097900265500","30097900710300","30097905545000","30097907318500","30097924659000","30097920932400","30097921207300","30097923817200","0.637900","177.348300","0","25","total plaintext payload 1024bit; m1/m2 encrypted as c1/c2; each measured step includes operand alignment, multiply, relinearize, and result mod-switch; eval_chain_ms is continuous step1-to-step6 wall time"
"MUL","59","21.303800","20.437800","17.903700","20.306500","17.232600","16.769800","PACKAGE22_mul_100_20260825_142742_621","Multiplication depth6","42","-1657759549091683096","1024","128","true","true","true","32","true","32","true","32","21.303800","20.437800","17.903700","20.306500","17.232600","16.769800","115.229400","113.954200","18.992367","{""m1"":[48310,25210,59790,4920,15427,8862,40492,37842,43548,31383,21533,4462,45853,47233,56339,25497,2356,30738,12754,18585,17353,22383,6953,397,28583,41323,31030,31958,1650,37324,51024,27459],""m2"":[61338,49227,56633,63328,14964,50762,60199,36112,9140,55334,44244,27897,61038,36505,58235,58739,26807,37525,35648,54924,36969,37306,51902,41946,58111,39729,27123,61948,62458,7961,27524,11556]}","[17786,19876,38220,8426,6006,5256,40039,51436,34166,43731,64950,5911,42043,37566,5975,16841,17085,27460,57811,62173,38968,44997,30431,16681,175,13442,56751,4720,14345,571,59767,28097]","[17786,19876,38220,8426,6006,5256,40039,51436,34166,43731,64950,5911,42043,37566,5975,16841,17085,27460,57811,62173,38968,44997,30431,16681,175,13442,56751,4720,14345,571,59767,28097]","[{""label"":""c1=Enc(m1)"",""active_slots"":32,""logical_bits_per_active_slot"":16,""payload_bits_per_block"":512,""ciphertext_size"":2,""chain_index"":6,""fingerprint64"":""d3e198723cf732b8""},{""label"":""c2=Enc(m2)"",""active_slots"":32,""logical_bits_per_active_slot"":16,""payload_bits_per_block"":512,""ciphertext_size"":2,""chain_index"":6,""fingerprint64"":""4e4be9a0d896eb67""}]","[48310,25210,59790,4920,15427,8862,40492,37842,43548,31383,21533,4462,45853,47233,56339,25497,2356,30738,12754,18585,17353,22383,6953,397,28583,41323,31030,31958,1650,37324,51024,27459]","[61338,49227,56633,63328,14964,50762,60199,36112,9140,55334,44244,27897,61038,36505,58235,58739,26807,37525,35648,54924,36969,37306,51902,41946,58111,39729,27123,61948,62458,7961,27524,11556]","true","ciphertext_artifacts/mul_iter059_c1.seal","1835121","43594a8f672fbc104986bad8c513c5837c2ca362c3a093e64df3df7824910b6f","1835121","43594a8f672fbc104986bad8c513c5837c2ca362c3a093e64df3df7824910b6f","true","true","ciphertext_artifacts/mul_iter059_c2.seal","1835121","85f6c9125c875afc28ef42487fdd938b2b7b72e955dd3e82e2a95d3a888a2f98","1835121","85f6c9125c875afc28ef42487fdd938b2b7b72e955dd3e82e2a95d3a888a2f98","true","true","true","14.521100","12.273800","26.794900","0.004800","1.193200","16.490300","3.615500","3.842500","0.881300","12.072400","3.641600","6.549500","0.679800","8.206200","2.468200","8.661900","0.548400","6.889800","4.206400","10.729900","0.416000","4.561000","1.525700","12.973000","0.276300","2.689500","0.831000","30098753774700","30098775078500","30098753779500","30098754972700","30098771463000","30098775345000","30098795782800","30098779187500","30098780068800","30098792141200","30098796011100","30098813914800","30098802560600","30098803240400","30098811446600","30098813984600","30098834291100","30098822646500","30098823194900","30098830084700","30098834593900","30098851826500","30098845323800","30098845739800","30098850300800","30098852069200","30098868839000","30098865042200","30098865318500","30098868008000","0.731700","184.879300","0","25","total plaintext payload 1024bit; m1/m2 encrypted as c1/c2; each measured step includes operand alignment, multiply, relinearize, and result mod-switch; eval_chain_ms is continuous step1-to-step6 wall time"
"MUL","60","17.631100","17.306700","16.931900","16.412200","16.091300","15.323200","PACKAGE22_mul_100_20260825_142742_621","Multiplication depth6","42","-8414977275275024173","1024","128","true","true","true","32","true","32","true","32","17.631100","17.306700","16.931900","16.412200","16.091300","15.323200","100.199700","99.696400","16.616067","{""m1"":[63767,28307,29534,19878,22450,2392,3474,53698,23246,62115,12745,56382,11620,41609,45086,4569,26574,49782,32591,11418,61559,32725,46729,24606,250,65323,27896,41803,34297,30837,32533,49456],""m2"":[56637,24915,47121,44508,32695,2461,32757,34089,18094,48259,42456,4841,23784,5008,57394,36099,33460,8005,28953,64151,53532,35098,27829,18004,65289,40616,58644,9404,54365,56616,49156,27600]}","[54354,63368,43156,29205,58250,49132,49986,54472,51106,33329,30477,29394,62017,47133,26235,45734,31450,32279,29124,29775,37484,50146,44546,9665,56403,14557,57802,50599,13302,27283,2397,8356]","[54354,63368,43156,29205,58250,49132,49986,54472,51106,33329,30477,29394,62017,47133,26235,45734,31450,32279,29124,29775,37484,50146,44546,9665,56403,14557,57802,50599,13302,27283,2397,8356]","[{""label"":""c1=Enc(m1)"",""active_slots"":32,""logical_bits_per_active_slot"":16,""payload_bits_per_block"":512,""ciphertext_size"":2,""chain_index"":6,""fingerprint64"":""9fe6d221cbeeeab6""},{""label"":""c2=Enc(m2)"",""active_slots"":32,""logical_bits_per_active_slot"":16,""payload_bits_per_block"":512,""ciphertext_size"":2,""chain_index"":6,""fingerprint64"":""10d79bcc52ed963a""}]","[63767,28307,29534,19878,22450,2392,3474,53698,23246,62115,12745,56382,11620,41609,45086,4569,26574,49782,32591,11418,61559,32725,46729,24606,250,65323,27896,41803,34297,30837,32533,49456]","[56637,24915,47121,44508,32695,2461,32757,34089,18094,48259,42456,4841,23784,5008,57394,36099,33460,8005,28953,64151,53532,35098,27829,18004,65289,40616,58644,9404,54365,56616,49156,27600]","true","ciphertext_artifacts/mul_iter060_c1.seal","1835121","0293bad293e979a205a45f792217315ada0f4e0cb26d6a0b3389154b15d0b108","1835121","0293bad293e979a205a45f792217315ada0f4e0cb26d6a0b3389154b15d0b108","true","true","ciphertext_artifacts/mul_iter060_c2.seal","1835121","3b42054f312f22b914b72e0bdc478c2290c8fdcc912ecc3149ec5eae9c782c97","1835121","3b42054f312f22b914b72e0bdc478c2290c8fdcc912ecc3149ec5eae9c782c97","true","true","true","11.457500","11.069200","22.526700","0.002900","1.170900","13.242300","3.215000","3.183900","0.804200","10.424200","2.894400","5.901700","0.659900","7.938200","2.432100","8.130800","0.527200","5.865900","1.888300","10.195700","0.406600","4.195100","1.293900","11.738600","0.268600","2.507300","0.808700","30099652661500","30099670292600","30099652664400","30099653835300","30099667077600","30099670362200","30099687668900","30099673546100","30099674350300","30099684774500","30099687728300","30099704660200","30099693630000","30099694289900","30099702228100","30099704730900","30099721143100","30099712861700","30099713388900","30099719254800","30099721216600","30099737307900","30099731412300","30099731818900","30099736014000","30099737382800","30099752706000","30099749121400","30099749390000","30099751897300","0.612300","156.721900","0","25","total plaintext payload 1024bit; m1/m2 encrypted as c1/c2; each measured step includes operand alignment, multiply, relinearize, and result mod-switch; eval_chain_ms is continuous step1-to-step6 wall time"
"MUL","61","17.800600","17.467500","17.050200","20.237000","17.792500","16.284500","PACKAGE22_mul_100_20260825_142742_621","Multiplication depth6","42","3246946391195774270","1024","128","true","true","true","32","true","32","true","32","17.800600","17.467500","17.050200","20.237000","17.792500","16.284500","107.285900","106.632300","17.772050","{""m1"":[37437,53113,16663,25693,11951,42912,22516,7309,957,43775,20395,50689,6683,55368,9638,55811,34310,51285,48519,19809,2088,55236,22145,22712,31996,19399,8935,61448,56909,974,15507,53126],""m2"":[54628,58294,63268,27221,27302,19620,55924,28748,22096,51244,35505,5764,36299,61351,28182,21847,18382,44852,40967,8847,39155,19412,37050,39093,56913,10153,25237,13355,29300,35486,50835,47206]}","[36560,25227,34332,33517,4207,63077,30581,12254,35918,58168,14384,18520,44264,3514,12851,26062,5141,54356,35260,32374,22372,65487,48128,13323,45156,55781,3499,62362,45558,52897,25996,10282]","[36560,25227,34332,33517,4207,63077,30581,12254,35918,58168,14384,18520,44264,3514,12851,26062,5141,54356,35260,32374,22372,65487,48128,13323,45156,55781,3499,62362,45558,52897,25996,10282]","[{""label"":""c1=Enc(m1)"",""active_slots"":32,""logical_bits_per_active_slot"":16,""payload_bits_per_block"":512,""ciphertext_size"":2,""chain_index"":6,""fingerprint64"":""cb44aaf25d8474d4""},{""label"":""c2=Enc(m2)"",""active_slots"":32,""logical_bits_per_active_slot"":16,""payload_bits_per_block"":512,""ciphertext_size"":2,""chain_index"":6,""fingerprint64"":""43ac326f0a0011c5""}]","[37437,53113,16663,25693,11951,42912,22516,7309,957,43775,20395,50689,6683,55368,9638,55811,34310,51285,48519,19809,2088,55236,22145,22712,31996,19399,8935,61448,56909,974,15507,53126]","[54628,58294,63268,27221,27302,19620,55924,28748,22096,51244,35505,5764,36299,61351,28182,21847,18382,44852,40967,8847,39155,19412,37050,39093,56913,10153,25237,13355,29300,35486,50835,47206]","true","ciphertext_artifacts/mul_iter061_c1.seal","1835121","04a907dae0b2420aa948a66e21c7e94635c2a243becd6d870e2f01520619e921","1835121","04a907dae0b2420aa948a66e21c7e94635c2a243becd6d870e2f01520619e921","true","true","ciphertext_artifacts/mul_iter061_c2.seal","1835121","e47da431cb2aa675bad65a1f301897a17f67523540050b7103a30ac59fbe7e0f","1835121","e47da431cb2aa675bad65a1f301897a17f67523540050b7103a30ac59fbe7e0f","true","true","true","11.878000","11.231300","23.109300","0.002300","1.180900","13.332800","3.284600","3.165300","0.813300","10.491700","2.997200","5.924000","0.688600","8.018700","2.418900","8.726700","0.544300","8.441900","2.524100","10.921100","0.654400","4.727300","1.489700","12.615400","0.274000","2.559400","0.835700","30100530074800","30100547875400","30100530077100","30100531258000","30100544590800","30100547951400","30100565418900","30100551116700","30100551930000","30100562421700","30100565486000","30100582536200","30100571410000","30100572098600","30100580117300","30100582612700","30100602849700","30100591339400","30100591883700","30100600325600","30100602924300","30100620716800","30100613845400","30100614499800","30100619227100","30100620934000","30100637218500","30100633549400","30100633823400","30100636382800","0.613700","166.492100","0","25","total plaintext payload 1024bit; m1/m2 encrypted as c1/c2; each measured step includes operand alignment, multiply, relinearize, and result mod-switch; eval_chain_ms is continuous step1-to-step6 wall time"
"MUL","62","18.849800","18.977200","18.067300","17.283100","16.277200","16.887800","PACKAGE22_mul_100_20260825_142742_621","Multiplication depth6","42","-3506048643427700439","1024","128","true","true","true","32","true","32","true","32","18.849800","18.977200","18.067300","17.283100","16.277200","16.887800","106.874000","106.342400","17.723733","{""m1"":[10441,52695,50363,56269,21890,21171,48123,42851,37095,7606,39853,49926,24033,15411,49884,2851,33493,53440,18462,6996,6046,34859,33642,23494,47781,61821,52797,27101,51107,19333,24185,27459],""m2"":[2809,32934,54271,56400,17107,16264,9113,6924,51054,42204,44884,9020,25787,55847,23855,17377,20748,2646,1669,53898,52018,50395,3616,59116,6076,38131,42971,22389,45613,15835,32992,59561]}","[14675,21930,31194,32363,63843,64726,37276,40525,56426,9612,6979,20933,54792,46624,2743,27168,5649,45874,8854,13437,10262,12065,54796,6444,11794,34260,49005,25594,14594,24448,46701,58476]","[14675,21930,31194,32363,63843,64726,37276,40525,56426,9612,6979,20933,54792,46624,2743,27168,5649,45874,8854,13437,10262,12065,54796,6444,11794,34260,49005,25594,14594,24448,46701,58476]","[{""label"":""c1=Enc(m1)"",""active_slots"":32,""logical_bits_per_active_slot"":16,""payload_bits_per_block"":512,""ciphertext_size"":2,""chain_index"":6,""fingerprint64"":""51e934a3e6dab78d""},{""label"":""c2=Enc(m2)"",""active_slots"":32,""logical_bits_per_active_slot"":16,""payload_bits_per_block"":512,""ciphertext_size"":2,""chain_index"":6,""fingerprint64"":""23d3d616236cc1ad""}]","[10441,52695,50363,56269,21890,21171,48123,42851,37095,7606,39853,49926,24033,15411,49884,2851,33493,53440,18462,6996,6046,34859,33642,23494,47781,61821,52797,27101,51107,19333,24185,27459]","[2809,32934,54271,56400,17107,16264,9113,6924,51054,42204,44884,9020,25787,55847,23855,17377,20748,2646,1669,53898,52018,50395,3616,59116,6076,38131,42971,22389,45613,15835,32992,59561]","true","ciphertext_artifacts/mul_iter062_c1.seal","1835121","a0787db445d731ba7e4b3fe598fb450ca4671fe03b5df1e3a45ab5c67c8e4a05","1835121","a0787db445d731ba7e4b3fe598fb450ca4671fe03b5df1e3a45ab5c67c8e4a05","true","true","ciphertext_artifacts/mul_iter062_c2.seal","1835121","9c76818002fea2b71e8a1e5707350f1585fa14e496b75d37a0c9d289f806c84c","1835121","9c76818002fea2b71e8a1e5707350f1585fa14e496b75d37a0c9d289f806c84c","true","true","true","12.198700","13.417100","25.615800","0.003300","1.228000","14.206800","3.411700","3.370000","0.826600","11.703300","3.077300","6.308600","0.684900","8.573400","2.500400","8.658900","0.544200","6.088700","1.991300","10.368500","0.416600","4.131100","1.361000","12.541800","0.418800","3.077100","0.850100","30101467934200","30101486784000","30101467937500","30101469165500","30101483372300","30101486853600","30101505830800","30101490223600","30101491050200","30101502753500","30101505904400","30101523971700","30101512213000","30101512897900","30101521471300","30101524039200","30101541322300","30101532698100","30101533242300","30101539331000","30101541407400","30101557684600","30101551775900","30101552192500","30101556323600","30101557762000","30101574649800","30101570303800","30101570722600","30101573799700","0.634200","173.062500","0","25","total plaintext payload 1024bit; m1/m2 encrypted as c1/c2; each measured step includes operand alignment, multiply, relinearize, and result mod-switch; eval_chain_ms is continuous step1-to-step6 wall time"
"MUL","63","18.484200","17.446100","17.457100","21.052100","16.563300","17.602800","PACKAGE22_mul_100_20260825_142742_621","Multiplication depth6","42","8183477162932630804","1024","128","true","true","true","32","true","32","true","32","18.484200","17.446100","17.457100","21.052100","16.563300","17.602800","109.165700","108.605600","18.100933","{""m1"":[61155,10706,22613,65296,21634,54176,48129,15058,50457,56778,33032,45338,31387,41500,50255,58225,27630,33068,20978,58254,21629,40469,21783,3647,22337,15129,55061,5163,55149,14187,15445,60566],""m2"":[6344,33974,28836,13551,34793,33917,38463,59070,13669,7867,26829,5698,27562,38142,16789,61986,11849,54444,43755,62950,51855,53976,43110,21942,42973,20190,14117,7357,61165,3549,17519,26863]}","[39881,38747,63967,30679,7824,15433,39658,13945,63552,27710,22717,30238,35537,33910,63741,18391,133,163,11049,47274,40257,12750,22073,52708,14432,7624,36168,25930,20174,7585,33133,47525]","[39881,38747,63967,30679,7824,15433,39658,13945,63552,27710,22717,30238,35537,33910,63741,18391,133,163,11049,47274,40257,12750,22073,52708,14432,7624,36168,25930,20174,7585,33133,47525]","[{""label"":""c1=Enc(m1)"",""active_slots"":32,""logical_bits_per_active_slot"":16,""payload_bits_per_block"":512,""ciphertext_size"":2,""chain_index"":6,""fingerprint64"":""40c6eb6eb4bcac26""},{""label"":""c2=Enc(m2)"",""active_slots"":32,""logical_bits_per_active_slot"":16,""payload_bits_per_block"":512,""ciphertext_size"":2,""chain_index"":6,""fingerprint64"":""092cb61bf3245a39""}]","[61155,10706,22613,65296,21634,54176,48129,15058,50457,56778,33032,45338,31387,41500,50255,58225,27630,33068,20978,58254,21629,40469,21783,3647,22337,15129,55061,5163,55149,14187,15445,60566]","[6344,33974,28836,13551,34793,33917,38463,59070,13669,7867,26829,5698,27562,38142,16789,61986,11849,54444,43755,62950,51855,53976,43110,21942,42973,20190,14117,7357,61165,3549,17519,26863]","true","ciphertext_artifacts/mul_iter063_c1.seal","1835121","4248069bffffd5dccb56869ee50223f150bc8ece86624ad8dc630703141452ae","1835121","4248069bffffd5dccb56869ee50223f150bc8ece86624ad8dc630703141452ae","true","true","ciphertext_artifacts/mul_iter063_c2.seal","1835121","f5583c289eb35de98b36434cf3382458181c1fe6fa6dec38d802818154434655","1835121","f5583c289eb35de98b36434cf3382458181c1fe6fa6dec38d802818154434655","true","true","true","14.933500","12.473500","27.407000","0.002800","1.278700","13.957200","3.245500","3.158700","0.796200","10.582900","2.908300","6.146200","0.661500","8.196100","2.453300","10.686300","0.650400","7.338800","2.376600","10.560700","0.409400","4.212500","1.380700","13.284700","0.300800","3.158300","0.859000","30102417547000","30102436031200","30102417549800","30102418828500","30102432785700","30102436096200","30102453542300","30102439254900","30102440051100","30102450634000","30102453637900","30102471095000","30102459784100","30102460445600","30102468641700","30102471167000","30102492219100","30102481853300","30102482503700","30102489842500","30102492284300","30102508847600","30102502845000","30102503254400","30102507466900","30102508915500","30102526518300","30102522200200","30102522501000","30102525659300","0.685100","177.457300","0","25","total plaintext payload 1024bit; m1/m2 encrypted as c1/c2; each measured step includes operand alignment, multiply, relinearize, and result mod-switch; eval_chain_ms is continuous step1-to-step6 wall time"
"MUL","64","17.838400","17.494400","20.376700","19.284800","17.451300","16.302100","PACKAGE22_mul_100_20260825_142742_621","Multiplication depth6","42","1434704235820579199","1024","128","true","true","true","32","true","32","true","32","17.838400","17.494400","20.376700","19.284800","17.451300","16.302100","109.838900","108.747700","18.124617","{""m1"":[30790,57808,21003,5383,33090,17772,61993,63216,56776,57095,53772,36171,889,59143,27947,38598,51574,54402,33725,16987,39110,56108,9502,16370,1815,26046,40751,16452,11959,7535,4671,34580],""m2"":[27694,25073,54909,34642,4990,58709,43349,19962,61304,48279,4777,64732,17393,55984,23565,469,63512,17922,44482,36506,46083,48424,48017,60795,3446,9707,36259,52529,16363,65457,3319,38113]}","[37704,10219,13909,31219,4987,52374,42007,23670,35689,3659,49910,64939,58385,48332,14018,25038,31673,59534,16577,26719,30288,33372,9486,13525,37387,30794,25795,62878,59911,59166,53881,13077]","[37704,10219,13909,31219,4987,52374,42007,23670,35689,3659,49910,64939,58385,48332,14018,25038,31673,59534,16577,26719,30288,33372,9486,13525,37387,30794,25795,62878,59911,59166,53881,13077]","[{""label"":""c1=Enc(m1)"",""active_slots"":32,""logical_bits_per_active_slot"":16,""payload_bits_per_block"":512,""ciphertext_size"":2,""chain_index"":6,""fingerprint64"":""06d82f44944906b8""},{""label"":""c2=Enc(m2)"",""active_slots"":32,""logical_bits_per_active_slot"":16,""payload_bits_per_block"":512,""ciphertext_size"":2,""chain_index"":6,""fingerprint64"":""0bddab7896bd642e""}]","[30790,57808,21003,5383,33090,17772,61993,63216,56776,57095,53772,36171,889,59143,27947,38598,51574,54402,33725,16987,39110,56108,9502,16370,1815,26046,40751,16452,11959,7535,4671,34580]","[27694,25073,54909,34642,4990,58709,43349,19962,61304,48279,4777,64732,17393,55984,23565,469,63512,17922,44482,36506,46083,48424,48017,60795,3446,9707,36259,52529,16363,65457,3319,38113]","true","ciphertext_artifacts/mul_iter064_c1.seal","1835121","ceba8498d92ceb715e3cb6f2a5c58257baedd57b7b75759fbc7fb25c33bc55be","1835121","ceba8498d92ceb715e3cb6f2a5c58257baedd57b7b75759fbc7fb25c33bc55be","true","true","ciphertext_artifacts/mul_iter064_c2.seal","1835121","3605bfc01c7215553d8f989f6214d48e31b0050a171c689f98c1a8798e8efd8f","1835121","3605bfc01c7215553d8f989f6214d48e31b0050a171c689f98c1a8798e8efd8f","true","true","true","11.971300","11.610200","23.581500","0.002300","1.178700","13.389500","3.267900","3.175200","0.792000","10.557100","2.970100","6.225700","0.680400","9.845600","3.625000","10.445400","0.548700","6.213300","2.077400","11.021200","0.414900","4.336500","1.678700","12.491500","0.272700","2.697300","0.840600","30103370934800","30103388773200","30103370937100","30103372115800","30103385505300","30103388840200","30103406334600","30103392015400","30103392807400","30103403364500","30103406404200","30103426780900","30103412629900","30103413310300","30103423155900","30103427270700","30103446555500","30103437716100","30103438264800","30103444478100","30103446637600","30103464088900","30103457658800","30103458073700","30103462410200","30103464307900","30103480610000","30103476799400","30103477072100","30103479769400","0.665200","170.339800","0","25","total plaintext payload 1024bit; m1/m2 encrypted as c1/c2; each measured step includes operand alignment, multiply, relinearize, and result mod-switch; eval_chain_ms is continuous step1-to-step6 wall time"
"MUL","65","18.655800","17.863800","17.522400","21.445500","18.215800","16.558100","PACKAGE22_mul_100_20260825_142742_621","Multiplication depth6","42","-5610762068586922646","1024","128","true","true","true","32","true","32","true","32","18.655800","17.863800","17.522400","21.445500","18.215800","16.558100","110.962900","110.261400","18.376900","{""m1"":[24739,46319,51373,3566,48800,18420,63384,33016,41686,27074,5683,19133,48855,49691,1854,8334,58057,13207,32689,4077,12538,37495,59603,30677,4472,17162,53552,31279,36073,38862,35635,34207],""m2"":[32329,41986,24725,25891,6115,55469,48973,13369,27929,60424,64236,28736,42980,20295,7350,60195,42321,20372,53809,19668,19960,64508,9553,24396,40644,6417,53377,51222,40271,64989,46484,1312]}","[49367,60113,27061,57064,58986,52107,2528,42602,1018,60473,47359,52479,51050,37391,25951,5541,47986,64510,17868,14096,25267,2742,48498,20165,18613,53344,41274,4150,23561,1770,29987,13482]","[49367,60113,27061,57064,58986,52107,2528,42602,1018,60473,47359,52479,51050,37391,25951,5541,47986,64510,17868,14096,25267,2742,48498,20165,18613,53344,41274,4150,23561,1770,29987,13482]","[{""label"":""c1=Enc(m1)"",""active_slots"":32,""logical_bits_per_active_slot"":16,""payload_bits_per_block"":512,""ciphertext_size"":2,""chain_index"":6,""fingerprint64"":""82ea60b95a5f479d""},{""label"":""c2=Enc(m2)"",""active_slots"":32,""logical_bits_per_active_slot"":16,""payload_bits_per_block"":512,""ciphertext_size"":2,""chain_index"":6,""fingerprint64"":""4c55ba6508f12cd3""}]","[24739,46319,51373,3566,48800,18420,63384,33016,41686,27074,5683,19133,48855,49691,1854,8334,58057,13207,32689,4077,12538,37495,59603,30677,4472,17162,53552,31279,36073,38862,35635,34207]","[32329,41986,24725,25891,6115,55469,48973,13369,27929,60424,64236,28736,42980,20295,7350,60195,42321,20372,53809,19668,19960,64508,9553,24396,40644,6417,53377,51222,40271,64989,46484,1312]","true","ciphertext_artifacts/mul_iter065_c1.seal","1835121","02a69bfabac4d4fada4ddf77e7ed5090837f78780a7875daa8341a4b767d60df","1835121","02a69bfabac4d4fada4ddf77e7ed5090837f78780a7875daa8341a4b767d60df","true","true","ciphertext_artifacts/mul_iter065_c2.seal","1835121","1fac9b52fa38b765efef8e9fd627ccaefdca9181864a84eb68a81a0a9dcc8a8b","1835121","1fac9b52fa38b765efef8e9fd627ccaefdca9181864a84eb68a81a0a9dcc8a8b","true","true","true","11.939700","12.930700","24.870400","0.002500","1.245300","14.090300","3.317700","3.296400","0.820100","10.784400","2.962900","6.091400","0.681200","8.298300","2.451500","10.845400","0.809800","7.054900","2.735400","12.014500","0.444900","4.431600","1.324800","12.583300","0.274700","2.740100","0.960000","30104327273300","30104345929100","30104327275800","30104328521100","30104342611400","30104345998800","30104363862600","30104349295200","30104350115300","30104360899700","30104363930400","30104381452800","30104370021800","30104370703000","30104379001300","30104381537200","30104402982700","30104392382600","30104393192400","30104400247300","30104403217800","30104421433600","30104415232300","30104415677200","30104420108800","30104421500600","30104438058700","30104434083900","30104434358600","30104437098700","0.892800","181.095000","0","25","total plaintext payload 1024bit; m1/m2 encrypted as c1/c2; each measured step includes operand alignment, multiply, relinearize, and result mod-switch; eval_chain_ms is continuous step1-to-step6 wall time"
"MUL","66","20.417900","20.629700","19.610000","17.063500","16.147200","15.215700","PACKAGE22_mul_100_20260825_142742_621","Multiplication depth6","42","6087204697112412501","1024","128","true","true","true","32","true","32","true","32","20.417900","20.629700","19.610000","17.063500","16.147200","15.215700","109.786600","109.084000","18.180667","{""m1"":[65263,50468,58277,39815,26526,41315,12759,10146,60582,51588,20654,26499,29386,15405,187,28328,30683,47229,10836,55698,924,59644,14410,21513,22,44094,286,53477,27704,28431,1218,5788],""m2"":[11038,65028,9228,10795,49700,27411,46152,52669,64957,55257,60397,5029,32739,3726,43837,53933,9072,52077,16787,6202,58886,5778,60481,39296,46389,52631,50118,20104,3669,10562,13241,9865]}","[51824,37592,62136,53490,15013,64690,2667,46153,60586,39541,38426,9010,5984,36290,1560,52721,43056,19429,49306,15099,33581,23023,34012,49336,41382,59140,29188,60988,38048,25053,3451,32835]","[51824,37592,62136,53490,15013,64690,2667,46153,60586,39541,38426,9010,5984,36290,1560,52721,43056,19429,49306,15099,33581,23023,34012,49336,41382,59140,29188,60988,38048,25053,3451,32835]","[{""label"":""c1=Enc(m1)"",""active_slots"":32,""logical_bits_per_active_slot"":16,""payload_bits_per_block"":512,""ciphertext_size"":2,""chain_index"":6,""fingerprint64"":""2910eabd022dee18""},{""label"":""c2=Enc(m2)"",""active_slots"":32,""logical_bits_per_active_slot"":16,""payload_bits_per_block"":512,""ciphertext_size"":2,""chain_index"":6,""fingerprint64"":""3df5eff5c7b9ead1""}]","[65263,50468,58277,39815,26526,41315,12759,10146,60582,51588,20654,26499,29386,15405,187,28328,30683,47229,10836,55698,924,59644,14410,21513,22,44094,286,53477,27704,28431,1218,5788]","[11038,65028,9228,10795,49700,27411,46152,52669,64957,55257,60397,5029,32739,3726,43837,53933,9072,52077,16787,6202,58886,5778,60481,39296,46389,52631,50118,20104,3669,10562,13241,9865]","true","ciphertext_artifacts/mul_iter066_c1.seal","1835121","ae14f733f0de450e9e79463e108c93eca901ab909254b6507d4890887846ebce","1835121","ae14f733f0de450e9e79463e108c93eca901ab909254b6507d4890887846ebce","true","true","ciphertext_artifacts/mul_iter066_c2.seal","1835121","aaa66501bc6c3640467baa5ca49974b8030d36afd95a293d0ee3c47a58776944","1835121","aaa66501bc6c3640467baa5ca49974b8030d36afd95a293d0ee3c47a58776944","true","true","true","11.374000","11.230200","22.604200","0.002800","1.193300","15.196000","4.025800","3.545300","0.867700","12.620100","3.596600","7.684700","0.740300","8.669200","2.515800","8.483600","0.547900","6.050600","1.981400","10.272400","0.408300","4.169400","1.297100","11.496800","0.271900","2.625700","0.821300","30105238173700","30105258591600","30105238176500","30105239369800","30105254565800","30105258691000","30105279320700","30105262236300","30105263104000","30105275724100","30105279565700","30105299175700","30105287250400","30105287990700","30105296659900","30105299245900","30105316309400","30105307729500","30105308277400","30105314328000","30105316375800","30105332523000","30105326648200","30105327056500","30105331225900","30105332590100","30105347805800","30105344086900","30105344358800","30105346984500","0.613000","168.991400","0","25","total plaintext payload 1024bit; m1/m2 encrypted as c1/c2; each measured step includes operand alignment, multiply, relinearize, and result mod-switch; eval_chain_ms is continuous step1-to-step6 wall time"
"MUL","67","17.792000","17.374900","17.133500","17.420300","15.718900","14.835200","PACKAGE22_mul_100_20260825_142742_621","Multiplication depth6","42","-670013570239167168","1024","128","true","true","true","32","true","32","true","32","17.792000","17.374900","17.133500","17.420300","15.718900","14.835200","100.805000","100.274800","16.712467","{""m1"":[35744,47109,37138,59088,30139,19945,57989,23446,12232,47632,10488,30449,31898,15627,3602,3532,36465,43580,37163,27121,57316,19747,64649,53068,15030,29141,60753,9045,1701,22194,5810,44314],""m2"":[55152,39379,58817,47701,26607,46333,43115,42502,33159,61025,57844,14575,22763,14398,61139,43003,48255,29849,10929,60838,53013,63220,43098,64830,14043,39271,8762,9206,8434,32287,4626,3546]}","[35858,18529,19253,20009,793,57781,48650,13916,5190,47212,24242,57608,57193,57810,27567,55077,55565,19110,36119,18174,23306,19913,56305,41271,26493,33117,975,5557,34784,63522,57607,21251]","[35858,18529,19253,20009,793,57781,48650,13916,5190,47212,24242,57608,57193,57810,27567,55077,55565,19110,36119,18174,23306,19913,56305,41271,26493,33117,975,5557,34784,63522,57607,21251]","[{""label"":""c1=Enc(m1)"",""active_slots"":32,""logical_bits_per_active_slot"":16,""payload_bits_per_block"":512,""ciphertext_size"":2,""chain_index"":6,""fingerprint64"":""13857c89504ce892""},{""label"":""c2=Enc(m2)"",""active_slots"":32,""logical_bits_per_active_slot"":16,""payload_bits_per_block"":512,""ciphertext_size"":2,""chain_index"":6,""fingerprint64"":""ffae7b346462ed40""}]","[35744,47109,37138,59088,30139,19945,57989,23446,12232,47632,10488,30449,31898,15627,3602,3532,36465,43580,37163,27121,57316,19747,64649,53068,15030,29141,60753,9045,1701,22194,5810,44314]","[55152,39379,58817,47701,26607,46333,43115,42502,33159,61025,57844,14575,22763,14398,61139,43003,48255,29849,10929,60838,53013,63220,43098,64830,14043,39271,8762,9206,8434,32287,4626,3546]","true","ciphertext_artifacts/mul_iter067_c1.seal","1835121","748eb29184b5f1b069cb426e2972fffb11475f6f59e7149951f6e0aa12bcaf91","1835121","748eb29184b5f1b069cb426e2972fffb11475f6f59e7149951f6e0aa12bcaf91","true","true","ciphertext_artifacts/mul_iter067_c2.seal","1835121","2449390f875dd5361da66d952541a9e2a206977a93dfb014e7fcb2118d451d0d","1835121","2449390f875dd5361da66d952541a9e2a206977a93dfb014e7fcb2118d451d0d","true","true","true","11.488300","11.164400","22.652700","0.002800","1.170400","13.364900","3.253900","3.170600","0.790900","10.511200","2.902200","5.834300","0.689200","8.159800","2.450200","8.321500","0.536100","6.521600","2.041100","10.000700","0.401600","4.039500","1.277100","11.244900","0.266300","2.510400","0.813600","30106105541900","30106123333900","30106105544700","30106106715100","30106120080000","30106123412100","30106140787000","30106126582700","30106127373600","30106137884800","30106140855700","30106157989200","30106146690000","30106147379200","30106155539000","30106158070900","30106175491200","30106166392400","30106166928500","30106173450100","30106175567600","30106191286500","30106185568300","30106185969900","30106190009400","30106191360600","30106206195800","30106202605500","30106202871800","30106205382200","0.618400","160.228100","0","25","total plaintext payload 1024bit; m1/m2 encrypted as c1/c2; each measured step includes operand alignment, multiply, relinearize, and result mod-switch; eval_chain_ms is continuous step1-to-step6 wall time"
"MUL","68","17.792600","17.382100","16.964800","16.458200","15.743100","14.860800","PACKAGE22_mul_100_20260825_142742_621","Multiplication depth6","42","-7454815294376998485","1024","128","true","true","true","32","true","32","true","32","17.792600","17.382100","16.964800","16.458200","15.743100","14.860800","99.675600","99.201600","16.533600","{""m1"":[22528,17893,52920,33997,3158,52976,47365,44097,18323,55002,61879,14554,62911,32534,9626,14305,39056,34007,22952,49682,34016,35497,61617,46600,33237,25749,2425,24982,17748,18219,46608,52193],""m2"":[47479,40770,21281,10695,42164,46053,7414,43598,54894,37912,38628,3321,51669,51635,31104,48165,14758,57578,63458,12034,46711,1726,43549,49758,15624,32294,27034,32886,59252,60645,32607,14942]}","[61019,26551,30923,21195,19931,38753,48578,29937,24313,59703,49313,20576,48101,36757,17319,64188,53904,25363,59061,47201,46772,18959,9908,15349,32500,40493,41350,49662,25522,14453,43415,53783]","[61019,26551,30923,21195,19931,38753,48578,29937,24313,59703,49313,20576,48101,36757,17319,64188,53904,25363,59061,47201,46772,18959,9908,15349,32500,40493,41350,49662,25522,14453,43415,53783]","[{""label"":""c1=Enc(m1)"",""active_slots"":32,""logical_bits_per_active_slot"":16,""payload_bits_per_block"":512,""ciphertext_size"":2,""chain_index"":6,""fingerprint64"":""c696e51b7f131827""},{""label"":""c2=Enc(m2)"",""active_slots"":32,""logical_bits_per_active_slot"":16,""payload_bits_per_block"":512,""ciphertext_size"":2,""chain_index"":6,""fingerprint64"":""5bbdeab71161dba4""}]","[22528,17893,52920,33997,3158,52976,47365,44097,18323,55002,61879,14554,62911,32534,9626,14305,39056,34007,22952,49682,34016,35497,61617,46600,33237,25749,2425,24982,17748,18219,46608,52193]","[47479,40770,21281,10695,42164,46053,7414,43598,54894,37912,38628,3321,51669,51635,31104,48165,14758,57578,63458,12034,46711,1726,43549,49758,15624,32294,27034,32886,59252,60645,32607,14942]","true","ciphertext_artifacts/mul_iter068_c1.seal","1835121","cbdc7541a3b664a7945359fc1e8377051cd2a9a41000c0fc124322f417f0e3af","1835121","cbdc7541a3b664a7945359fc1e8377051cd2a9a41000c0fc124322f417f0e3af","true","true","ciphertext_artifacts/mul_iter068_c2.seal","1835121","42e527d1e205d05875bc89866881c6e29e83bd147d17b9c45c95f77d9539d1e9","1835121","42e527d1e205d05875bc89866881c6e29e83bd147d17b9c45c95f77d9539d1e9","true","true","true","11.897600","11.545700","23.443300","0.002500","1.169900","13.384700","3.235500","3.213400","0.800900","10.474800","2.893000","5.965400","0.657700","7.936600","2.405100","8.233000","0.528700","5.796300","1.900200","10.014400","0.396500","4.047100","1.285100","11.280900","0.266000","2.505500","0.808400","30106967315500","30106985108100","30106967318000","30106968487900","30106981872600","30106985177300","30107002559400","30106988390700","30106989191600","30106999666400","30107002620800","30107019585600","30107008586200","30107009243900","30107017180500","30107019650700","30107036108900","30107027883700","30107028412400","30107034208700","30107036170300","30107051913400","30107046184700","30107046581200","30107050628300","30107051976400","30107066837200","30107063257300","30107063523300","30107066028800","0.607700","159.269900","0","25","total plaintext payload 1024bit; m1/m2 encrypted as c1/c2; each measured step includes operand alignment, multiply, relinearize, and result mod-switch; eval_chain_ms is continuous step1-to-step6 wall time"
"MUL","69","17.650000","17.307900","17.049800","16.521200","15.829100","17.532500","PACKAGE22_mul_100_20260825_142742_621","Multiplication depth6","42","4234711061721845142","1024","128","true","true","true","32","true","32","true","32","17.650000","17.307900","17.049800","16.521200","15.829100","17.532500","102.362900","101.890500","16.981750","{""m1"":[3661,38844,16985,9039,48773,49990,23172,25862,31355,24978,52224,27565,15350,23117,20031,62965,33167,19869,6095,454,7072,62323,44290,22130,23302,37872,31050,6705,46771,32222,64058,39960],""m2"":[32395,30630,13480,47233,56452,8592,4495,55238,53062,34347,12067,35879,63740,35269,43503,2338,65088,47088,56601,10196,6351,57051,58592,24844,16656,16649,42068,6499,7972,58932,8577,5387]}","[60262,60841,44127,20004,61658,2421,11777,232,43055,56506,63899,33278,13598,18288,7452,44590,39712,63959,14957,48436,46619,22579,19627,36355,1539,1387,35714,24158,41372,40764,13049,13716]","[60262,60841,44127,20004,61658,2421,11777,232,43055,56506,63899,33278,13598,18288,7452,44590,39712,63959,14957,48436,46619,22579,19627,36355,1539,1387,35714,24158,41372,40764,13049,13716]","[{""label"":""c1=Enc(m1)"",""active_slots"":32,""logical_bits_per_active_slot"":16,""payload_bits_per_block"":512,""ciphertext_size"":2,""chain_index"":6,""fingerprint64"":""fc395412c8a9667b""},{""label"":""c2=Enc(m2)"",""active_slots"":32,""logical_bits_per_active_slot"":16,""payload_bits_per_block"":512,""ciphertext_size"":2,""chain_index"":6,""fingerprint64"":""e8bf9876b80d666b""}]","[3661,38844,16985,9039,48773,49990,23172,25862,31355,24978,52224,27565,15350,23117,20031,62965,33167,19869,6095,454,7072,62323,44290,22130,23302,37872,31050,6705,46771,32222,64058,39960]","[32395,30630,13480,47233,56452,8592,4495,55238,53062,34347,12067,35879,63740,35269,43503,2338,65088,47088,56601,10196,6351,57051,58592,24844,16656,16649,42068,6499,7972,58932,8577,5387]","true","ciphertext_artifacts/mul_iter069_c1.seal","1835121","d862a051bee273fc2303580b0d9c319409ee68eea89e128bef73d9d1e1ecf24f","1835121","d862a051bee273fc2303580b0d9c319409ee68eea89e128bef73d9d1e1ecf24f","true","true","ciphertext_artifacts/mul_iter069_c2.seal","1835121","e17fd770fbca26a0778361501283ac8dc8595d2eb8958415f1bc76e39e47ea30","1835121","e17fd770fbca26a0778361501283ac8dc8595d2eb8958415f1bc76e39e47ea30","true","true","true","11.463800","11.181300","22.645100","0.002200","1.180500","13.242700","3.224600","3.139500","0.791000","10.438700","2.938700","5.908400","0.662900","8.035100","2.443400","8.185200","0.527300","5.899200","1.909500","9.980800","0.402200","4.159100","1.287000","11.391700","0.392200","4.533600","1.215000","30107815842000","30107833492000","30107815844200","30107817024700","30107830267400","30107833551300","30107850859200","30107836690800","30107837481800","30107847920500","30107850926500","30107867976300","30107856834900","30107857497800","30107865532900","30107868041600","30107884562800","30107876226800","30107876754100","30107882653300","30107884635500","30107900464600","30107894616300","30107895018500","30107899177600","30107900528800","30107918061300","30107911920500","30107912312700","30107916846300","0.906400","161.665400","0","24","total plaintext payload 1024bit; m1/m2 encrypted as c1/c2; each measured step includes operand alignment, multiply, relinearize, and result mod-switch; eval_chain_ms is continuous step1-to-step6 wall time"
"MUL","70","17.790300","17.353300","17.065400","16.379400","15.935900","19.616000","PACKAGE22_mul_100_20260825_142742_621","Multiplication depth6","42","-2514080608643739263","1024","128","true","true","true","32","true","32","true","32","17.790300","17.353300","17.065400","16.379400","15.935900","19.616000","104.631500","104.140300","17.356717","{""m1"":[5975,42097,62743,31265,10509,12144,34826,31529,3894,8000,18509,4963,65110,28252,7610,35863,17351,15930,32388,18858,47930,54440,63513,23859,40849,43225,365,45254,37524,28513,30921,18614],""m2"":[37411,50107,10180,42719,36196,206,50352,63136,31339,58428,55545,26051,43099,26176,19707,46037,55572,45885,44122,56141,55444,14551,52673,9505,9533,63407,32521,30832,52136,38334,56427,39597]}","[18278,52522,63386,1568,58140,34426,15930,38800,7767,5262,26008,61275,23255,37412,42606,22162,34133,58125,64820,19884,17753,19719,24038,24046,19922,59623,53493,7551,14571,53243,1471,218]","[18278,52522,63386,1568,58140,34426,15930,38800,7767,5262,26008,61275,23255,37412,42606,22162,34133,58125,64820,19884,17753,19719,24038,24046,19922,59623,53493,7551,14571,53243,1471,218]","[{""label"":""c1=Enc(m1)"",""active_slots"":32,""logical_bits_per_active_slot"":16,""payload_bits_per_block"":512,""ciphertext_size"":2,""chain_index"":6,""fingerprint64"":""5e65d5d941f1cbdf""},{""label"":""c2=Enc(m2)"",""active_slots"":32,""logical_bits_per_active_slot"":16,""payload_bits_per_block"":512,""ciphertext_size"":2,""chain_index"":6,""fingerprint64"":""02eb2e69d4d6c802""}]","[5975,42097,62743,31265,10509,12144,34826,31529,3894,8000,18509,4963,65110,28252,7610,35863,17351,15930,32388,18858,47930,54440,63513,23859,40849,43225,365,45254,37524,28513,30921,18614]","[37411,50107,10180,42719,36196,206,50352,63136,31339,58428,55545,26051,43099,26176,19707,46037,55572,45885,44122,56141,55444,14551,52673,9505,9533,63407,32521,30832,52136,38334,56427,39597]","true","ciphertext_artifacts/mul_iter070_c1.seal","1835121","1fc1ebf5cc02af1eb9859a96fe102d699c6eb912ffb93a998cfa85e4a1b6a3f6","1835121","1fc1ebf5cc02af1eb9859a96fe102d699c6eb912ffb93a998cfa85e4a1b6a3f6","true","true","ciphertext_artifacts/mul_iter070_c2.seal","1835121","4dd1bc99270be1f6ba824199791a9ca0d378ef7f762f589e16bfff02b775b8d0","1835121","4dd1bc99270be1f6ba824199791a9ca0d378ef7f762f589e16bfff02b775b8d0","true","true","true","11.892700","11.420600","23.313300","0.002200","1.190900","13.362800","3.234400","3.161200","0.804900","10.491100","2.896100","5.847900","0.662000","8.076900","2.478600","8.118000","0.528400","5.811100","1.921900","9.922900","0.403600","4.257600","1.351800","15.309400","0.457900","2.957500","0.891200","30108688448900","30108706239200","30108688451100","30108689642000","30108703004800","30108706308300","30108723661600","30108709469500","30108710274400","30108720765500","30108723724700","30108740790100","30108729572600","30108730234600","30108738311500","30108740855500","30108757234900","30108748973500","30108749501900","30108755313000","30108757299900","30108773235800","30108767222800","30108767626400","30108771884000","30108773304800","30108792920800","30108788614200","30108789072100","30108792029600","0.847300","166.844400","0","25","total plaintext payload 1024bit; m1/m2 encrypted as c1/c2; each measured step includes operand alignment, multiply, relinearize, and result mod-switch; eval_chain_ms is continuous step1-to-step6 wall time"
"MUL","71","18.200600","17.475000","17.018800","16.517700","15.656900","14.780400","PACKAGE22_mul_100_20260825_142742_621","Multiplication depth6","42","9175446297243686380","1024","128","true","true","true","32","true","32","true","32","18.200600","17.475000","17.018800","16.517700","15.656900","14.780400","100.127500","99.649400","16.608233","{""m1"":[49256,11836,59554,22377,46002,46464,32980,34452,55217,13015,58629,24768,28507,31656,32644,20482,53190,27857,32467,60222,24675,18398,44010,33358,26450,19435,42681,44440,34912,54959,55415,61570],""m2"":[62724,14784,33340,62673,26024,27691,58168,33359,18439,48678,25913,7621,9795,32700,3036,4181,55098,20461,48167,53578,11807,56186,64072,5824,18363,13993,29161,13580,5014,3126,26100,56866]}","[64158,43668,61799,55238,39633,3543,39843,51179,63134,25444,3941,31113,43599,40824,44086,24176,15165,64550,3519,17427,25811,62301,53029,32355,323,29004,43840,62745,36091,6761,40623,5308]","[64158,43668,61799,55238,39633,3543,39843,51179,63134,25444,3941,31113,43599,40824,44086,24176,15165,64550,3519,17427,25811,62301,53029,32355,323,29004,43840,62745,36091,6761,40623,5308]","[{""label"":""c1=Enc(m1)"",""active_slots"":32,""logical_bits_per_active_slot"":16,""payload_bits_per_block"":512,""ciphertext_size"":2,""chain_index"":6,""fingerprint64"":""22ec16e615a0933f""},{""label"":""c2=Enc(m2)"",""active_slots"":32,""logical_bits_per_active_slot"":16,""payload_bits_per_block"":512,""ciphertext_size"":2,""chain_index"":6,""fingerprint64"":""6a483f2c077fa8f1""}]","[49256,11836,59554,22377,46002,46464,32980,34452,55217,13015,58629,24768,28507,31656,32644,20482,53190,27857,32467,60222,24675,18398,44010,33358,26450,19435,42681,44440,34912,54959,55415,61570]","[62724,14784,33340,62673,26024,27691,58168,33359,18439,48678,25913,7621,9795,32700,3036,4181,55098,20461,48167,53578,11807,56186,64072,5824,18363,13993,29161,13580,5014,3126,26100,56866]","true","ciphertext_artifacts/mul_iter071_c1.seal","1835121","f307c6d136189154600078829ec8df02f6db219342fc60f6022dbd405aa9f8f7","1835121","f307c6d136189154600078829ec8df02f6db219342fc60f6022dbd405aa9f8f7","true","true","ciphertext_artifacts/mul_iter071_c2.seal","1835121","48ac6e2a05c8983f888fc94aaface13b3561f832da3cb2e9d9b1e0c30dce2acb","1835121","48ac6e2a05c8983f888fc94aaface13b3561f832da3cb2e9d9b1e0c30dce2acb","true","true","true","14.298200","11.492800","25.791000","0.003200","1.192800","13.699600","3.305000","3.261900","0.796500","10.469200","2.947400","5.889000","0.661000","8.045800","2.423000","8.103500","0.531300","5.934500","1.948400","9.904000","0.409400","4.065000","1.278500","11.149900","0.268800","2.565600","0.796100","30109567778000","30109585978600","30109567781200","30109568974000","30109582673600","30109586046300","30109603521300","30109589308200","30109590104700","30109600573900","30109603586100","30109620604900","30109609475100","30109610136100","30109618181900","30109620672500","30109637190200","30109628776000","30109629307300","30109635241800","30109637254400","30109652911300","30109647158400","30109647567800","30109651632800","30109652974000","30109667754400","30109664123900","30109664392700","30109666958300","0.616700","162.952600","0","25","total plaintext payload 1024bit; m1/m2 encrypted as c1/c2; each measured step includes operand alignment, multiply, relinearize, and result mod-switch; eval_chain_ms is continuous step1-to-step6 wall time"
"MUL","72","17.775100","19.590300","21.350800","17.641500","16.071100","15.500200","PACKAGE22_mul_100_20260825_142742_621","Multiplication depth6","42","-2185013747822061097","1024","128","true","true","true","32","true","32","true","32","17.775100","19.590300","21.350800","17.641500","16.071100","15.500200","108.856800","107.929000","17.988167","{""m1"":[50808,4504,12292,1689,5836,2079,16711,30064,47086,45568,28298,44009,37052,2374,61256,8597,9773,20595,43494,20169,25147,17088,20592,22812,34833,52635,25889,34869,37780,16649,40251,29463],""m2"":[33875,22695,48059,60087,46882,45569,19321,8220,53420,10975,44202,23381,48441,47410,14768,26363,64903,44365,63559,37571,29069,53097,59093,14507,26409,14015,32463,2191,43105,16098,61702,39797]}","[31939,37945,1705,10577,16680,34791,48929,35905,51977,56543,36564,9612,61837,20310,38406,17878,63311,8842,18988,53855,8650,20444,25555,27011,64860,23049,41178,33845,61593,9734,31093,41615]","[31939,37945,1705,10577,16680,34791,48929,35905,51977,56543,36564,9612,61837,20310,38406,17878,63311,8842,18988,53855,8650,20444,25555,27011,64860,23049,41178,33845,61593,9734,31093,41615]","[{""label"":""c1=Enc(m1)"",""active_slots"":32,""logical_bits_per_active_slot"":16,""payload_bits_per_block"":512,""ciphertext_size"":2,""chain_index"":6,""fingerprint64"":""fd3aa6fc6f920cb3""},{""label"":""c2=Enc(m2)"",""active_slots"":32,""logical_bits_per_active_slot"":16,""payload_bits_per_block"":512,""ciphertext_size"":2,""chain_index"":6,""fingerprint64"":""57946edf0a9bfeb6""}]","[50808,4504,12292,1689,5836,2079,16711,30064,47086,45568,28298,44009,37052,2374,61256,8597,9773,20595,43494,20169,25147,17088,20592,22812,34833,52635,25889,34869,37780,16649,40251,29463]","[33875,22695,48059,60087,46882,45569,19321,8220,53420,10975,44202,23381,48441,47410,14768,26363,64903,44365,63559,37571,29069,53097,59093,14507,26409,14015,32463,2191,43105,16098,61702,39797]","true","ciphertext_artifacts/mul_iter072_c1.seal","1835121","48c3f2e9affaffabcbd0ea0dfe7d4cad4341e94490cb536cc1b0bcf66a9d1c4f","1835121","48c3f2e9affaffabcbd0ea0dfe7d4cad4341e94490cb536cc1b0bcf66a9d1c4f","true","true","ciphertext_artifacts/mul_iter072_c2.seal","1835121","202d50b00bd5214bb6cb8a71233ba18e6e49ec6736ade9157f2a2b0bfa9bdd5d","1835121","202d50b00bd5214bb6cb8a71233ba18e6e49ec6736ade9157f2a2b0bfa9bdd5d","true","true","true","11.848600","11.440200","23.288800","0.002300","1.224500","13.321400","3.226900","3.174500","0.818200","10.779800","4.817800","8.114000","0.749400","9.572900","2.914500","9.051100","0.650300","5.990800","1.949300","10.179700","0.437100","4.139600","1.314700","11.753900","0.284200","2.617100","0.845000","30110466984600","30110484759700","30110466986900","30110468211400","30110481532800","30110484827000","30110504417300","30110488001500","30110488819700","30110499599500","30110504677900","30110526028700","30110512791900","30110513541300","30110523114200","30110526348000","30110543989500","30110535399100","30110536049400","30110542040200","30110544053000","30110560124100","30110554232700","30110554669800","30110558809400","30110560183900","30110575684100","30110571937800","30110572222000","30110574839100","0.645000","167.837700","0","25","total plaintext payload 1024bit; m1/m2 encrypted as c1/c2; each measured step includes operand alignment, multiply, relinearize, and result mod-switch; eval_chain_ms is continuous step1-to-step6 wall time"
"MUL","73","17.811500","17.355600","17.018700","16.449700","15.700600","14.811000","PACKAGE22_mul_100_20260825_142742_621","Multiplication depth6","42","-8942235313725039166","1024","128","true","true","true","32","true","32","true","32","17.811500","17.355600","17.018700","16.449700","15.700600","14.811000","99.650400","99.147100","16.524517","{""m1"":[46194,53153,41955,64571,45972,20352,53997,9184,54501,4571,60426,44683,53505,50449,41260,38848,58435,58861,5898,18219,54171,54352,56787,33341,58257,22279,52513,4064,41799,41815,44567,38074],""m2"":[14999,64019,6121,17111,17509,14349,15277,15953,37598,48124,46904,65389,42997,29154,26200,62082,53456,59723,25374,11813,10550,48522,14530,9195,32012,41013,36961,23116,35088,17394,20237,17983]}","[33655,41280,21837,9009,15248,6850,37923,15763,23025,2382,25111,38396,25251,4267,28916,24318,58784,22998,30584,48611,53864,51491,31148,17176,57217,50805,58580,12335,29549,26520,54769,59795]","[33655,41280,21837,9009,15248,6850,37923,15763,23025,2382,25111,38396,25251,4267,28916,24318,58784,22998,30584,48611,53864,51491,31148,17176,57217,50805,58580,12335,29549,26520,54769,59795]","[{""label"":""c1=Enc(m1)"",""active_slots"":32,""logical_bits_per_active_slot"":16,""payload_bits_per_block"":512,""ciphertext_size"":2,""chain_index"":6,""fingerprint64"":""7adb4a879a2811bf""},{""label"":""c2=Enc(m2)"",""active_slots"":32,""logical_bits_per_active_slot"":16,""payload_bits_per_block"":512,""ciphertext_size"":2,""chain_index"":6,""fingerprint64"":""537c7a14ffe35969""}]","[46194,53153,41955,64571,45972,20352,53997,9184,54501,4571,60426,44683,53505,50449,41260,38848,58435,58861,5898,18219,54171,54352,56787,33341,58257,22279,52513,4064,41799,41815,44567,38074]","[14999,64019,6121,17111,17509,14349,15277,15953,37598,48124,46904,65389,42997,29154,26200,62082,53456,59723,25374,11813,10550,48522,14530,9195,32012,41013,36961,23116,35088,17394,20237,17983]","true","ciphertext_artifacts/mul_iter073_c1.seal","1835121","5a7c362d2022f509e4dadca0943821346815cd6a87e03b9c73e2069d47b807a5","1835121","5a7c362d2022f509e4dadca0943821346815cd6a87e03b9c73e2069d47b807a5","true","true","ciphertext_artifacts/mul_iter073_c2.seal","1835121","0abfe6dd55a2035cff5f1d265daebf5ba0cf7485c12ae86edfa08200ebc29103","1835121","0abfe6dd55a2035cff5f1d265daebf5ba0cf7485c12ae86edfa08200ebc29103","true","true","true","11.457000","11.132700","22.589700","0.002400","1.229000","13.364700","3.215400","3.185100","0.822400","10.415400","2.932700","5.875600","0.706500","7.969400","2.467200","8.086800","0.589300","5.845800","1.927800","9.845600","0.424600","4.101500","1.328900","11.152100","0.301100","2.534000","0.823800","30111361023100","30111378834600","30111361025500","30111362254500","30111375619200","30111378901900","30111396257500","30111382087000","30111382909400","30111393324800","30111396327300","30111413346000","30111402202900","30111402909400","30111410878800","30111413415900","30111429865600","30111421502700","30111422092000","30111427937800","30111429933000","30111445633600","30111439778600","30111440203200","30111444304700","30111445712300","30111460523300","30111456864400","30111457165500","30111459699500","0.623700","158.278100","0","25","total plaintext payload 1024bit; m1/m2 encrypted as c1/c2; each measured step includes operand alignment, multiply, relinearize, and result mod-switch; eval_chain_ms is continuous step1-to-step6 wall time"
"MUL","74","18.169100","20.388300","18.781500","19.184200","16.141500","18.610400","PACKAGE22_mul_100_20260825_142742_621","Multiplication depth6","42","2467504374382699053","1024","128","true","true","true","32","true","32","true","32","18.169100","20.388300","18.781500","19.184200","16.141500","18.610400","111.993300","111.275000","18.545833","{""m1"":[65383,57296,54351,22578,3201,12264,44532,48728,51441,55430,43051,58901,59472,50491,7269,65151,54578,3141,22316,63229,1715,27122,44868,49597,15135,34888,18999,31331,40768,60721,59977,23731],""m2"":[15919,34038,21289,10140,40547,7813,29008,6309,46038,19861,37000,30060,62525,14153,62157,19231,28489,8522,42300,28718,24113,59878,27265,39290,60747,25395,48290,58623,13688,36166,14869,4004]}","[12591,63844,40789,54898,60229,31659,11207,30909,39530,24506,62991,56332,29876,5853,1116,64383,37214,36575,14247,48410,33440,22150,7799,33266,33819,42355,22544,21898,26681,33942,5694,24507]","[12591,63844,40789,54898,60229,31659,11207,30909,39530,24506,62991,56332,29876,5853,1116,64383,37214,36575,14247,48410,33440,22150,7799,33266,33819,42355,22544,21898,26681,33942,5694,24507]","[{""label"":""c1=Enc(m1)"",""active_slots"":32,""logical_bits_per_active_slot"":16,""payload_bits_per_block"":512,""ciphertext_size"":2,""chain_index"":6,""fingerprint64"":""bc1fb2d91241f20b""},{""label"":""c2=Enc(m2)"",""active_slots"":32,""logical_bits_per_active_slot"":16,""payload_bits_per_block"":512,""ciphertext_size"":2,""chain_index"":6,""fingerprint64"":""796a1d19ccbe8728""}]","[65383,57296,54351,22578,3201,12264,44532,48728,51441,55430,43051,58901,59472,50491,7269,65151,54578,3141,22316,63229,1715,27122,44868,49597,15135,34888,18999,31331,40768,60721,59977,23731]","[15919,34038,21289,10140,40547,7813,29008,6309,46038,19861,37000,30060,62525,14153,62157,19231,28489,8522,42300,28718,24113,59878,27265,39290,60747,25395,48290,58623,13688,36166,14869,4004]","true","ciphertext_artifacts/mul_iter074_c1.seal","1835121","d35612a7955f88db184dc227a3a016b55dc3c9a1d4f14849f3141d6d659f9fe2","1835121","d35612a7955f88db184dc227a3a016b55dc3c9a1d4f14849f3141d6d659f9fe2","true","true","ciphertext_artifacts/mul_iter074_c2.seal","1835121","2fd244ec0a04dae66be6c680d236474c39cbca79a549cbd32ad94db269db527d","1835121","2fd244ec0a04dae66be6c680d236474c39cbca79a549cbd32ad94db269db527d","true","true","true","15.121000","12.057600","27.178600","0.002400","1.198800","13.648300","3.319600","3.350700","0.821700","13.135600","3.080300","6.160600","0.693300","8.912700","3.014900","9.892600","0.595000","6.634600","2.062000","10.175000","0.411900","4.189100","1.365500","12.710700","0.275200","4.421200","1.203300","30112234039600","30112252208700","30112234042000","30112235240800","30112248889100","30112252285400","30112272673700","30112255636100","30112256457800","30112269593400","30112272739900","30112291521400","30112278900500","30112279593800","30112288506500","30112291782000","30112310966200","30112301674600","30112302269600","30112308904200","30112311044100","30112327185600","30112321219100","30112321631000","30112325820100","30112327256500","30112345866900","30112339967200","30112340242400","30112344663600","0.708900","182.777400","0","25","total plaintext payload 1024bit; m1/m2 encrypted as c1/c2; each measured step includes operand alignment, multiply, relinearize, and result mod-switch; eval_chain_ms is continuous step1-to-step6 wall time"
"MUL","75","19.281100","18.275900","19.836400","18.566500","16.431100","17.409400","PACKAGE22_mul_100_20260825_142742_621","Multiplication depth6","42","-4289730454361725416","1024","128","true","true","true","32","true","32","true","32","19.281100","18.275900","19.836400","18.566500","16.431100","17.409400","110.629400","109.800400","18.300067","{""m1"":[32374,21862,10548,51449,45403,7359,17981,34659,59296,42116,2114,21270,55765,62200,32946,21512,12244,57486,62902,10816,54236,45110,8481,13957,22195,44567,57758,24997,9879,13835,740,29197],""m2"":[50424,46809,63274,55977,38310,7171,64600,7077,39454,7028,60267,45535,46227,2471,12275,3691,45906,45310,15173,64691,45739,46102,64990,57029,63065,64015,21905,26156,41583,25458,10329,24350]}","[41706,37473,4953,56312,62383,45388,34483,44188,39920,50648,41884,36868,38608,59908,63305,29149,6746,47487,32263,29942,59864,6533,54946,59322,32496,29891,41962,51359,38451,60836,10506,28263]","[41706,37473,4953,56312,62383,45388,34483,44188,39920,50648,41884,36868,38608,59908,63305,29149,6746,47487,32263,29942,59864,6533,54946,59322,32496,29891,41962,51359,38451,60836,10506,28263]","[{""label"":""c1=Enc(m1)"",""active_slots"":32,""logical_bits_per_active_slot"":16,""payload_bits_per_block"":512,""ciphertext_size"":2,""chain_index"":6,""fingerprint64"":""a31da97d4ca33a6e""},{""label"":""c2=Enc(m2)"",""active_slots"":32,""logical_bits_per_active_slot"":16,""payload_bits_per_block"":512,""ciphertext_size"":2,""chain_index"":6,""fingerprint64"":""c7a3efd2099f663a""}]","[32374,21862,10548,51449,45403,7359,17981,34659,59296,42116,2114,21270,55765,62200,32946,21512,12244,57486,62902,10816,54236,45110,8481,13957,22195,44567,57758,24997,9879,13835,740,29197]","[50424,46809,63274,55977,38310,7171,64600,7077,39454,7028,60267,45535,46227,2471,12275,3691,45906,45310,15173,64691,45739,46102,64990,57029,63065,64015,21905,26156,41583,25458,10329,24350]","true","ciphertext_artifacts/mul_iter075_c1.seal","1835121","b024d3c089dc0e1892fe61c4172a112765d90c7ffd710b05f099273ef23bef33","1835121","b024d3c089dc0e1892fe61c4172a112765d90c7ffd710b05f099273ef23bef33","true","true","ciphertext_artifacts/mul_iter075_c2.seal","1835121","fd5b4587c6289cf6176356003926d35b2b94d82f125a7f060cafec80050cda0a","1835121","fd5b4587c6289cf6176356003926d35b2b94d82f125a7f060cafec80050cda0a","true","true","true","13.262100","12.545700","25.807800","0.004400","1.511900","14.374900","3.389900","3.305400","0.824400","11.003400","3.142700","8.079200","0.688500","8.441900","2.626800","9.610400","0.584900","6.413500","1.957700","10.343100","0.464700","4.223300","1.400000","13.422600","0.305100","2.756800","0.924900","30113178555800","30113197836900","30113178560200","30113180072100","30113194447000","30113197910000","30113216185900","30113201215400","30113202039800","30113213043200","30113216259600","30113236096000","30113224338800","30113225027300","30113233469200","30113236308700","30113254875200","30113245919100","30113246504000","30113252917500","30113254942200","30113271373300","30113265285300","30113265750000","30113269973300","30113271453300","30113288862700","30113284875900","30113285181000","30113287937800","0.748500","184.865700","0","25","total plaintext payload 1024bit; m1/m2 encrypted as c1/c2; each measured step includes operand alignment, multiply, relinearize, and result mod-switch; eval_chain_ms is continuous step1-to-step6 wall time"
"MUL","76","18.291500","21.342800","20.969700","18.591300","17.294700","15.762500","PACKAGE22_mul_100_20260825_142742_621","Multiplication depth6","42","7372210795672152579","1024","128","true","true","true","32","true","32","true","32","18.291500","21.342800","20.969700","18.591300","17.294700","15.762500","113.418700","112.252500","18.708750","{""m1"":[10455,64736,1902,34379,9143,62340,4864,60880,5909,21603,53867,55171,52967,24430,60445,4556,9274,44113,17776,28686,1021,48794,13085,2380,21924,39130,23288,51751,13670,56985,13292,39696],""m2"":[43650,34075,6311,9879,25663,42698,61135,45080,51384,19365,52917,14412,55301,12631,7876,14257,53857,60698,54608,41277,51580,25359,31068,10466,64237,52981,51346,7162,61945,63537,28125,31741]}","[52599,55712,62272,17704,4553,32054,52396,30084,8983,56991,56912,62924,54317,47863,61785,4993,621,5611,3808,48555,64805,28238,11254,32804,19720,36324,18511,7429,41158,915,26554,59464]","[52599,55712,62272,17704,4553,32054,52396,30084,8983,56991,56912,62924,54317,47863,61785,4993,621,5611,3808,48555,64805,28238,11254,32804,19720,36324,18511,7429,41158,915,26554,59464]","[{""label"":""c1=Enc(m1)"",""active_slots"":32,""logical_bits_per_active_slot"":16,""payload_bits_per_block"":512,""ciphertext_size"":2,""chain_index"":6,""fingerprint64"":""6925a0bc5b2d5c47""},{""label"":""c2=Enc(m2)"",""active_slots"":32,""logical_bits_per_active_slot"":16,""payload_bits_per_block"":512,""ciphertext_size"":2,""chain_index"":6,""fingerprint64"":""cab330b690b8abbf""}]","[10455,64736,1902,34379,9143,62340,4864,60880,5909,21603,53867,55171,52967,24430,60445,4556,9274,44113,17776,28686,1021,48794,13085,2380,21924,39130,23288,51751,13670,56985,13292,39696]","[43650,34075,6311,9879,25663,42698,61135,45080,51384,19365,52917,14412,55301,12631,7876,14257,53857,60698,54608,41277,51580,25359,31068,10466,64237,52981,51346,7162,61945,63537,28125,31741]","true","ciphertext_artifacts/mul_iter076_c1.seal","1835121","4edc68babc771e94b502eb9cdd89240a210083b72276eaa63160cf79616e8065","1835121","4edc68babc771e94b502eb9cdd89240a210083b72276eaa63160cf79616e8065","true","true","ciphertext_artifacts/mul_iter076_c2.seal","1835121","058604a226f206416eb396d63522c1cfe6258b18d5828d341d5f39afe392a07a","1835121","058604a226f206416eb396d63522c1cfe6258b18d5828d341d5f39afe392a07a","true","true","true","13.393100","14.524500","27.917600","0.002600","1.246700","13.685800","3.356400","3.383700","0.825200","13.714000","3.419900","7.640200","0.790200","9.503800","3.035500","9.944000","0.550000","6.103500","1.993800","11.024100","0.449100","4.505800","1.315700","11.841000","0.274700","2.801000","0.845800","30114112775500","30114131067000","30114112778100","30114114024800","30114127710600","30114131138000","30114152480800","30114134521700","30114135346900","30114149060900","30114153016700","30114173986400","30114160656900","30114161447100","30114170950900","30114174253700","30114192845000","30114184197700","30114184747700","30114190851200","30114192913600","30114210208300","30114203937700","30114204386800","30114208892600","30114210272300","30114226034800","30114222113300","30114222388000","30114225189000","0.638100","183.211500","0","25","total plaintext payload 1024bit; m1/m2 encrypted as c1/c2; each measured step includes operand alignment, multiply, relinearize, and result mod-switch; eval_chain_ms is continuous step1-to-step6 wall time"
"MUL","77","22.063200","19.480100","18.984100","17.025100","19.284600","16.716200","PACKAGE22_mul_100_20260825_142742_621","Multiplication depth6","42","619497227461406318","1024","128","true","true","true","32","true","32","true","32","22.063200","19.480100","18.984100","17.025100","19.284600","16.716200","114.627400","113.553300","18.925550","{""m1"":[24748,6964,13039,20042,59749,39655,48300,32803,55744,149,57100,35682,7601,10407,35046,8077,2993,17185,59280,15576,48173,46453,52261,28067,54298,63509,37865,1853,33251,47316,9554,23459],""m2"":[49135,31403,24827,30936,40841,38779,29984,57564,59578,35405,36731,6378,18030,57858,58853,62246,12896,59789,16379,51174,64038,36542,15085,52092,1373,22540,2614,40253,65167,24703,60610,11469]}","[8437,14229,28093,23763,44586,7561,46979,21786,19140,36187,41665,41369,29604,26805,46629,56936,23770,20954,56888,25904,20913,49463,45400,4855,27412,7276,46443,58289,60178,55125,22096,34210]","[8437,14229,28093,23763,44586,7561,46979,21786,19140,36187,41665,41369,29604,26805,46629,56936,23770,20954,56888,25904,20913,49463,45400,4855,27412,7276,46443,58289,60178,55125,22096,34210]","[{""label"":""c1=Enc(m1)"",""active_slots"":32,""logical_bits_per_active_slot"":16,""payload_bits_per_block"":512,""ciphertext_size"":2,""chain_index"":6,""fingerprint64"":""655c5fff5ca6e118""},{""label"":""c2=Enc(m2)"",""active_slots"":32,""logical_bits_per_active_slot"":16,""payload_bits_per_block"":512,""ciphertext_size"":2,""chain_index"":6,""fingerprint64"":""21852a3a57ed48ee""}]","[24748,6964,13039,20042,59749,39655,48300,32803,55744,149,57100,35682,7601,10407,35046,8077,2993,17185,59280,15576,48173,46453,52261,28067,54298,63509,37865,1853,33251,47316,9554,23459]","[49135,31403,24827,30936,40841,38779,29984,57564,59578,35405,36731,6378,18030,57858,58853,62246,12896,59789,16379,51174,64038,36542,15085,52092,1373,22540,2614,40253,65167,24703,60610,11469]","true","ciphertext_artifacts/mul_iter077_c1.seal","1835121","ee6d28312eaa29a5f537bc04a90a0c22e5ca6c969b007a113b920a86186744b2","1835121","ee6d28312eaa29a5f537bc04a90a0c22e5ca6c969b007a113b920a86186744b2","true","true","ciphertext_artifacts/mul_iter077_c2.seal","1835121","e4cf1e532e065956e8d469d8b92194c2bb9e076a9f8cb46d644d0ad0fbb848bf","1835121","e4cf1e532e065956e8d469d8b92194c2bb9e076a9f8cb46d644d0ad0fbb848bf","true","true","true","12.883800","12.664400","25.548200","0.003500","1.203600","16.135500","4.720600","3.895500","0.863000","11.252400","3.469200","7.130400","0.731400","8.627100","2.495200","8.366900","0.550100","6.117600","1.990500","11.852500","0.543600","5.348800","1.539700","12.637200","0.297500","2.892900","0.888600","30115041616500","30115063679700","30115041620000","30115042823600","30115058959100","30115064027300","30115083507400","30115067922800","30115068785800","30115080038200","30115083836000","30115102820100","30115090966400","30115091697800","30115100324900","30115102886700","30115119911800","30115111253600","30115111803700","30115117921300","30115119991900","30115139276500","30115131844400","30115132388000","30115137736800","30115139361900","30115156078100","30115151999100","30115152296600","30115155189500","0.869400","182.688600","0","25","total plaintext payload 1024bit; m1/m2 encrypted as c1/c2; each measured step includes operand alignment, multiply, relinearize, and result mod-switch; eval_chain_ms is continuous step1-to-step6 wall time"
"MUL","78","17.908200","17.530300","17.045900","16.538700","15.906900","18.348700","PACKAGE22_mul_100_20260825_142742_621","Multiplication depth6","42","-6138283981235572135","1024","128","true","true","true","32","true","32","true","32","17.908200","17.530300","17.045900","16.538700","15.906900","18.348700","103.781000","103.278700","17.213117","{""m1"":[59880,63563,4687,31072,7682,19546,47683,56867,46473,42271,8453,63664,23380,11910,26609,34193,37122,60433,35449,9548,57657,28568,56135,18516,16971,24443,43913,13597,42110,1259,5943,18084],""m2"":[5103,50953,31649,3132,59878,7976,58029,4814,46571,3148,56497,18072,665,45553,58252,48108,63610,20161,60164,265,65104,7375,39007,40869,5920,27672,28638,63015,59789,27444,55430,58473]}","[21023,21284,7150,9489,17989,11496,60991,29243,37059,15003,3005,18160,31158,8991,1304,38760,21585,49650,11603,19582,2716,62166,37167,61542,52172,12918,40521,21211,32961,63140,8414,32630]","[21023,21284,7150,9489,17989,11496,60991,29243,37059,15003,3005,18160,31158,8991,1304,38760,21585,49650,11603,19582,2716,62166,37167,61542,52172,12918,40521,21211,32961,63140,8414,32630]","[{""label"":""c1=Enc(m1)"",""active_slots"":32,""logical_bits_per_active_slot"":16,""payload_bits_per_block"":512,""ciphertext_size"":2,""chain_index"":6,""fingerprint64"":""906af6b0f969fc92""},{""label"":""c2=Enc(m2)"",""active_slots"":32,""logical_bits_per_active_slot"":16,""payload_bits_per_block"":512,""ciphertext_size"":2,""chain_index"":6,""fingerprint64"":""db3bf4dd63c46bf0""}]","[59880,63563,4687,31072,7682,19546,47683,56867,46473,42271,8453,63664,23380,11910,26609,34193,37122,60433,35449,9548,57657,28568,56135,18516,16971,24443,43913,13597,42110,1259,5943,18084]","[5103,50953,31649,3132,59878,7976,58029,4814,46571,3148,56497,18072,665,45553,58252,48108,63610,20161,60164,265,65104,7375,39007,40869,5920,27672,28638,63015,59789,27444,55430,58473]","true","ciphertext_artifacts/mul_iter078_c1.seal","1835121","9ec016777ba93932f040c52e1eb7c57cbc7018c0a1adf5d4bdfacc5cb8fd8cdc","1835121","9ec016777ba93932f040c52e1eb7c57cbc7018c0a1adf5d4bdfacc5cb8fd8cdc","true","true","ciphertext_artifacts/mul_iter078_c2.seal","1835121","f73d2d688a1f3c229d607ccf1cea85868ab6db66add886087cf070922f807fd2","1835121","f73d2d688a1f3c229d607ccf1cea85868ab6db66add886087cf070922f807fd2","true","true","true","13.685400","12.384300","26.069700","0.002400","1.206300","13.400300","3.299200","3.215100","0.799900","10.575300","2.940000","6.031000","0.664700","7.955900","2.394300","8.193500","0.539600","5.839600","1.966000","9.995600","0.407200","4.155000","1.349100","14.416500","0.282200","2.781300","0.868700","30115990354800","30116008263000","30115990357200","30115991563500","30116004963800","30116008332600","30116025862900","30116011547700","30116012347600","30116022922900","30116025926700","30116042972600","30116031957700","30116032622400","30116040578300","30116043041900","30116059580600","30116051235400","30116051775000","30116057614600","30116059645700","30116075552600","30116069641300","30116070048500","30116074203500","30116075625900","30116093974600","30116090042400","30116090324600","30116093105900","0.662000","169.544400","0","25","total plaintext payload 1024bit; m1/m2 encrypted as c1/c2; each measured step includes operand alignment, multiply, relinearize, and result mod-switch; eval_chain_ms is continuous step1-to-step6 wall time"
"MUL","79","19.961300","19.922900","21.618000","19.998500","16.174200","15.249000","PACKAGE22_mul_100_20260825_142742_621","Multiplication depth6","42","5560231981946910276","1024","128","true","true","true","32","true","32","true","32","19.961300","19.922900","21.618000","19.998500","16.174200","15.249000","113.933800","112.923900","18.820650","{""m1"":[42998,33253,37892,19978,34914,42568,8060,22862,33842,59200,29467,56141,53327,57710,43980,31900,59602,62311,17489,41552,60352,20823,18184,4525,17212,7172,54813,4748,8004,59917,15233,59426],""m2"":[15669,13631,42576,20550,2200,47524,12969,13007,10807,31081,31796,56216,32841,11690,54431,20864,45383,42633,20628,35973,61928,13936,45291,36480,21364,42953,10206,50376,9128,26108,22683,41234]}","[47188,18085,17599,39526,49863,6398,9268,25567,496,58106,21182,50470,25329,41773,7462,5199,7964,44547,64186,36926,19487,10773,58340,55745,40185,63654,13050,1908,42727,20581,49684,17367]","[47188,18085,17599,39526,49863,6398,9268,25567,496,58106,21182,50470,25329,41773,7462,5199,7964,44547,64186,36926,19487,10773,58340,55745,40185,63654,13050,1908,42727,20581,49684,17367]","[{""label"":""c1=Enc(m1)"",""active_slots"":32,""logical_bits_per_active_slot"":16,""payload_bits_per_block"":512,""ciphertext_size"":2,""chain_index"":6,""fingerprint64"":""698d9f786d33587a""},{""label"":""c2=Enc(m2)"",""active_slots"":32,""logical_bits_per_active_slot"":16,""payload_bits_per_block"":512,""ciphertext_size"":2,""chain_index"":6,""fingerprint64"":""c37dffdf1ed57a1c""}]","[42998,33253,37892,19978,34914,42568,8060,22862,33842,59200,29467,56141,53327,57710,43980,31900,59602,62311,17489,41552,60352,20823,18184,4525,17212,7172,54813,4748,8004,59917,15233,59426]","[15669,13631,42576,20550,2200,47524,12969,13007,10807,31081,31796,56216,32841,11690,54431,20864,45383,42633,20628,35973,61928,13936,45291,36480,21364,42953,10206,50376,9128,26108,22683,41234]","true","ciphertext_artifacts/mul_iter079_c1.seal","1835121","d540e8a267ae127991605e287057928d4b011f802659d27c083384870ad7390f","1835121","d540e8a267ae127991605e287057928d4b011f802659d27c083384870ad7390f","true","true","ciphertext_artifacts/mul_iter079_c2.seal","1835121","1ce1a0261762bd7192b7c925442ef36aa574cd21abd5beae377272815d821b8e","1835121","1ce1a0261762bd7192b7c925442ef36aa574cd21abd5beae377272815d821b8e","true","true","true","13.982100","12.592000","26.574100","0.002500","1.184400","14.745000","4.029400","3.549500","0.821000","11.700600","3.851800","9.012700","0.809500","8.888600","2.907200","10.600000","0.588000","6.670600","2.139900","10.218600","0.427700","4.203500","1.324400","11.525500","0.279700","2.616900","0.826900","30116912111600","30116932072900","30116912114100","30116913298500","30116928043500","30116932419500","30116952342400","30116935969000","30116936790000","30116948490600","30116952436700","30116974054700","30116961449400","30116962258900","30116971147500","30116974324600","30116994323100","30116984924600","30116985512600","30116992183200","30116994393000","30117010567200","30117004611600","30117005039300","30117009242800","30117010635300","30117025884300","30117022160800","30117022440500","30117025057400","0.656100","185.592700","0","25","total plaintext payload 1024bit; m1/m2 encrypted as c1/c2; each measured step includes operand alignment, multiply, relinearize, and result mod-switch; eval_chain_ms is continuous step1-to-step6 wall time"
"MUL","80","17.775300","17.343000","17.811800","19.494800","17.438300","16.374000","PACKAGE22_mul_100_20260825_142742_621","Multiplication depth6","42","-1197552542506239313","1024","128","true","true","true","32","true","32","true","32","17.775300","17.343000","17.811800","19.494800","17.438300","16.374000","106.971200","106.237200","17.706200","{""m1"":[52801,2718,49002,31,61516,43751,32971,44487,60456,9786,27137,42521,28991,22649,51574,7060,47510,55881,26179,61693,42863,46757,56485,36533,33998,57285,46979,26454,41418,47491,63682,48038],""m2"":[58881,46367,41776,14030,29597,28222,60163,23687,44216,33956,2180,41525,37475,18262,62926,21591,27857,57099,50089,56892,45817,4148,6338,14607,40219,5447,34762,53242,12822,32044,22847,27347]}","[46008,755,25405,29619,32336,21949,60394,58370,6674,26964,15133,12163,29302,59507,9044,46751,27353,64459,48874,57194,54531,13844,7971,6635,14596,2104,51169,52829,51854,38406,46537,47920]","[46008,755,25405,29619,32336,21949,60394,58370,6674,26964,15133,12163,29302,59507,9044,46751,27353,64459,48874,57194,54531,13844,7971,6635,14596,2104,51169,52829,51854,38406,46537,47920]","[{""label"":""c1=Enc(m1)"",""active_slots"":32,""logical_bits_per_active_slot"":16,""payload_bits_per_block"":512,""ciphertext_size"":2,""chain_index"":6,""fingerprint64"":""becd2be7aa65558c""},{""label"":""c2=Enc(m2)"",""active_slots"":32,""logical_bits_per_active_slot"":16,""payload_bits_per_block"":512,""ciphertext_size"":2,""chain_index"":6,""fingerprint64"":""d9f0fa11fbab07f7""}]","[52801,2718,49002,31,61516,43751,32971,44487,60456,9786,27137,42521,28991,22649,51574,7060,47510,55881,26179,61693,42863,46757,56485,36533,33998,57285,46979,26454,41418,47491,63682,48038]","[58881,46367,41776,14030,29597,28222,60163,23687,44216,33956,2180,41525,37475,18262,62926,21591,27857,57099,50089,56892,45817,4148,6338,14607,40219,5447,34762,53242,12822,32044,22847,27347]","true","ciphertext_artifacts/mul_iter080_c1.seal","1835121","040613213e119bc8433f54da500a37485bc053961bd79aa4a2435186994745ec","1835121","040613213e119bc8433f54da500a37485bc053961bd79aa4a2435186994745ec","true","true","ciphertext_artifacts/mul_iter080_c2.seal","1835121","0a3063a333f73945cd857fb6b0f7ca5cc7bfe01f4f0882e573627c5f9976faa2","1835121","0a3063a333f73945cd857fb6b0f7ca5cc7bfe01f4f0882e573627c5f9976faa2","true","true","true","12.302500","11.492000","23.794500","0.002600","1.186800","13.311900","3.274000","3.175800","0.798300","10.464100","2.904800","5.961800","0.667100","8.755100","2.427800","8.568300","0.548200","8.362400","2.015900","10.694400","0.446600","4.834000","1.463300","12.713100","0.275200","2.561100","0.824600","30117841767800","30117859543100","30117841770400","30117842957200","30117856269100","30117859607900","30117876950900","30117862783700","30117863582000","30117874046100","30117877018900","30117894830700","30117882980700","30117883647800","30117892402900","30117894901700","30117914396500","30117903470000","30117904018200","30117912380600","30117914481100","30117931919400","30117925175500","30117925622100","30117930456100","30117932201400","30117948575400","30117944914500","30117945189700","30117947750800","0.617900","179.803300","0","25","total plaintext payload 1024bit; m1/m2 encrypted as c1/c2; each measured step includes operand alignment, multiply, relinearize, and result mod-switch; eval_chain_ms is continuous step1-to-step6 wall time"
"MUL","81","17.811500","17.378900","16.943100","16.505500","15.900200","14.775500","PACKAGE22_mul_100_20260825_142742_621","Multiplication depth6","42","-7945763679304466790","1024","128","true","true","true","32","true","32","true","32","17.811500","17.378900","16.943100","16.505500","15.900200","14.775500","99.811800","99.314700","16.552450","{""m1"":[23758,16348,35883,15035,59688,18083,14625,23817,33783,45603,30019,6784,53660,22843,56386,9501,8467,12520,45324,42861,22508,18496,40037,47725,34091,23511,43906,4035,21513,57400,61236,45270],""m2"":[24923,48381,15708,50553,55642,5519,57350,21979,50803,6158,44364,39634,56751,26383,53954,35495,9314,31676,6319,20617,13364,55050,38662,6801,62982,16374,28046,23920,60506,64172,39807,13964]}","[6712,28286,8830,56440,25206,13906,10867,4254,3093,21757,23884,32674,23956,52701,24715,57969,4227,31918,55981,18753,22629,55047,1475,38130,32874,6933,53552,9850,62062,27819,18442,31242]","[6712,28286,8830,56440,25206,13906,10867,4254,3093,21757,23884,32674,23956,52701,24715,57969,4227,31918,55981,18753,22629,55047,1475,38130,32874,6933,53552,9850,62062,27819,18442,31242]","[{""label"":""c1=Enc(m1)"",""active_slots"":32,""logical_bits_per_active_slot"":16,""payload_bits_per_block"":512,""ciphertext_size"":2,""chain_index"":6,""fingerprint64"":""e7631ae68e18902e""},{""label"":""c2=Enc(m2)"",""active_slots"":32,""logical_bits_per_active_slot"":16,""payload_bits_per_block"":512,""ciphertext_size"":2,""chain_index"":6,""fingerprint64"":""88ef2686d1145b6b""}]","[23758,16348,35883,15035,59688,18083,14625,23817,33783,45603,30019,6784,53660,22843,56386,9501,8467,12520,45324,42861,22508,18496,40037,47725,34091,23511,43906,4035,21513,57400,61236,45270]","[24923,48381,15708,50553,55642,5519,57350,21979,50803,6158,44364,39634,56751,26383,53954,35495,9314,31676,6319,20617,13364,55050,38662,6801,62982,16374,28046,23920,60506,64172,39807,13964]","true","ciphertext_artifacts/mul_iter081_c1.seal","1835121","cc230767ecb8dc5dc46cf34bece605b180acdffd68f9459a9488d8afc66d445a","1835121","cc230767ecb8dc5dc46cf34bece605b180acdffd68f9459a9488d8afc66d445a","true","true","ciphertext_artifacts/mul_iter081_c2.seal","1835121","e8d5185634ca848d23fd2654775658d78a44c76f6a4461d30c89adb87a6fb1d3","1835121","e8d5185634ca848d23fd2654775658d78a44c76f6a4461d30c89adb87a6fb1d3","true","true","true","12.761100","12.058600","24.819700","0.002700","1.216500","13.317200","3.275100","3.175800","0.792300","10.507900","2.902900","5.857400","0.668500","7.995000","2.422200","8.135400","0.537900","5.859200","1.973000","10.173900","0.397800","4.019000","1.309500","11.200100","0.272400","2.515100","0.787900","30118752437400","30118770248900","30118752440100","30118753656600","30118766973800","30118770313100","30118787692000","30118773488900","30118774281200","30118784789100","30118787759400","30118804702500","30118793616800","30118794285300","30118802280300","30118804779800","30118821285300","30118812915200","30118813453100","30118819312300","30118821353900","30118837254100","30118831527800","30118831925600","30118835944600","30118837318700","30118852094200","30118848518800","30118848791200","30118851306300","0.614200","164.576900","0","25","total plaintext payload 1024bit; m1/m2 encrypted as c1/c2; each measured step includes operand alignment, multiply, relinearize, and result mod-switch; eval_chain_ms is continuous step1-to-step6 wall time"
"MUL","82","17.962300","18.154100","17.190600","16.721400","20.242400","17.706400","PACKAGE22_mul_100_20260825_142742_621","Multiplication depth6","42","3743481760178094725","1024","128","true","true","true","32","true","32","true","32","17.962300","18.154100","17.190600","16.721400","20.242400","17.706400","108.473900","107.977200","17.996200","{""m1"":[49801,32525,49896,27398,56778,33556,43401,47465,28115,45458,51258,58876,18620,22416,57783,4251,2410,59363,32598,11728,33619,45913,47473,19325,5482,27688,8798,8331,21214,29921,29918,49954],""m2"":[21308,63701,56500,31370,43717,6310,23999,2459,38374,20400,25260,45494,50773,40035,4354,35674,57754,46516,8399,11450,18417,55979,26561,3005,63516,35472,2814,22999,62638,50884,41696,12506]}","[4052,65181,25064,586,48590,26228,32459,224,63025,23596,36678,38232,15405,18198,16754,49216,58252,50040,33987,8992,30232,40821,17432,21875,38736,25670,61239,12774,63018,53240,36832,28465]","[4052,65181,25064,586,48590,26228,32459,224,63025,23596,36678,38232,15405,18198,16754,49216,58252,50040,33987,8992,30232,40821,17432,21875,38736,25670,61239,12774,63018,53240,36832,28465]","[{""label"":""c1=Enc(m1)"",""active_slots"":32,""logical_bits_per_active_slot"":16,""payload_bits_per_block"":512,""ciphertext_size"":2,""chain_index"":6,""fingerprint64"":""6b695755fe8e96ee""},{""label"":""c2=Enc(m2)"",""active_slots"":32,""logical_bits_per_active_slot"":16,""payload_bits_per_block"":512,""ciphertext_size"":2,""chain_index"":6,""fingerprint64"":""a7dcb6fa9af1fbf8""}]","[49801,32525,49896,27398,56778,33556,43401,47465,28115,45458,51258,58876,18620,22416,57783,4251,2410,59363,32598,11728,33619,45913,47473,19325,5482,27688,8798,8331,21214,29921,29918,49954]","[21308,63701,56500,31370,43717,6310,23999,2459,38374,20400,25260,45494,50773,40035,4354,35674,57754,46516,8399,11450,18417,55979,26561,3005,63516,35472,2814,22999,62638,50884,41696,12506]","true","ciphertext_artifacts/mul_iter082_c1.seal","1835121","4b470d5d4681d9be63bae961e4bbb72c8b5d7c8dd593111052f6f74449cd25d9","1835121","4b470d5d4681d9be63bae961e4bbb72c8b5d7c8dd593111052f6f74449cd25d9","true","true","ciphertext_artifacts/mul_iter082_c2.seal","1835121","d4896e086de601785a66c6014f03cf0ef52296a37e238899e93a3d31fea3bfcf","1835121","d4896e086de601785a66c6014f03cf0ef52296a37e238899e93a3d31fea3bfcf","true","true","true","13.257700","12.273800","25.531500","0.002500","1.201300","13.503600","3.254900","3.186000","0.804200","11.229900","2.934000","6.087800","0.669600","8.036000","2.397200","8.247700","0.532100","6.027200","1.914400","12.817200","0.486300","5.588200","1.350700","13.567000","0.311600","2.993300","0.834500","30119653556400","30119671518700","30119653558900","30119654760200","30119668263800","30119671595800","30119689749900","30119674781800","30119675586000","30119686815900","30119689814600","30119707005200","30119695902400","30119696572000","30119704608000","30119707074400","30119723795800","30119715322100","30119715854200","30119721881400","30119723858200","30119744100600","30119736675400","30119737161700","30119742749900","30119744184800","30119761891200","30119757751800","30119758063400","30119761056700","0.646300","173.678500","0","25","total plaintext payload 1024bit; m1/m2 encrypted as c1/c2; each measured step includes operand alignment, multiply, relinearize, and result mod-switch; eval_chain_ms is continuous step1-to-step6 wall time"
"MUL","83","17.646700","17.953900","16.971000","16.392100","15.588900","14.777900","PACKAGE22_mul_100_20260825_142742_621","Multiplication depth6","42","-3041321054905809168","1024","128","true","true","true","32","true","32","true","32","17.646700","17.953900","16.971000","16.392100","15.588900","14.777900","99.850200","99.330500","16.555083","{""m1"":[8976,36289,52221,27154,2028,48230,27840,56805,14562,27739,17523,38893,29268,48966,40337,16258,52886,22202,19811,60377,37763,39452,19916,62909,96,60644,27619,17618,11907,26655,41321,58648],""m2"":[38857,62197,43616,30433,9732,31987,45792,46124,49054,31460,42538,49398,48610,31805,40470,58975,18664,48357,46905,12320,16653,40247,20887,35383,53109,44729,6348,23936,19128,1860,62991,16762]}","[27438,65340,21119,10267,60399,52779,5578,8333,36778,35676,40593,5495,17047,33110,28316,36349,46295,27288,14288,4447,8540,26588,2662,64282,26763,60465,11474,32359,56279,49233,12499,29553]","[27438,65340,21119,10267,60399,52779,5578,8333,36778,35676,40593,5495,17047,33110,28316,36349,46295,27288,14288,4447,8540,26588,2662,64282,26763,60465,11474,32359,56279,49233,12499,29553]","[{""label"":""c1=Enc(m1)"",""active_slots"":32,""logical_bits_per_active_slot"":16,""payload_bits_per_block"":512,""ciphertext_size"":2,""chain_index"":6,""fingerprint64"":""25d23f668441bdc0""},{""label"":""c2=Enc(m2)"",""active_slots"":32,""logical_bits_per_active_slot"":16,""payload_bits_per_block"":512,""ciphertext_size"":2,""chain_index"":6,""fingerprint64"":""052c2bd1eac86823""}]","[8976,36289,52221,27154,2028,48230,27840,56805,14562,27739,17523,38893,29268,48966,40337,16258,52886,22202,19811,60377,37763,39452,19916,62909,96,60644,27619,17618,11907,26655,41321,58648]","[38857,62197,43616,30433,9732,31987,45792,46124,49054,31460,42538,49398,48610,31805,40470,58975,18664,48357,46905,12320,16653,40247,20887,35383,53109,44729,6348,23936,19128,1860,62991,16762]","true","ciphertext_artifacts/mul_iter083_c1.seal","1835121","1647d8f06b968080976f9d1d63ed232900b43ecc5a5a390aa19ca5c951863e96","1835121","1647d8f06b968080976f9d1d63ed232900b43ecc5a5a390aa19ca5c951863e96","true","true","ciphertext_artifacts/mul_iter083_c2.seal","1835121","01243d5df6adc624bb499ce060bf0c0c6f3d98e3803a7ae7b4e79bfa7c72d1a8","1835121","01243d5df6adc624bb499ce060bf0c0c6f3d98e3803a7ae7b4e79bfa7c72d1a8","true","true","true","11.526000","11.039200","22.565200","0.002600","1.172600","13.173700","3.297800","3.154500","0.790600","11.063800","2.945000","5.873800","0.656900","8.034000","2.406300","8.107800","0.526300","5.865000","1.893000","9.896200","0.397900","4.011200","1.283600","11.208900","0.269200","2.502400","0.797400","30120516788300","30120534435000","30120516790900","30120517963500","30120531137200","30120534509600","30120552463500","30120537664100","30120538454700","30120549518500","30120552533600","30120569504600","30120558407400","30120559064300","30120567098300","30120569574400","30120585966500","30120577682200","30120578208500","30120584073500","30120586033400","30120601622300","30120595929600","30120596327500","30120600338700","30120601695800","30120616473700","30120612904700","30120613173900","30120615676300","0.663700","157.764700","0","25","total plaintext payload 1024bit; m1/m2 encrypted as c1/c2; each measured step includes operand alignment, multiply, relinearize, and result mod-switch; eval_chain_ms is continuous step1-to-step6 wall time"
"MUL","84","18.049900","17.729800","17.298000","16.585900","15.765600","18.953800","PACKAGE22_mul_100_20260825_142742_621","Multiplication depth6","42","8359957874037410523","1024","128","true","true","true","32","true","32","true","32","18.049900","17.729800","17.298000","16.585900","15.765600","18.953800","104.865200","104.383000","17.397167","{""m1"":[49459,22484,29071,42277,40017,49768,47860,2125,4721,26121,3789,32509,19028,23909,34845,18321,62829,9930,57845,62040,54740,48968,64361,22067,10690,1204,21104,7363,9441,10370,47839,34423],""m2"":[56025,40946,995,10251,1651,60557,46965,62829,59208,2914,8515,28531,11283,13576,65395,23048,35941,55747,52654,43876,16458,4603,43207,57381,17596,22178,49229,13948,49316,43755,59892,23414]}","[51968,45935,7326,30277,31394,51888,39957,18958,15294,24613,63769,51240,26027,16131,10180,27432,25937,30326,28103,57201,57525,37966,15485,64629,37855,57590,5832,27426,65258,48419,15153,1492]","[51968,45935,7326,30277,31394,51888,39957,18958,15294,24613,63769,51240,26027,16131,10180,27432,25937,30326,28103,57201,57525,37966,15485,64629,37855,57590,5832,27426,65258,48419,15153,1492]","[{""label"":""c1=Enc(m1)"",""active_slots"":32,""logical_bits_per_active_slot"":16,""payload_bits_per_block"":512,""ciphertext_size"":2,""chain_index"":6,""fingerprint64"":""a39c193c13801f2c""},{""label"":""c2=Enc(m2)"",""active_slots"":32,""logical_bits_per_active_slot"":16,""payload_bits_per_block"":512,""ciphertext_size"":2,""chain_index"":6,""fingerprint64"":""c3ff56c0f4427f07""}]","[49459,22484,29071,42277,40017,49768,47860,2125,4721,26121,3789,32509,19028,23909,34845,18321,62829,9930,57845,62040,54740,48968,64361,22067,10690,1204,21104,7363,9441,10370,47839,34423]","[56025,40946,995,10251,1651,60557,46965,62829,59208,2914,8515,28531,11283,13576,65395,23048,35941,55747,52654,43876,16458,4603,43207,57381,17596,22178,49229,13948,49316,43755,59892,23414]","true","ciphertext_artifacts/mul_iter084_c1.seal","1835121","d7264fd8058a9619e46106645837fd55736a228f578e26ec72c8a7d9f1447c88","1835121","d7264fd8058a9619e46106645837fd55736a228f578e26ec72c8a7d9f1447c88","true","true","ciphertext_artifacts/mul_iter084_c2.seal","1835121","8b36a822c8b4283b3e60d6652f1786bb4a0a672c77705ff67073ced637321c71","1835121","8b36a822c8b4283b3e60d6652f1786bb4a0a672c77705ff67073ced637321c71","true","true","true","13.467100","14.544800","28.011900","0.002400","1.187000","13.559600","3.300900","3.253700","0.815700","10.662300","2.998100","5.997500","0.674400","8.106500","2.519600","8.181100","0.540100","5.892300","1.972400","9.861100","0.397000","4.179000","1.328500","14.687500","0.372900","3.042700","0.850700","30121414427000","30121432476900","30121414429400","30121415616400","30121429176000","30121432541300","30121450271100","30121435795000","30121436610700","30121447273000","30121450337700","30121467635700","30121456335200","30121457009600","30121465116100","30121467706100","30121484292000","30121475887200","30121476427300","30121482319600","30121484364100","30121500129700","30121494225200","30121494622200","30121498801200","30121500201200","30121519155000","30121514888700","30121515261600","30121518304300","0.765300","181.575700","0","25","total plaintext payload 1024bit; m1/m2 encrypted as c1/c2; each measured step includes operand alignment, multiply, relinearize, and result mod-switch; eval_chain_ms is continuous step1-to-step6 wall time"
"MUL","85","20.326300","19.047700","19.929200","20.337600","16.524200","15.181600","PACKAGE22_mul_100_20260825_142742_621","Multiplication depth6","42","1611183856003665606","1024","128","true","true","true","32","true","32","true","32","20.326300","19.047700","19.929200","20.337600","16.524200","15.181600","112.627500","111.346600","18.557767","{""m1"":[64454,38890,33523,61264,52717,1695,48465,6845,32275,37871,52090,11041,14723,22583,25612,33708,4852,51005,4462,63352,709,29091,36784,53882,7503,29743,56448,9041,47658,21387,49021,63012],""m2"":[18438,9988,13119,55411,29350,10649,42403,2628,50977,13514,2028,12004,53391,17100,34326,48506,9243,57008,1060,43142,22997,36580,54689,52670,7347,7920,2834,38291,42811,40192,40442,4785]}","[16415,35487,28169,29802,35842,12509,41140,26844,40352,23563,26239,61829,35615,39269,51116,7717,34423,25507,49689,20690,31020,53615,264,2928,39066,51295,475,43485,51425,51643,43102,20107]","[16415,35487,28169,29802,35842,12509,41140,26844,40352,23563,26239,61829,35615,39269,51116,7717,34423,25507,49689,20690,31020,53615,264,2928,39066,51295,475,43485,51425,51643,43102,20107]","[{""label"":""c1=Enc(m1)"",""active_slots"":32,""logical_bits_per_active_slot"":16,""payload_bits_per_block"":512,""ciphertext_size"":2,""chain_index"":6,""fingerprint64"":""f094140d4ede63af""},{""label"":""c2=Enc(m2)"",""active_slots"":32,""logical_bits_per_active_slot"":16,""payload_bits_per_block"":512,""ciphertext_size"":2,""chain_index"":6,""fingerprint64"":""098589c8139b3013""}]","[64454,38890,33523,61264,52717,1695,48465,6845,32275,37871,52090,11041,14723,22583,25612,33708,4852,51005,4462,63352,709,29091,36784,53882,7503,29743,56448,9041,47658,21387,49021,63012]","[18438,9988,13119,55411,29350,10649,42403,2628,50977,13514,2028,12004,53391,17100,34326,48506,9243,57008,1060,43142,22997,36580,54689,52670,7347,7920,2834,38291,42811,40192,40442,4785]","true","ciphertext_artifacts/mul_iter085_c1.seal","1835121","0fb61aa80e0aebcf590d0e5f571b0f203e112a20053b11998b379391187329db","1835121","0fb61aa80e0aebcf590d0e5f571b0f203e112a20053b11998b379391187329db","true","true","ciphertext_artifacts/mul_iter085_c2.seal","1835121","766429af698eaa039d1f012406a82b74e2c60e92bab7ce4a2ff48705f9cf8f42","1835121","766429af698eaa039d1f012406a82b74e2c60e92bab7ce4a2ff48705f9cf8f42","true","true","true","11.602100","11.325200","22.927300","0.003800","1.508800","15.299900","3.513800","3.660000","0.880500","11.457300","3.049900","6.318000","1.667400","9.326400","2.617400","10.326700","0.606600","7.082600","2.321700","10.634000","0.411500","4.124100","1.354600","11.491300","0.276400","2.589100","0.824800","30122339099600","30122359425900","30122339103400","30122340612200","30122355912100","30122359667000","30122378714700","30122363327000","30122364207500","30122375664800","30122378779300","30122398708500","30122385097300","30122386764700","30122396091100","30122399052200","30122419389800","30122409378900","30122409985500","30122417068100","30122419624700","30122436148900","30122430258700","30122430670200","30122434794300","30122436215200","30122451396800","30122447706500","30122447982900","30122450572000","0.631300","181.631700","0","25","total plaintext payload 1024bit; m1/m2 encrypted as c1/c2; each measured step includes operand alignment, multiply, relinearize, and result mod-switch; eval_chain_ms is continuous step1-to-step6 wall time"
"MUL","86","18.109100","17.802000","17.060800","16.393200","15.612800","15.363000","PACKAGE22_mul_100_20260825_142742_621","Multiplication depth6","42","-5146033371988634831","1024","128","true","true","true","32","true","32","true","32","18.109100","17.802000","17.060800","16.393200","15.612800","15.363000","100.862200","100.340900","16.723483","{""m1"":[28494,23868,12676,26020,5612,27560,18151,63314,32068,17031,62242,59173,30033,16937,42471,59837,24119,46802,26921,27206,62457,49348,58481,12747,46461,34829,51985,7818,44413,51293,8067,57114],""m2"":[6518,58255,46745,62763,23089,51478,47634,33882,42383,49487,49728,4433,34315,3532,5399,38498,23811,17200,38420,36102,23,5473,34445,10931,47858,44576,63322,47423,32954,47889,11968,1576]}","[3900,1922,17507,39139,35792,36887,51625,56722,63104,24036,41359,39225,50017,40229,554,63219,17426,48025,58047,37223,40010,31312,32398,61486,59288,15626,38600,55477,3834,38364,34783,45455]","[3900,1922,17507,39139,35792,36887,51625,56722,63104,24036,41359,39225,50017,40229,554,63219,17426,48025,58047,37223,40010,31312,32398,61486,59288,15626,38600,55477,3834,38364,34783,45455]","[{""label"":""c1=Enc(m1)"",""active_slots"":32,""logical_bits_per_active_slot"":16,""payload_bits_per_block"":512,""ciphertext_size"":2,""chain_index"":6,""fingerprint64"":""babd64957b1dafd8""},{""label"":""c2=Enc(m2)"",""active_slots"":32,""logical_bits_per_active_slot"":16,""payload_bits_per_block"":512,""ciphertext_size"":2,""chain_index"":6,""fingerprint64"":""b154251cc42132ad""}]","[28494,23868,12676,26020,5612,27560,18151,63314,32068,17031,62242,59173,30033,16937,42471,59837,24119,46802,26921,27206,62457,49348,58481,12747,46461,34829,51985,7818,44413,51293,8067,57114]","[6518,58255,46745,62763,23089,51478,47634,33882,42383,49487,49728,4433,34315,3532,5399,38498,23811,17200,38420,36102,23,5473,34445,10931,47858,44576,63322,47423,32954,47889,11968,1576]","true","ciphertext_artifacts/mul_iter086_c1.seal","1835121","a17cd65e95d7613a4c6b1a4ab8abee9ef655f272078a9f0e5e663519617e089f","1835121","a17cd65e95d7613a4c6b1a4ab8abee9ef655f272078a9f0e5e663519617e089f","true","true","ciphertext_artifacts/mul_iter086_c2.seal","1835121","ab0c2d6da2aa8638392c93a5ab6429e4bf81dc519999374c5ef5c00f8c0aba5d","1835121","ab0c2d6da2aa8638392c93a5ab6429e4bf81dc519999374c5ef5c00f8c0aba5d","true","true","true","12.096800","11.114400","23.211200","0.002200","1.234800","13.554800","3.317300","3.274800","0.816100","10.731400","2.979700","5.997800","0.675200","7.999800","2.388000","8.147400","0.534700","5.803100","1.908000","9.937700","0.398400","3.996000","1.280700","11.778000","0.266400","2.522100","0.796500","30123247139100","30123265248200","30123247141300","30123248376100","30123261930900","30123265316100","30123283118100","30123268590900","30123269407000","30123280138400","30123283185200","30123300246000","30123289183000","30123289858200","30123297858000","30123300317700","30123316710900","30123308465100","30123308999800","30123314802900","30123316784400","30123332397200","30123326722100","30123327120500","30123331116500","30123332469900","30123347832900","30123344247900","30123344514300","30123347036400","0.606200","167.864400","0","25","total plaintext payload 1024bit; m1/m2 encrypted as c1/c2; each measured step includes operand alignment, multiply, relinearize, and result mod-switch; eval_chain_ms is continuous step1-to-step6 wall time"
"MUL","87","20.196700","20.859900","17.556000","16.970000","18.422100","18.144400","PACKAGE22_mul_100_20260825_142742_621","Multiplication depth6","42","6551936683671705372","1024","128","true","true","true","32","true","32","true","32","20.196700","20.859900","17.556000","16.970000","18.422100","18.144400","113.199300","112.149100","18.691517","{""m1"":[17078,58190,23088,26321,20125,40464,33033,11416,42953,26516,56791,46728,35873,8323,10483,35753,22828,18428,4829,63892,27678,24080,749,6643,62616,14582,23654,60081,30390,14291,28185,28244],""m2"":[31001,17947,24058,60998,10013,21192,31310,62037,14332,31694,39247,14697,56564,13571,28452,23948,26684,58763,46059,14818,8220,55522,64927,45891,26715,14684,36500,13175,27048,59433,12683,18537]}","[24603,60091,27538,46616,42619,29158,42056,11921,36097,21606,58641,22912,27846,57820,903,55293,28789,61934,27679,24556,9517,56944,13785,2945,25769,3279,38493,5531,13176,34492,35122,45666]","[24603,60091,27538,46616,42619,29158,42056,11921,36097,21606,58641,22912,27846,57820,903,55293,28789,61934,27679,24556,9517,56944,13785,2945,25769,3279,38493,5531,13176,34492,35122,45666]","[{""label"":""c1=Enc(m1)"",""active_slots"":32,""logical_bits_per_active_slot"":16,""payload_bits_per_block"":512,""ciphertext_size"":2,""chain_index"":6,""fingerprint64"":""7e8af1f80f10155b""},{""label"":""c2=Enc(m2)"",""active_slots"":32,""logical_bits_per_active_slot"":16,""payload_bits_per_block"":512,""ciphertext_size"":2,""chain_index"":6,""fingerprint64"":""405ca2437da75016""}]","[17078,58190,23088,26321,20125,40464,33033,11416,42953,26516,56791,46728,35873,8323,10483,35753,22828,18428,4829,63892,27678,24080,749,6643,62616,14582,23654,60081,30390,14291,28185,28244]","[31001,17947,24058,60998,10013,21192,31310,62037,14332,31694,39247,14697,56564,13571,28452,23948,26684,58763,46059,14818,8220,55522,64927,45891,26715,14684,36500,13175,27048,59433,12683,18537]","true","ciphertext_artifacts/mul_iter087_c1.seal","1835121","efe86a29d085b3082d677b74a5b163a6777e61b6e5cf036a373166ff0a6f5f9e","1835121","efe86a29d085b3082d677b74a5b163a6777e61b6e5cf036a373166ff0a6f5f9e","true","true","ciphertext_artifacts/mul_iter087_c2.seal","1835121","d646967c52e2d6e363acae4a6095f35c9db3bbddc50d686a1df4b7718dadd5e9","1835121","d646967c52e2d6e363acae4a6095f35c9db3bbddc50d686a1df4b7718dadd5e9","true","true","true","11.790400","11.509000","23.299400","0.002400","1.200800","13.716900","5.276600","4.471400","0.830800","11.985900","3.571800","6.158800","0.693800","8.245100","2.458300","8.436700","0.544000","5.998300","1.991000","10.426100","0.410900","5.817000","1.768100","14.028100","0.304200","2.982300","0.829800","30124168730000","30124188926700","30124168732400","30124169933200","30124183650100","30124189207600","30124210067500","30124193679000","30124194509800","30124206495700","30124210206700","30124227762700","30124216365500","30124217059300","30124225304400","30124227825500","30124244795500","30124236262200","30124236806200","30124242804500","30124244858300","30124263280400","30124255284400","30124255695300","30124261512300","30124263626100","30124281770500","30124277654200","30124277958400","30124280940700","0.743900","175.921000","0","25","total plaintext payload 1024bit; m1/m2 encrypted as c1/c2; each measured step includes operand alignment, multiply, relinearize, and result mod-switch; eval_chain_ms is continuous step1-to-step6 wall time"
"MUL","88","18.645300","17.441400","16.966200","16.398000","15.591700","14.716900","PACKAGE22_mul_100_20260825_142742_621","Multiplication depth6","42","-205284890788177145","1024","128","true","true","true","32","true","32","true","32","18.645300","17.441400","16.966200","16.398000","15.591700","14.716900","100.276900","99.759500","16.626583","{""m1"":[47106,582,32909,436,30229,43051,48925,25799,12895,36970,14732,16174,15358,4116,59810,25228,3366,16347,40199,55015,58054,32025,176,52506,50467,45802,17323,56674,17418,58726,57379,33244],""m2"":[31187,26404,4222,33025,43498,32825,12076,29884,51161,43369,5747,52056,47357,50538,16854,55538,18446,12985,59692,38166,32148,7133,20840,30562,53756,10756,28438,22369,44468,33936,6161,24819]}","[63904,61439,6028,4572,41080,24338,54326,9713,53274,20775,41082,52728,29960,18752,17319,58257,2322,12645,30580,8487,27267,26143,1458,24772,27401,23451,64354,43701,21004,33642,51359,35352]","[63904,61439,6028,4572,41080,24338,54326,9713,53274,20775,41082,52728,29960,18752,17319,58257,2322,12645,30580,8487,27267,26143,1458,24772,27401,23451,64354,43701,21004,33642,51359,35352]","[{""label"":""c1=Enc(m1)"",""active_slots"":32,""logical_bits_per_active_slot"":16,""payload_bits_per_block"":512,""ciphertext_size"":2,""chain_index"":6,""fingerprint64"":""19e7aef378810889""},{""label"":""c2=Enc(m2)"",""active_slots"":32,""logical_bits_per_active_slot"":16,""payload_bits_per_block"":512,""ciphertext_size"":2,""chain_index"":6,""fingerprint64"":""0bdf1ec3b452f528""}]","[47106,582,32909,436,30229,43051,48925,25799,12895,36970,14732,16174,15358,4116,59810,25228,3366,16347,40199,55015,58054,32025,176,52506,50467,45802,17323,56674,17418,58726,57379,33244]","[31187,26404,4222,33025,43498,32825,12076,29884,51161,43369,5747,52056,47357,50538,16854,55538,18446,12985,59692,38166,32148,7133,20840,30562,53756,10756,28438,22369,44468,33936,6161,24819]","true","ciphertext_artifacts/mul_iter088_c1.seal","1835121","df970450ec2e19b57736ed0bddc6497ac795bc63ca896c355d63cc9f7d3b7193","1835121","df970450ec2e19b57736ed0bddc6497ac795bc63ca896c355d63cc9f7d3b7193","true","true","ciphertext_artifacts/mul_iter088_c2.seal","1835121","3551b44c6fb41a0f247c14e3754e39913e65d7d32e9cc295be6689ced149f4fd","1835121","3551b44c6fb41a0f247c14e3754e39913e65d7d32e9cc295be6689ced149f4fd","true","true","true","11.745500","11.384500","23.130000","0.002900","1.205600","14.130400","3.306400","3.187800","0.799300","10.545400","2.908900","5.870700","0.660700","8.031400","2.403400","8.151100","0.530100","5.795100","1.921700","9.859800","0.404900","4.035400","1.291600","11.129200","0.266400","2.522600","0.798700","30125113429300","30125132074600","30125113432200","30125114637800","30125128768200","30125132142800","30125149584200","30125135330600","30125136129900","30125146675300","30125149652000","30125166618200","30125155522700","30125156183400","30125164214800","30125166680100","30125183078100","30125174831200","30125175361300","30125181156400","30125183151900","30125198743600","30125193011700","30125193416600","30125197452000","30125198836000","30125213552900","30125209965200","30125210231600","30125212754200","0.618500","160.189600","0","25","total plaintext payload 1024bit; m1/m2 encrypted as c1/c2; each measured step includes operand alignment, multiply, relinearize, and result mod-switch; eval_chain_ms is continuous step1-to-step6 wall time"
"MUL","89","20.786000","18.321700","20.760300","18.846300","16.638300","15.286400","PACKAGE22_mul_100_20260825_142742_621","Multiplication depth6","42","-6954075951266308238","1024","128","true","true","true","32","true","32","true","32","20.786000","18.321700","20.760300","18.846300","16.638300","15.286400","111.343700","110.639000","18.439833","{""m1"":[55204,7444,65082,21478,3030,64619,20848,9574,446,15861,5227,33591,27556,65105,56817,60882,58173,4424,8080,21551,21096,46708,59427,5496,23794,5008,8469,36456,8248,1131,19308,27880],""m2"":[46117,50477,50939,43743,62828,20445,12527,21893,41326,16902,13912,37685,6009,34684,25498,42802,21110,27542,42849,34735,7400,44461,41663,54087,15252,5084,41876,52840,40438,44387,2586,54845]}","[57665,17973,6252,55765,458,42890,42775,43421,64269,26618,8862,40824,18569,28993,56526,43403,41179,46386,13269,18525,50128,19666,16586,2061,21285,54435,53913,46723,63413,57276,36747,18808]","[57665,17973,6252,55765,458,42890,42775,43421,64269,26618,8862,40824,18569,28993,56526,43403,41179,46386,13269,18525,50128,19666,16586,2061,21285,54435,53913,46723,63413,57276,36747,18808]","[{""label"":""c1=Enc(m1)"",""active_slots"":32,""logical_bits_per_active_slot"":16,""payload_bits_per_block"":512,""ciphertext_size"":2,""chain_index"":6,""fingerprint64"":""01c2d77f7ba69d81""},{""label"":""c2=Enc(m2)"",""active_slots"":32,""logical_bits_per_active_slot"":16,""payload_bits_per_block"":512,""ciphertext_size"":2,""chain_index"":6,""fingerprint64"":""c3bab7795a7244c1""}]","[55204,7444,65082,21478,3030,64619,20848,9574,446,15861,5227,33591,27556,65105,56817,60882,58173,4424,8080,21551,21096,46708,59427,5496,23794,5008,8469,36456,8248,1131,19308,27880]","[46117,50477,50939,43743,62828,20445,12527,21893,41326,16902,13912,37685,6009,34684,25498,42802,21110,27542,42849,34735,7400,44461,41663,54087,15252,5084,41876,52840,40438,44387,2586,54845]","true","ciphertext_artifacts/mul_iter089_c1.seal","1835121","2d33e473945ef08fd4c82993608283096f6467fe249a83e462519cea6140d582","1835121","2d33e473945ef08fd4c82993608283096f6467fe249a83e462519cea6140d582","true","true","ciphertext_artifacts/mul_iter089_c2.seal","1835121","9ebddd4f386f12f6091a3acd5391ab126164746fe2d7b561b5033f58672607bf","1835121","9ebddd4f386f12f6091a3acd5391ab126164746fe2d7b561b5033f58672607bf","true","true","true","11.808600","11.600800","23.409400","0.002800","1.520500","15.391600","3.871100","3.318300","0.827600","10.989200","3.186600","6.966900","0.814500","9.112600","3.866300","10.064000","0.550100","6.252200","1.980000","10.721900","0.416700","4.185600","1.314100","11.581700","0.278700","2.588700","0.837300","30126029169900","30126049955900","30126029172700","30126030693200","30126046084800","30126050025600","30126068347300","30126053343900","30126054171500","30126065160700","30126068430500","30126089190800","30126075397400","30126076211900","30126085324500","30126089447600","30126108293900","30126099511600","30126100061700","30126106313900","30126108374700","30126125013000","30126119096600","30126119513300","30126123698900","30126125073500","30126140359900","30126136655200","30126136933900","30126139522600","0.625900","177.016100","0","25","total plaintext payload 1024bit; m1/m2 encrypted as c1/c2; each measured step includes operand alignment, multiply, relinearize, and result mod-switch; eval_chain_ms is continuous step1-to-step6 wall time"
"MUL","90","17.645800","17.339000","17.071000","16.533500","15.717700","14.898800","PACKAGE22_mul_100_20260825_142742_621","Multiplication depth6","42","123763845237171037","1024","128","true","true","true","32","true","32","true","32","17.645800","17.339000","17.071000","16.533500","15.717700","14.898800","99.717600","99.205800","16.534300","{""m1"":[36180,20770,59613,33435,297,16585,35384,51215,49944,22696,5104,34588,61711,38710,49615,59359,28135,56492,35771,26167,5340,17813,56120,27087,42834,28931,42583,14955,51654,39313,32836,52522],""m2"":[62815,44293,35000,48975,26085,62265,26417,37879,53434,64382,15567,65389,22631,41983,47127,18945,15101,31625,35139,45872,38623,2749,31056,65155,59162,28197,22482,52759,62330,59464,15831,60706]}","[15378,45504,47822,33740,25544,57037,28539,24420,64973,43279,20434,32475,43905,55807,148,47564,8196,49111,16076,13392,2991,26666,9346,4646,35146,59710,4595,24294,9664,30247,43275,2902]","[15378,45504,47822,33740,25544,57037,28539,24420,64973,43279,20434,32475,43905,55807,148,47564,8196,49111,16076,13392,2991,26666,9346,4646,35146,59710,4595,24294,9664,30247,43275,2902]","[{""label"":""c1=Enc(m1)"",""active_slots"":32,""logical_bits_per_active_slot"":16,""payload_bits_per_block"":512,""ciphertext_size"":2,""chain_index"":6,""fingerprint64"":""3d286a4893f3a277""},{""label"":""c2=Enc(m2)"",""active_slots"":32,""logical_bits_per_active_slot"":16,""payload_bits_per_block"":512,""ciphertext_size"":2,""chain_index"":6,""fingerprint64"":""d9b6695b630b2474""}]","[36180,20770,59613,33435,297,16585,35384,51215,49944,22696,5104,34588,61711,38710,49615,59359,28135,56492,35771,26167,5340,17813,56120,27087,42834,28931,42583,14955,51654,39313,32836,52522]","[62815,44293,35000,48975,26085,62265,26417,37879,53434,64382,15567,65389,22631,41983,47127,18945,15101,31625,35139,45872,38623,2749,31056,65155,59162,28197,22482,52759,62330,59464,15831,60706]","true","ciphertext_artifacts/mul_iter090_c1.seal","1835121","100bd7a6457bd3a52368d618a947e7d38c232a8417e5dea8f8d01ebec52e5de1","1835121","100bd7a6457bd3a52368d618a947e7d38c232a8417e5dea8f8d01ebec52e5de1","true","true","ciphertext_artifacts/mul_iter090_c2.seal","1835121","fd842d87d6bd33f55e155f5584400c268263bbf3f105e2c98d8df6a9aa9c714e","1835121","fd842d87d6bd33f55e155f5584400c268263bbf3f105e2c98d8df6a9aa9c714e","true","true","true","11.634100","11.113000","22.747100","0.002800","1.172400","13.244500","3.226100","3.154200","0.801800","10.462000","2.921000","5.995600","0.667200","7.989200","2.419000","8.249800","0.530100","5.863000","1.890600","10.029100","0.397400","4.002800","1.288400","11.334500","0.271500","2.499400","0.793400","30126934763000","30126952408800","30126934765800","30126935938200","30126949182700","30126952484900","30126969823900","30126955639100","30126956440900","30126966902900","30126969897200","30126986968200","30126975892800","30126976560000","30126984549200","30126987036600","30127003570100","30126995286400","30126995816500","30127001679500","30127003640400","30127019358100","30127013669500","30127014066900","30127018069700","30127019421500","30127034320300","30127030756000","30127031027500","30127033526900","0.625000","160.751400","0","25","total plaintext payload 1024bit; m1/m2 encrypted as c1/c2; each measured step includes operand alignment, multiply, relinearize, and result mod-switch; eval_chain_ms is continuous step1-to-step6 wall time"
"MUL","91","17.869900","17.768400","21.207800","18.728200","16.216600","15.166700","PACKAGE22_mul_100_20260825_142742_621","Multiplication depth6","42","-6661037939038853304","1024","128","true","true","true","32","true","32","true","32","17.869900","17.768400","21.207800","18.728200","16.216600","15.166700","107.699300","106.957600","17.826267","{""m1"":[53422,14917,27497,64767,42889,21540,61415,17902,27544,30063,23978,9280,37667,26407,24768,35447,41372,35665,13317,28650,23505,1139,1816,41314,38527,48027,47272,38941,12196,7400,27970,11766],""m2"":[40739,37241,32112,10197,56265,10339,20391,17748,1892,53455,29155,58015,49753,37431,3934,1953,17658,3206,2121,59376,15125,20535,24007,36119,51153,21019,41604,32727,8930,11322,20999,21676]}","[13387,40286,30649,5023,46296,21290,986,32304,4541,56242,47361,35135,38512,31720,47807,32913,15975,17655,53498,42908,34310,37035,20643,27962,8526,22991,54180,50055,52284,41931,47217,17103]","[13387,40286,30649,5023,46296,21290,986,32304,4541,56242,47361,35135,38512,31720,47807,32913,15975,17655,53498,42908,34310,37035,20643,27962,8526,22991,54180,50055,52284,41931,47217,17103]","[{""label"":""c1=Enc(m1)"",""active_slots"":32,""logical_bits_per_active_slot"":16,""payload_bits_per_block"":512,""ciphertext_size"":2,""chain_index"":6,""fingerprint64"":""7cf1c400943801fa""},{""label"":""c2=Enc(m2)"",""active_slots"":32,""logical_bits_per_active_slot"":16,""payload_bits_per_block"":512,""ciphertext_size"":2,""chain_index"":6,""fingerprint64"":""0d2f49dd7bf60472""}]","[53422,14917,27497,64767,42889,21540,61415,17902,27544,30063,23978,9280,37667,26407,24768,35447,41372,35665,13317,28650,23505,1139,1816,41314,38527,48027,47272,38941,12196,7400,27970,11766]","[40739,37241,32112,10197,56265,10339,20391,17748,1892,53455,29155,58015,49753,37431,3934,1953,17658,3206,2121,59376,15125,20535,24007,36119,51153,21019,41604,32727,8930,11322,20999,21676]","true","ciphertext_artifacts/mul_iter091_c1.seal","1835121","c3a7b5d907be6b8c3d27ab659c0a759f411039d28046fbb1a7760502a77bb563","1835121","c3a7b5d907be6b8c3d27ab659c0a759f411039d28046fbb1a7760502a77bb563","true","true","ciphertext_artifacts/mul_iter091_c2.seal","1835121","8af7bc9dd114861a3ae1dd9a65eeced30048decc092ee942ef87983fa819e3da","1835121","8af7bc9dd114861a3ae1dd9a65eeced30048decc092ee942ef87983fa819e3da","true","true","true","12.732300","11.370500","24.102800","0.002500","1.203300","13.442900","3.221200","3.164000","0.794200","10.766800","3.043400","8.928700","1.023400","8.537900","2.717800","9.939600","0.554900","6.232400","2.001300","10.232300","0.414000","4.175600","1.394700","11.484000","0.280000","2.576200","0.826500","30127828233300","30127846103200","30127828235800","30127829439100","30127842882000","30127846174700","30127863943100","30127849338700","30127850132900","30127860899700","30127864020700","30127885228500","30127872949400","30127873972800","30127882510700","30127885525200","30127904253400","30127895464800","30127896019700","30127902252100","30127904319000","30127920535600","30127914551300","30127914965300","30127919140900","30127920603700","30127935770400","30127932087700","30127932367700","30127934943900","0.621400","171.965900","0","24","total plaintext payload 1024bit; m1/m2 encrypted as c1/c2; each measured step includes operand alignment, multiply, relinearize, and result mod-switch; eval_chain_ms is continuous step1-to-step6 wall time"
"MUL","92","17.684900","17.315400","16.953000","18.809700","19.548500","17.885800","PACKAGE22_mul_100_20260825_142742_621","Multiplication depth6","42","5032991458367302579","1024","128","true","true","true","32","true","32","true","32","17.684900","17.315400","16.953000","18.809700","19.548500","17.885800","109.038900","108.197300","18.032883","{""m1"":[22000,57970,55854,26571,53098,16457,221,55114,61286,38373,13102,1141,15340,55018,52520,60770,33298,28935,61141,2075,53443,63718,24414,23005,55748,65137,34742,35412,53319,50524,39682,28751],""m2"":[50661,20930,15513,63556,14408,38897,45498,10269,18742,54025,22262,46323,38196,47445,47344,64093,56184,3608,7252,34056,14701,15610,32879,16097,60437,27815,37759,45748,6951,63392,50517,7742]}","[16493,63755,48198,60416,52874,50127,9507,50197,10891,22862,3090,1230,37439,34073,18617,14669,40230,25054,22795,20687,29552,31564,24381,9933,20987,10810,64367,20651,57205,2166,22131,37988]","[16493,63755,48198,60416,52874,50127,9507,50197,10891,22862,3090,1230,37439,34073,18617,14669,40230,25054,22795,20687,29552,31564,24381,9933,20987,10810,64367,20651,57205,2166,22131,37988]","[{""label"":""c1=Enc(m1)"",""active_slots"":32,""logical_bits_per_active_slot"":16,""payload_bits_per_block"":512,""ciphertext_size"":2,""chain_index"":6,""fingerprint64"":""cfea3602979533f1""},{""label"":""c2=Enc(m2)"",""active_slots"":32,""logical_bits_per_active_slot"":16,""payload_bits_per_block"":512,""ciphertext_size"":2,""chain_index"":6,""fingerprint64"":""eb8a6a1447b45624""}]","[22000,57970,55854,26571,53098,16457,221,55114,61286,38373,13102,1141,15340,55018,52520,60770,33298,28935,61141,2075,53443,63718,24414,23005,55748,65137,34742,35412,53319,50524,39682,28751]","[50661,20930,15513,63556,14408,38897,45498,10269,18742,54025,22262,46323,38196,47445,47344,64093,56184,3608,7252,34056,14701,15610,32879,16097,60437,27815,37759,45748,6951,63392,50517,7742]","true","ciphertext_artifacts/mul_iter092_c1.seal","1835121","badc7d01ac3023174a7d2fd0e5ae1c65f879520ccd95a02e41cc5ee5bbbd2ef2","1835121","badc7d01ac3023174a7d2fd0e5ae1c65f879520ccd95a02e41cc5ee5bbbd2ef2","true","true","ciphertext_artifacts/mul_iter092_c2.seal","1835121","8dc4e0a159d373936030f69e30b5673b5f0d7b4c3f99f1ccfe95ee8c8f568bdc","1835121","8dc4e0a159d373936030f69e30b5673b5f0d7b4c3f99f1ccfe95ee8c8f568bdc","true","true","true","15.202300","12.308200","27.510500","0.002500","1.164100","13.326400","3.191900","3.168700","0.800500","10.488900","2.857300","5.926900","0.661600","7.960300","2.404200","8.276600","0.552100","7.572600","2.408400","12.786200","0.449100","4.808800","1.504400","13.913100","0.297900","2.825700","0.849100","30128743483700","30128761168600","30128743486200","30128744650300","30128757976700","30128761232400","30128778547800","30128764401100","30128765201600","30128775690500","30128778617200","30128795570200","30128784544100","30128785205700","30128793166000","30128795636700","30128814446400","30128803913300","30128804465400","30128812038000","30128814706200","30128834254700","30128827492400","30128827941500","30128832750300","30128834502500","30128852388300","30128848415600","30128848713500","30128851539200","0.616700","176.455000","0","25","total plaintext payload 1024bit; m1/m2 encrypted as c1/c2; each measured step includes operand alignment, multiply, relinearize, and result mod-switch; eval_chain_ms is continuous step1-to-step6 wall time"
"MUL","93","18.460300","17.607000","19.104000","20.806100","16.203000","15.233300","PACKAGE22_mul_100_20260825_142742_621","Multiplication depth6","42","-2013036627780866146","1024","128","true","true","true","32","true","32","true","32","18.460300","17.607000","19.104000","20.806100","16.203000","15.233300","108.617400","107.413700","17.902283","{""m1"":[44872,35651,3092,61308,16304,61473,27653,54187,24755,13524,60012,42642,4816,48475,18232,24695,1834,6802,41076,55932,18349,18653,28173,63306,32613,31201,23885,61473,57027,43233,24523,39393],""m2"":[28913,11827,59213,38927,47268,59358,40583,21352,9925,63759,15149,12525,36068,25580,28750,54997,10439,27621,56812,6849,2588,27886,208,19548,16361,24701,33701,41634,27889,12630,9071,42935]}","[41101,18466,9851,33347,42348,57222,37518,65062,18735,58157,36307,56241,7368,52286,16021,57104,48190,38742,55453,50284,31832,43033,8156,10748,42861,20988,26823,31342,15768,32708,11292,54188]","[41101,18466,9851,33347,42348,57222,37518,65062,18735,58157,36307,56241,7368,52286,16021,57104,48190,38742,55453,50284,31832,43033,8156,10748,42861,20988,26823,31342,15768,32708,11292,54188]","[{""label"":""c1=Enc(m1)"",""active_slots"":32,""logical_bits_per_active_slot"":16,""payload_bits_per_block"":512,""ciphertext_size"":2,""chain_index"":6,""fingerprint64"":""cb6c60fafcf4e211""},{""label"":""c2=Enc(m2)"",""active_slots"":32,""logical_bits_per_active_slot"":16,""payload_bits_per_block"":512,""ciphertext_size"":2,""chain_index"":6,""fingerprint64"":""076702ac8cb68a94""}]","[44872,35651,3092,61308,16304,61473,27653,54187,24755,13524,60012,42642,4816,48475,18232,24695,1834,6802,41076,55932,18349,18653,28173,63306,32613,31201,23885,61473,57027,43233,24523,39393]","[28913,11827,59213,38927,47268,59358,40583,21352,9925,63759,15149,12525,36068,25580,28750,54997,10439,27621,56812,6849,2588,27886,208,19548,16361,24701,33701,41634,27889,12630,9071,42935]","true","ciphertext_artifacts/mul_iter093_c1.seal","1835121","1b3db58da1032cac3fb03f9ab70088bf02c1fd4ec7a11d5caf30c5f6d980740a","1835121","1b3db58da1032cac3fb03f9ab70088bf02c1fd4ec7a11d5caf30c5f6d980740a","true","true","ciphertext_artifacts/mul_iter093_c2.seal","1835121","5d1df741151c7115dcb3a154c786dd6d3c21f49a18ac5b543ec1fa4d5e4b7131","1835121","5d1df741151c7115dcb3a154c786dd6d3c21f49a18ac5b543ec1fa4d5e4b7131","true","true","true","12.435200","14.851200","27.286400","0.003800","1.511000","13.539900","3.405600","3.268600","0.819100","10.533100","2.986200","5.979900","0.676400","8.199300","4.248400","11.267300","0.614800","6.652100","2.271900","10.313400","0.413500","4.155900","1.320200","11.559000","0.275100","2.567400","0.831800","30129691886500","30129710346800","30129691890300","30129693401300","30129706941200","30129710422600","30129728029600","30129713691200","30129714510300","30129725043400","30129728095400","30129747199400","30129734075300","30129734751700","30129742951000","30129747594100","30129768400200","30129758861400","30129759476200","30129766128300","30129768680300","30129784883300","30129778993700","30129779407200","30129783563100","30129784948000","30129800181300","30129796507000","30129796782100","30129799349500","0.615300","185.410200","0","25","total plaintext payload 1024bit; m1/m2 encrypted as c1/c2; each measured step includes operand alignment, multiply, relinearize, and result mod-switch; eval_chain_ms is continuous step1-to-step6 wall time"
"MUL","94","17.822000","17.452700","17.015500","20.849400","19.339300","16.492100","PACKAGE22_mul_100_20260825_142742_621","Multiplication depth6","42","-8761247687286459511","1024","128","true","true","true","32","true","32","true","32","17.822000","17.452700","17.015500","20.849400","19.339300","16.492100","109.865900","108.971000","18.161833","{""m1"":[2352,37488,65196,10281,61224,3874,10859,16741,53843,31086,29132,40663,47706,57994,12490,26145,10307,41466,25261,52399,50497,29392,60442,61630,48266,23311,37091,40172,24254,1338,9307,42147],""m2"":[11343,56042,7840,4804,49326,17459,29807,43465,11071,29526,23115,6164,2093,47248,22854,47071,47340,9501,22602,41508,19907,44687,1713,3170,13331,40152,34751,62478,27707,59884,26435,42317]}","[34404,42092,42765,23665,49580,28133,13428,8561,5592,35372,41427,48010,44969,18797,3256,48582,57092,59024,56087,39458,25583,27350,16897,19241,28469,8810,28147,37913,42748,48543,16720,7579]","[34404,42092,42765,23665,49580,28133,13428,8561,5592,35372,41427,48010,44969,18797,3256,48582,57092,59024,56087,39458,25583,27350,16897,19241,28469,8810,28147,37913,42748,48543,16720,7579]","[{""label"":""c1=Enc(m1)"",""active_slots"":32,""logical_bits_per_active_slot"":16,""payload_bits_per_block"":512,""ciphertext_size"":2,""chain_index"":6,""fingerprint64"":""9f2beb2663d81986""},{""label"":""c2=Enc(m2)"",""active_slots"":32,""logical_bits_per_active_slot"":16,""payload_bits_per_block"":512,""ciphertext_size"":2,""chain_index"":6,""fingerprint64"":""766e6a54da3134ea""}]","[2352,37488,65196,10281,61224,3874,10859,16741,53843,31086,29132,40663,47706,57994,12490,26145,10307,41466,25261,52399,50497,29392,60442,61630,48266,23311,37091,40172,24254,1338,9307,42147]","[11343,56042,7840,4804,49326,17459,29807,43465,11071,29526,23115,6164,2093,47248,22854,47071,47340,9501,22602,41508,19907,44687,1713,3170,13331,40152,34751,62478,27707,59884,26435,42317]","true","ciphertext_artifacts/mul_iter094_c1.seal","1835121","a2c856e7beea1254ac94ec85d19fa8cbf0f67f789e016eaed72dce1b711aa198","1835121","a2c856e7beea1254ac94ec85d19fa8cbf0f67f789e016eaed72dce1b711aa198","true","true","ciphertext_artifacts/mul_iter094_c2.seal","1835121","610eb73b1193e991e153b708626d4c9bd267075e452e23d94f032acd7441cb1c","1835121","610eb73b1193e991e153b708626d4c9bd267075e452e23d94f032acd7441cb1c","true","true","true","13.910000","12.139900","26.049900","0.002300","1.181300","13.398800","3.239600","3.201300","0.802200","10.544500","2.904700","5.892900","0.664600","8.017900","2.440100","8.512600","0.596700","8.918000","2.822100","12.504000","0.460700","4.895800","1.478800","12.780500","0.273400","2.615200","0.823000","30130606588500","30130624410500","30130606590800","30130607772100","30130621170900","30130624482800","30130641935500","30130627684100","30130628486300","30130639030800","30130641999700","30130659015200","30130647892600","30130648557200","30130656575100","30130659089100","30130679938500","30130667601700","30130668198400","30130677116400","30130680242400","30130699581700","30130692746400","30130693207100","30130698102900","30130699806000","30130716298100","30130712586500","30130712859900","30130715475100","0.626300","171.909500","0","25","total plaintext payload 1024bit; m1/m2 encrypted as c1/c2; each measured step includes operand alignment, multiply, relinearize, and result mod-switch; eval_chain_ms is continuous step1-to-step6 wall time"
"MUL","95","21.704600","19.964800","17.474200","17.160700","19.284500","16.315600","PACKAGE22_mul_100_20260825_142742_621","Multiplication depth6","42","2927711870602082292","1024","128","true","true","true","32","true","32","true","32","21.704600","19.964800","17.474200","17.160700","19.284500","16.315600","112.739700","111.904400","18.650733","{""m1"":[19736,31045,38072,18499,16125,16219,28558,28388,2275,16609,31200,60678,33905,56284,15992,21854,15935,2610,17028,46105,51190,5156,16580,34806,40637,51575,16262,12730,36700,40941,14350,35865],""m2"":[30115,5050,22248,5123,27120,51473,43596,38354,5045,23764,16870,43994,42077,1154,17794,44280,64786,42441,46449,28502,15523,62506,38648,11873,50898,44124,10833,20069,22056,58612,53863,33329]}","[37946,50223,59915,35710,21947,5304,21306,52376,33783,7468,5867,46628,28967,1442,19189,19088,26654,13455,51339,7849,8683,48771,2088,7322,23277,52190,32521,45732,12549,15627,30790,59262]","[37946,50223,59915,35710,21947,5304,21306,52376,33783,7468,5867,46628,28967,1442,19189,19088,26654,13455,51339,7849,8683,48771,2088,7322,23277,52190,32521,45732,12549,15627,30790,59262]","[{""label"":""c1=Enc(m1)"",""active_slots"":32,""logical_bits_per_active_slot"":16,""payload_bits_per_block"":512,""ciphertext_size"":2,""chain_index"":6,""fingerprint64"":""4cd7e86e2e9a6179""},{""label"":""c2=Enc(m2)"",""active_slots"":32,""logical_bits_per_active_slot"":16,""payload_bits_per_block"":512,""ciphertext_size"":2,""chain_index"":6,""fingerprint64"":""13e1589798ca096b""}]","[19736,31045,38072,18499,16125,16219,28558,28388,2275,16609,31200,60678,33905,56284,15992,21854,15935,2610,17028,46105,51190,5156,16580,34806,40637,51575,16262,12730,36700,40941,14350,35865]","[30115,5050,22248,5123,27120,51473,43596,38354,5045,23764,16870,43994,42077,1154,17794,44280,64786,42441,46449,28502,15523,62506,38648,11873,50898,44124,10833,20069,22056,58612,53863,33329]","true","ciphertext_artifacts/mul_iter095_c1.seal","1835121","011e01112da2f29e64f2b7efb1e303c1d76f9d4dff5c765f02183ac7ab56e8f6","1835121","011e01112da2f29e64f2b7efb1e303c1d76f9d4dff5c765f02183ac7ab56e8f6","true","true","ciphertext_artifacts/mul_iter095_c2.seal","1835121","2b635dfa2535fa11c602f49a04aed2c48137fdbf6747f80a38ee30eb536c2562","1835121","2b635dfa2535fa11c602f49a04aed2c48137fdbf6747f80a38ee30eb536c2562","true","true","true","11.798900","13.255600","25.054500","0.004600","1.541300","14.792700","5.366000","3.378800","0.837500","12.192200","3.556300","6.116100","0.689300","8.203900","2.464900","8.439700","0.549300","6.164300","2.007400","13.144900","0.419800","4.389800","1.330000","12.229100","0.294200","2.948800","0.843500","30131518355000","30131540059600","30131518359600","30131519900900","30131534693600","30131540135400","30131560100200","30131543514200","30131544351700","30131556543900","30131560296200","30131577770400","30131566412300","30131567101600","30131575305500","30131577833100","30131594993800","30131586272800","30131586822100","30131592986400","30131595060900","30131614345400","30131608205800","30131608625600","30131613015400","30131614421500","30131630737100","30131626650600","30131626944800","30131629893600","0.760100","189.966600","0","25","total plaintext payload 1024bit; m1/m2 encrypted as c1/c2; each measured step includes operand alignment, multiply, relinearize, and result mod-switch; eval_chain_ms is continuous step1-to-step6 wall time"
"MUL","96","17.652400","17.407300","22.154000","18.738800","17.473400","15.187000","PACKAGE22_mul_100_20260825_142742_621","Multiplication depth6","42","-3820499206084953121","1024","128","true","true","true","32","true","32","true","32","17.652400","17.407300","22.154000","18.738800","17.473400","15.187000","109.363500","108.612900","18.102150","{""m1"":[24345,38099,8811,39445,48271,18819,31633,30773,11654,61847,18580,2362,47257,35354,31989,29362,13207,14001,30276,53286,62962,58455,15339,29938,44314,17219,2615,22182,24701,58767,30767,35903],""m2"":[28809,4998,19683,40846,62100,18748,29814,2386,47444,1384,54302,17824,61452,23677,27989,17832,16400,20188,50582,21284,4488,2030,12716,47127,63151,22576,55086,21927,27162,3579,4132,48596]}","[19282,3687,45699,57160,26867,4336,57319,60388,20251,5654,57577,14943,40753,43765,53357,39895,3986,62621,64252,60197,46361,3095,5164,48198,39612,27872,48520,14194,46881,5011,4994,1745]","[19282,3687,45699,57160,26867,4336,57319,60388,20251,5654,57577,14943,40753,43765,53357,39895,3986,62621,64252,60197,46361,3095,5164,48198,39612,27872,48520,14194,46881,5011,4994,1745]","[{""label"":""c1=Enc(m1)"",""active_slots"":32,""logical_bits_per_active_slot"":16,""payload_bits_per_block"":512,""ciphertext_size"":2,""chain_index"":6,""fingerprint64"":""cce6db6c7a4a6f2a""},{""label"":""c2=Enc(m2)"",""active_slots"":32,""logical_bits_per_active_slot"":16,""payload_bits_per_block"":512,""ciphertext_size"":2,""chain_index"":6,""fingerprint64"":""213d3893255f3a48""}]","[24345,38099,8811,39445,48271,18819,31633,30773,11654,61847,18580,2362,47257,35354,31989,29362,13207,14001,30276,53286,62962,58455,15339,29938,44314,17219,2615,22182,24701,58767,30767,35903]","[28809,4998,19683,40846,62100,18748,29814,2386,47444,1384,54302,17824,61452,23677,27989,17832,16400,20188,50582,21284,4488,2030,12716,47127,63151,22576,55086,21927,27162,3579,4132,48596]","true","ciphertext_artifacts/mul_iter096_c1.seal","1835121","0db05bf1a823ead4eaf143d702844a8e400cc6e8927fbc074753cab864f0f69a","1835121","0db05bf1a823ead4eaf143d702844a8e400cc6e8927fbc074753cab864f0f69a","true","true","ciphertext_artifacts/mul_iter096_c2.seal","1835121","4ef3e2f2acb72e932f5f64e43b765f8c32bb06316f2853f315a5f7c91a5249ee","1835121","4ef3e2f2acb72e932f5f64e43b765f8c32bb06316f2853f315a5f7c91a5249ee","true","true","true","11.547100","11.024200","22.571300","0.002400","1.191100","13.202800","3.256100","3.159000","0.797700","10.401300","3.049300","6.263700","0.749500","12.353300","2.787500","8.688400","0.585900","7.062000","2.402500","11.568100","0.416800","4.147800","1.340700","11.526100","0.274800","2.558100","0.828000","30132409148200","30132426800600","30132409150600","30132410341700","30132423544500","30132426874800","30132444282100","30132430033800","30132430831500","30132441232800","30132444351700","30132466505700","30132450615400","30132451364900","30132463718200","30132466643200","30132485382000","30132475331600","30132475917500","30132482979500","30132485619500","30132503092900","30132497187600","30132497604400","30132501752200","30132503162000","30132518349000","30132514688100","30132514962900","30132517521000","0.637900","168.405900","0","25","total plaintext payload 1024bit; m1/m2 encrypted as c1/c2; each measured step includes operand alignment, multiply, relinearize, and result mod-switch; eval_chain_ms is continuous step1-to-step6 wall time"
"MUL","97","17.731600","20.866900","20.810600","17.005300","17.676600","18.457100","PACKAGE22_mul_100_20260825_142742_621","Multiplication depth6","42","7868464681096282058","1024","128","true","true","true","32","true","32","true","32","17.731600","20.866900","20.810600","17.005300","17.676600","18.457100","113.788100","112.548100","18.758017","{""m1"":[35041,47090,9806,58089,26142,45030,5591,51770,1225,13848,19270,55980,33036,26492,43265,55705,19568,22579,61142,7063,55785,29634,57583,48759,15149,37613,4391,63036,59499,40246,56100,25574],""m2"":[18087,57057,58592,37332,62671,62075,2031,57914,4526,13622,29334,36243,26,6920,50076,25377,25234,60869,59942,30772,31456,52738,51984,27762,8751,61907,6281,52461,60447,52606,16226,59419]}","[42925,16205,3006,49289,33038,58650,50354,56079,18199,10879,14435,45224,20319,45643,48913,11678,35090,64638,34063,34507,4219,2448,15012,62114,42804,15139,52755,43971,62561,43978,30857,9011]","[42925,16205,3006,49289,33038,58650,50354,56079,18199,10879,14435,45224,20319,45643,48913,11678,35090,64638,34063,34507,4219,2448,15012,62114,42804,15139,52755,43971,62561,43978,30857,9011]","[{""label"":""c1=Enc(m1)"",""active_slots"":32,""logical_bits_per_active_slot"":16,""payload_bits_per_block"":512,""ciphertext_size"":2,""chain_index"":6,""fingerprint64"":""dd529f57e8823b08""},{""label"":""c2=Enc(m2)"",""active_slots"":32,""logical_bits_per_active_slot"":16,""payload_bits_per_block"":512,""ciphertext_size"":2,""chain_index"":6,""fingerprint64"":""83d86359b9d69ed9""}]","[35041,47090,9806,58089,26142,45030,5591,51770,1225,13848,19270,55980,33036,26492,43265,55705,19568,22579,61142,7063,55785,29634,57583,48759,15149,37613,4391,63036,59499,40246,56100,25574]","[18087,57057,58592,37332,62671,62075,2031,57914,4526,13622,29334,36243,26,6920,50076,25377,25234,60869,59942,30772,31456,52738,51984,27762,8751,61907,6281,52461,60447,52606,16226,59419]","true","ciphertext_artifacts/mul_iter097_c1.seal","1835121","02ea4da9423e8d60b2032832dad4db9f3a5fcdc69545dd31c967be778846af93","1835121","02ea4da9423e8d60b2032832dad4db9f3a5fcdc69545dd31c967be778846af93","true","true","ciphertext_artifacts/mul_iter097_c2.seal","1835121","01478cd4da6e96361c1642518a5297749d787cbe13b778d2dda881435ff094d0","1835121","01478cd4da6e96361c1642518a5297749d787cbe13b778d2dda881435ff094d0","true","true","true","11.622000","11.272000","22.894000","0.002200","1.195700","13.306900","3.226800","3.239500","0.813300","12.301500","4.512600","8.240700","0.713800","9.099900","2.756200","8.428700","0.546100","6.003900","2.026600","10.543900","0.540100","5.102700","1.489900","14.669800","0.300800","2.651700","0.834800","30133299108500","30133316840100","30133299110700","30133300306400","30133313613300","30133316907300","30133337774200","30133320146800","30133320960100","30133333261600","30133338279400","30133359090000","30133346520100","30133347233900","30133356333800","30133359289400","30133376294700","30133367718100","30133368264200","30133374268100","30133376364000","30133394040600","30133386907900","30133387448000","30133392550700","30133394291200","30133412748300","30133408961000","30133409261800","30133411913500","0.730300","173.762400","0","25","total plaintext payload 1024bit; m1/m2 encrypted as c1/c2; each measured step includes operand alignment, multiply, relinearize, and result mod-switch; eval_chain_ms is continuous step1-to-step6 wall time"
"MUL","98","17.679000","17.366200","20.212200","18.899200","16.108700","15.867400","PACKAGE22_mul_100_20260825_142742_621","Multiplication depth6","42","1084207232394591285","1024","128","true","true","true","32","true","32","true","32","17.679000","17.366200","20.212200","18.899200","16.108700","15.867400","106.664800","106.132700","17.688783","{""m1"":[60227,41163,17782,33469,12617,24264,4347,23292,65393,27891,4523,60397,38534,22677,28554,4513,10716,35750,17417,62027,24910,23504,38142,33164,35107,59487,26805,16939,54191,30274,3565,28316],""m2"":[63021,64232,55433,60432,42797,51961,33548,26976,57713,42620,721,60207,53367,22265,43103,51888,7258,4210,23778,15931,57519,45057,60268,23892,32653,17100,28468,61942,16379,30851,21542,10907]}","[31780,10640,12889,16419,16500,53782,63618,28650,63675,20119,8817,1409,62495,31143,46067,36276,21021,28698,44104,56952,11705,34572,51688,47535,47606,6902,16408,8345,56249,63520,46177,42494]","[31780,10640,12889,16419,16500,53782,63618,28650,63675,20119,8817,1409,62495,31143,46067,36276,21021,28698,44104,56952,11705,34572,51688,47535,47606,6902,16408,8345,56249,63520,46177,42494]","[{""label"":""c1=Enc(m1)"",""active_slots"":32,""logical_bits_per_active_slot"":16,""payload_bits_per_block"":512,""ciphertext_size"":2,""chain_index"":6,""fingerprint64"":""947e010b84379e7a""},{""label"":""c2=Enc(m2)"",""active_slots"":32,""logical_bits_per_active_slot"":16,""payload_bits_per_block"":512,""ciphertext_size"":2,""chain_index"":6,""fingerprint64"":""4e67a18102ae1c9c""}]","[60227,41163,17782,33469,12617,24264,4347,23292,65393,27891,4523,60397,38534,22677,28554,4513,10716,35750,17417,62027,24910,23504,38142,33164,35107,59487,26805,16939,54191,30274,3565,28316]","[63021,64232,55433,60432,42797,51961,33548,26976,57713,42620,721,60207,53367,22265,43103,51888,7258,4210,23778,15931,57519,45057,60268,23892,32653,17100,28468,61942,16379,30851,21542,10907]","true","ciphertext_artifacts/mul_iter098_c1.seal","1835121","bd238d95acd30ad04c8de89534fb5e97b4a65e60726ecfd1948e342bf7b4c364","1835121","bd238d95acd30ad04c8de89534fb5e97b4a65e60726ecfd1948e342bf7b4c364","true","true","ciphertext_artifacts/mul_iter098_c2.seal","1835121","899215abc9cc249a1f72de74ea424a46734a415d6a63e928c239caf26d11b36d","1835121","899215abc9cc249a1f72de74ea424a46734a415d6a63e928c239caf26d11b36d","true","true","true","11.470100","11.211100","22.681200","0.002700","1.180700","13.296800","3.198800","3.176300","0.802100","10.424000","2.963800","6.214900","0.682300","10.051500","3.263500","9.320900","0.634300","6.620600","2.323400","10.190300","0.414400","4.176200","1.327800","12.129000","0.277700","2.631300","0.829400","30134203685100","30134221364100","30134203687800","30134204868500","30134218165300","30134221429300","30134238795500","30134224605600","30134225407700","30134235831700","30134238873200","30134259085400","30134245088100","30134245770400","30134255821900","30134259188900","30134278088100","30134268509800","30134269144100","30134275764700","30134278164500","30134294273200","30134288354800","30134288769200","30134292945400","30134294337900","30134310205300","30134306466900","30134306744600","30134309375900","0.632700","167.809700","0","25","total plaintext payload 1024bit; m1/m2 encrypted as c1/c2; each measured step includes operand alignment, multiply, relinearize, and result mod-switch; eval_chain_ms is continuous step1-to-step6 wall time"
"MUL","99","18.424000","17.842300","17.208500","16.433400","15.653500","15.128400","PACKAGE22_mul_100_20260825_142742_621","Multiplication depth6","42","-5673573435154399200","1024","128","true","true","true","32","true","32","true","32","18.424000","17.842300","17.208500","16.433400","15.653500","15.128400","101.177100","100.690100","16.781683","{""m1"":[30649,21510,56609,9431,9297,17031,9692,33272,58025,52547,43186,36563,44947,9821,10790,9874,56854,58750,48476,47488,35374,28154,2128,44602,42390,3713,56621,65456,52375,7319,62124,16019],""m2"":[56473,12276,59036,48518,42464,6398,9674,53922,44861,42835,31516,22272,46651,303,1722,28545,37006,29154,50681,43700,14151,50289,8492,46968,4836,34092,60193,53999,11065,42142,22342,62609]}","[23496,31915,58641,32312,31504,32916,58413,46872,61279,58659,9324,35580,31907,52361,29158,2090,22801,29179,53473,22865,25516,10279,10669,45143,38076,27405,2651,40438,9648,11834,40374,39162]","[23496,31915,58641,32312,31504,32916,58413,46872,61279,58659,9324,35580,31907,52361,29158,2090,22801,29179,53473,22865,25516,10279,10669,45143,38076,27405,2651,40438,9648,11834,40374,39162]","[{""label"":""c1=Enc(m1)"",""active_slots"":32,""logical_bits_per_active_slot"":16,""payload_bits_per_block"":512,""ciphertext_size"":2,""chain_index"":6,""fingerprint64"":""fef88098e9d361ef""},{""label"":""c2=Enc(m2)"",""active_slots"":32,""logical_bits_per_active_slot"":16,""payload_bits_per_block"":512,""ciphertext_size"":2,""chain_index"":6,""fingerprint64"":""c64080e6d1e45aef""}]","[30649,21510,56609,9431,9297,17031,9692,33272,58025,52547,43186,36563,44947,9821,10790,9874,56854,58750,48476,47488,35374,28154,2128,44602,42390,3713,56621,65456,52375,7319,62124,16019]","[56473,12276,59036,48518,42464,6398,9674,53922,44861,42835,31516,22272,46651,303,1722,28545,37006,29154,50681,43700,14151,50289,8492,46968,4836,34092,60193,53999,11065,42142,22342,62609]","true","ciphertext_artifacts/mul_iter099_c1.seal","1835121","f2f8acd68a9e7f72ad8bbe3b0b00b6b98b517813d9830571a400098982a79015","1835121","f2f8acd68a9e7f72ad8bbe3b0b00b6b98b517813d9830571a400098982a79015","true","true","ciphertext_artifacts/mul_iter099_c2.seal","1835121","10f2962031831925dfe393e2f78fea64d2cee6a8982b6c0aeda9cef94260db5a","1835121","10f2962031831925dfe393e2f78fea64d2cee6a8982b6c0aeda9cef94260db5a","true","true","true","11.630000","11.390700","23.020700","0.002200","1.235300","13.868500","3.318000","3.293100","0.818900","10.756200","2.974100","6.076300","0.677700","8.042300","2.412200","8.163600","0.566800","5.791100","1.911900","9.951000","0.397800","4.024500","1.280200","11.454000","0.280400","2.572500","0.821500","30135081672500","30135100096500","30135081674700","30135082910000","30135096778500","30135100161900","30135118004200","30135103455000","30135104273900","30135115030100","30135118068100","30135135276600","30135124144400","30135124822100","30135132864400","30135135345600","30135151779000","30135143509200","30135144076000","30135149867100","30135151850200","30135167503700","30135161801200","30135162199000","30135166223500","30135167570300","30135182698700","30135179024300","30135179304700","30135181877200","0.646800","167.406200","0","25","total plaintext payload 1024bit; m1/m2 encrypted as c1/c2; each measured step includes operand alignment, multiply, relinearize, and result mod-switch; eval_chain_ms is continuous step1-to-step6 wall time"
"MUL","100","17.771100","17.324800","17.064900","16.343600","16.216500","19.653200","PACKAGE22_mul_100_20260825_142742_621","Multiplication depth6","42","6024960661364278283","1024","128","true","true","true","32","true","32","true","32","17.771100","17.324800","17.064900","16.343600","16.216500","19.653200","104.877100","104.374100","17.395683","{""m1"":[33791,51035,32268,64290,710,4135,46085,26174,24521,49344,3389,46617,51935,15883,18205,37255,53219,5634,44978,57865,12405,16616,5259,20439,10212,32829,20922,29912,18595,27242,51787,58287],""m2"":[14581,3960,41446,57690,9024,21344,32664,52312,971,3951,62485,20422,30488,26156,57933,17177,8453,23777,62587,46562,15527,22965,42065,11521,56858,30477,39938,27119,49793,39798,22958,22988]}","[49416,696,42858,55578,18082,2818,37781,58909,51047,46037,14667,60750,51457,13708,25772,44576,10744,65505,26633,29704,4524,25085,20287,47068,5090,18668,10690,51917,62279,20434,26045,22082]","[49416,696,42858,55578,18082,2818,37781,58909,51047,46037,14667,60750,51457,13708,25772,44576,10744,65505,26633,29704,4524,25085,20287,47068,5090,18668,10690,51917,62279,20434,26045,22082]","[{""label"":""c1=Enc(m1)"",""active_slots"":32,""logical_bits_per_active_slot"":16,""payload_bits_per_block"":512,""ciphertext_size"":2,""chain_index"":6,""fingerprint64"":""c21603a505626dfd""},{""label"":""c2=Enc(m2)"",""active_slots"":32,""logical_bits_per_active_slot"":16,""payload_bits_per_block"":512,""ciphertext_size"":2,""chain_index"":6,""fingerprint64"":""8d19ae91acc1412c""}]","[33791,51035,32268,64290,710,4135,46085,26174,24521,49344,3389,46617,51935,15883,18205,37255,53219,5634,44978,57865,12405,16616,5259,20439,10212,32829,20922,29912,18595,27242,51787,58287]","[14581,3960,41446,57690,9024,21344,32664,52312,971,3951,62485,20422,30488,26156,57933,17177,8453,23777,62587,46562,15527,22965,42065,11521,56858,30477,39938,27119,49793,39798,22958,22988]","true","ciphertext_artifacts/mul_iter100_c1.seal","1835121","59e82862d037eab2c859da5142feff0a3d1a143faa654951ec473df539993e11","1835121","59e82862d037eab2c859da5142feff0a3d1a143faa654951ec473df539993e11","true","true","ciphertext_artifacts/mul_iter100_c2.seal","1835121","2f50b95eba23b08876b63302bf86d01452c2a4c46f5b61d3964d807a7d902f9a","1835121","2f50b95eba23b08876b63302bf86d01452c2a4c46f5b61d3964d807a7d902f9a","true","true","true","11.524300","11.119900","22.644200","0.002900","1.194600","13.321200","3.252400","3.166400","0.795700","10.441500","2.921200","5.838300","0.662500","8.158600","2.405500","8.115900","0.534500","5.815700","1.877500","9.911800","0.398200","4.135600","1.770900","15.508400","0.309500","2.943500","0.891800","30135959410500","30135977181600","30135959413400","30135960608000","30135973929200","30135977250300","30135994575100","30135980416700","30135981212400","30135991653900","30135994644900","30136011709800","30136000483200","30136001145700","30136009304300","30136011782900","30136028126500","30136019898800","30136020433300","30136026249000","30136028197300","30136044413800","30136038109100","30136038507300","30136042642900","30136044482800","30136064136000","30136059991200","30136060300700","30136063244200","0.800500","163.311700","0","25","total plaintext payload 1024bit; m1/m2 encrypted as c1/c2; each measured step includes operand alignment, multiply, relinearize, and result mod-switch; eval_chain_ms is continuous step1-to-step6 wall time"
